[2026-01-08T03:20:54.036Z] [INFO] Loaded REST resources: 74 resources
[2026-01-08T03:20:54.042Z] [INFO] ========================================
[2026-01-08T03:20:54.043Z] [INFO] STEP 4: CLEANUP - REMOVING 0-IMAGE PRODUCTS
[2026-01-08T03:20:54.043Z] [INFO] ========================================

[2026-01-08T03:20:54.044Z] [INFO] 
🚀 TRENDYOL SCRAPER + SHOPIFY SYNC - STARTING

[2026-01-08T03:20:54.044Z] [INFO] Started at: 2026-01-08T03:20:54.044Z
[2026-01-08T03:20:54.044Z] [INFO] Command Args: ["C:\\Program Files\\nodejs\\node.exe","C:\\Users\\Bhavin Kapadiya\\OneDrive\\Documents\\GitHub\\trendyol-scraper\\index.js","--sync-only"]
[2026-01-08T03:20:54.045Z] [INFO] 💰 Price Multiplier: 3x (set in .env file)

[2026-01-08T03:20:54.045Z] [INFO] 🔄 MANUAL SYNC MODE DETECTED
[2026-01-08T03:20:54.046Z] [INFO]    Loading from RAW file (products.json)...
[2026-01-08T03:20:54.049Z] [INFO]    Loaded 90 products to sync.
[2026-01-08T03:20:54.049Z] [INFO] ========================================
[2026-01-08T03:20:54.050Z] [INFO] STEP 2: CREATING SHOPIFY COLLECTIONS
[2026-01-08T03:20:54.050Z] [INFO] ========================================

[2026-01-08T03:20:54.801Z] [INFO] ⏭️  Bluz - Already exists
[2026-01-08T03:20:55.270Z] [INFO] ⏭️  Kazak - Already exists
[2026-01-08T03:20:55.749Z] [INFO] ⏭️  Hırka - Already exists
[2026-01-08T03:20:56.179Z] [INFO] ⏭️  Jeans - Already exists
[2026-01-08T03:20:56.693Z] [INFO] ⏭️  Elbise - Already exists
[2026-01-08T03:20:57.187Z] [INFO] ⏭️  Pijama Takımı - Already exists
[2026-01-08T03:20:57.669Z] [INFO] ⏭️  Pantolon - Already exists
[2026-01-08T03:20:58.104Z] [INFO] ⏭️  Sweatshirt - Already exists
[2026-01-08T03:20:58.105Z] [INFO] 
[2026-01-08T03:20:58.107Z] [INFO] ========================================
[2026-01-08T03:20:58.107Z] [INFO] STEP 3: SYNCING PRODUCTS TO SHOPIFY (SPLIT STRATEGY)
[2026-01-08T03:20:58.107Z] [INFO] ========================================

[2026-01-08T03:20:58.108Z] [INFO] Fetching ALL existing Shopify products to check for duplicates...
[2026-01-08T03:21:02.247Z] [INFO] ✅ Found 113 total existing products

[2026-01-08T03:21:02.249Z] [INFO] 📋 Grouped 90 scraped items into 23 unique Model Groups for linking.
[2026-01-08T03:21:08.934Z] [INFO] [1/90] UPDATING Product: kahverengi-kolsuz-kusakli-dokuma-bluz-twoaw26bz00057-kahverengi
[2026-01-08T03:21:34.379Z] [INFO] [2/90] UPDATING Product: siyah-fitted-vucuda-oturan-asimetrik-yaka-detayli-yumusak-kumasli-esnek-orme-bluz-twoaw26bz00088-siyah
[2026-01-08T03:21:54.326Z] [INFO] [3/90] UPDATING Product: ekru-dantelli-baglamali-v-yaka-dokuma-bluz-twoaw26bz00053-ekru
[2026-01-08T03:22:12.803Z] [INFO] [4/90] CREATING Product: tas-pamuklu-esnek-kayik-yaka-fitted-vucuda-oturan-esnek-orme-bluz-twoaw24bz00166-tas
[2026-01-08T03:22:31.113Z] [INFO] [5/90] UPDATING Product: kahverengi-modalli-more-sustainable-kayik-yaka-relaxed-rahat-kesim-orme-bluz-twoaw25bz00282-kahverengi
[2026-01-08T03:22:46.521Z] [INFO] [6/90] CREATING Product: yag-yesili-buzgu-drape-detayli-dokumlu-asimetrik-yaka-orme-bluz-twoaw26bz00138-yag-yesil
[2026-01-08T03:23:01.197Z] [INFO] [7/90] CREATING Product: koyu-kahverengi-buzgu-drape-detayli-dokumlu-asimetrik-yaka-orme-bluz-twoaw26bz00138-koyu-kahverengi
[2026-01-08T03:23:16.281Z] [INFO] [8/90] UPDATING Product: ekru-viskon-yumusak-kumasli-fitted-buzgu-drape-detayli-kayik-yaka-esnek-orme-bluz-twoaw25bz00225-ekru
[2026-01-08T03:23:35.320Z] [INFO] [9/90] UPDATING Product: siyah-ottoman-dik-yaka-dugmeli-uzun-kol-vucuda-oturan-orme-bluz-twoaw26bz00191-siyah
[2026-01-08T03:23:54.162Z] [INFO] [10/90] CREATING Product: siyah-duz-premium-yumusak-kumasli-fitted-vucuda-oturan-kayik-yaka-orme-bluz-twoaw24bz00227-siyah-1001
[2026-01-08T03:24:14.162Z] [INFO] [11/90] CREATING Product: cok-renkli-cizgili-acik-omuzlu-sal-aksesuar-detayli-regular-normal-kalip-orme-bluz-twoaw26bz00308--ok
[2026-01-08T03:24:31.743Z] [INFO] [12/90] UPDATING Product: siyah-tek-yirtmac-detayli-pamuklu-buzgulu-bisiklet-yaka-orme-bluz-twoaw24bz00388-siyah
[2026-01-08T03:24:48.709Z] [ERROR] [12/90] FAILED Product 746266445: JSON value expected but got '<' at position 0
[2026-01-08T03:24:53.215Z] [INFO] [13/90] UPDATING Product: siyah-transparan-dik-yaka-esnek-normal-boy-orme-bluz-twoaw26bz00266-siyah
[2026-01-08T03:25:08.136Z] [INFO] [14/90] UPDATING Product: siyah-viskon-yumusak-kumasli-asimetrik-esnek-orme-bluz-twoaw25bz00233-siyah
[2026-01-08T03:25:28.876Z] [INFO] [15/90] UPDATING Product: kahverengi-buzgulu-kare-yaka-vucuda-oturan-esnek-orme-bluz-twoss24bz00487-kahverengi
[2026-01-08T03:25:50.313Z] [INFO] [16/90] CREATING Product: teen-lacivert-ekose-kareli-fitted-vucuda-oturan-dokuma-detayli-orme-bluz-twoaw26bz00008-lacivert
[2026-01-08T03:26:05.991Z] [INFO] [17/90] UPDATING Product: antrasit-regular-normal-kalip-yarim-patli-selanik-kalin-orme-bluz-twoaw26bz00252-antrasit
[2026-01-08T03:26:17.403Z] [INFO] [18/90] UPDATING Product: siyah-aksesuar-detayli-dusuk-omuz-yilbasi-dokuma-bluz-twoaw26bz00280-siyah
[2026-01-08T03:26:29.995Z] [INFO] [19/90] UPDATING Product: siyah-dantel-detayli-kare-yaka-orme-party-yilbasi-bluz-tpraw26bz00045-siyah
[2026-01-08T03:26:43.116Z] [INFO] [20/90] CREATING Product: koyu-kahverengi-firfir-detayli-dokuma-bluz-twoaw26bz00290-koyu-kahverengi
[2026-01-08T03:27:01.945Z] [INFO] [21/90] UPDATING Product: antrasit-dik-yaka-buzgu-drape-detayli-regular-normal-kalip-orme-bluz-twoaw25bz00221-antrasit
[2026-01-08T03:27:25.773Z] [INFO] [22/90] CREATING Product: tas-dugmeli-bisiklet-yaka-vucuda-oturan-fitilli-esnek-orme-bluz-twoaw26bz00104-tas
[2026-01-08T03:27:42.662Z] [INFO] [23/90] UPDATING Product: siyah-citcitli-fitted-vucuda-oturan-fitilli-esnek-orme-bluz-twoaw25bz00080-siyah
[2026-01-08T03:28:08.712Z] [INFO] [24/90] CREATING Product: ozel-koleksiyon-siyah-degaje-yaka-asimetrik-kesim-saten-party-yilbasi-bluz-tpraw26bz00044--zel
[2026-01-08T03:28:30.275Z] [INFO] [25/90] UPDATING Product: kahverengi-kolsuz-kusakli-dokuma-bluz-twoaw26bz00057-siyah
[2026-01-08T03:28:44.416Z] [INFO] [26/90] UPDATING Product: kahverengi-kolsuz-kusakli-dokuma-bluz-twoaw26bz00057-beyaz
[2026-01-08T03:28:58.083Z] [INFO] [27/90] UPDATING Product: siyah-fitted-vucuda-oturan-asimetrik-yaka-detayli-yumusak-kumasli-esnek-orme-bluz-twoaw26bz00088-bordo
[2026-01-08T03:29:14.366Z] [INFO] [28/90] UPDATING Product: siyah-fitted-vucuda-oturan-asimetrik-yaka-detayli-yumusak-kumasli-esnek-orme-bluz-twoaw26bz00088-kahverengi
[2026-01-08T03:29:30.148Z] [INFO] [29/90] CREATING Product: siyah-fitted-vucuda-oturan-asimetrik-yaka-detayli-yumusak-kumasli-esnek-orme-bluz-twoaw26bz00088-tas
[2026-01-08T03:29:44.948Z] [INFO] [30/90] CREATING Product: siyah-fitted-vucuda-oturan-asimetrik-yaka-detayli-yumusak-kumasli-esnek-orme-bluz-twoaw26bz00088-yag-yesil
[2026-01-08T03:29:59.404Z] [INFO] [31/90] UPDATING Product: ekru-dantelli-baglamali-v-yaka-dokuma-bluz-twoaw26bz00053-siyah
[2026-01-08T03:30:22.937Z] [INFO] [32/90] UPDATING Product: tas-pamuklu-esnek-kayik-yaka-fitted-vucuda-oturan-esnek-orme-bluz-twoaw24bz00166-bordo
[2026-01-08T03:30:39.751Z] [INFO] [33/90] UPDATING Product: tas-pamuklu-esnek-kayik-yaka-fitted-vucuda-oturan-esnek-orme-bluz-twoaw24bz00166-kahverengi
[2026-01-08T03:30:57.666Z] [INFO] [34/90] UPDATING Product: tas-pamuklu-esnek-kayik-yaka-fitted-vucuda-oturan-esnek-orme-bluz-twoaw24bz00166-siyah
[2026-01-08T03:31:21.297Z] [INFO] [35/90] CREATING Product: tas-pamuklu-esnek-kayik-yaka-fitted-vucuda-oturan-esnek-orme-bluz-twoaw24bz00166-kirmizi-c
[2026-01-08T03:31:43.002Z] [INFO] [36/90] CREATING Product: tas-pamuklu-esnek-kayik-yaka-fitted-vucuda-oturan-esnek-orme-bluz-twoaw24bz00166-zumrut-yesili
[2026-01-08T03:32:04.834Z] [INFO] [37/90] UPDATING Product: tas-pamuklu-esnek-kayik-yaka-fitted-vucuda-oturan-esnek-orme-bluz-twoaw24bz00166-saks
[2026-01-08T03:32:28.407Z] [INFO] [38/90] CREATING Product: kahverengi-modalli-more-sustainable-kayik-yaka-relaxed-rahat-kesim-orme-bluz-twoaw25bz00282-indigo
[2026-01-08T03:32:52.071Z] [INFO] [39/90] UPDATING Product: kahverengi-modalli-more-sustainable-kayik-yaka-relaxed-rahat-kesim-orme-bluz-twoaw25bz00282-antrasit
[2026-01-08T03:33:13.362Z] [INFO] [40/90] CREATING Product: kahverengi-modalli-more-sustainable-kayik-yaka-relaxed-rahat-kesim-orme-bluz-twoaw25bz00282-murdum
[2026-01-08T03:33:30.055Z] [INFO] [41/90] CREATING Product: kahverengi-modalli-more-sustainable-kayik-yaka-relaxed-rahat-kesim-orme-bluz-twoaw25bz00282-yesil
[2026-01-08T03:33:42.829Z] [INFO] [42/90] UPDATING Product: yag-yesili-buzgu-drape-detayli-dokumlu-asimetrik-yaka-orme-bluz-twoaw26bz00138-siyah
[2026-01-08T03:33:55.436Z] [INFO] [43/90] CREATING Product: yag-yesili-buzgu-drape-detayli-dokumlu-asimetrik-yaka-orme-bluz-twoaw26bz00138-kirmizi-c
[2026-01-08T03:34:10.305Z] [INFO] [44/90] UPDATING Product: ekru-viskon-yumusak-kumasli-fitted-buzgu-drape-detayli-kayik-yaka-esnek-orme-bluz-twoaw25bz00225-antrasit
[2026-01-08T03:34:31.274Z] [INFO] [45/90] UPDATING Product: ekru-viskon-yumusak-kumasli-fitted-buzgu-drape-detayli-kayik-yaka-esnek-orme-bluz-twoaw25bz00225-siyah
[2026-01-08T03:34:50.631Z] [INFO] [46/90] CREATING Product: ekru-viskon-yumusak-kumasli-fitted-buzgu-drape-detayli-kayik-yaka-esnek-orme-bluz-twoaw25bz00225-kirmizi-c
[2026-01-08T03:35:10.593Z] [INFO] [47/90] CREATING Product: ekru-viskon-yumusak-kumasli-fitted-buzgu-drape-detayli-kayik-yaka-esnek-orme-bluz-twoaw25bz00225-yag-yesil
[2026-01-08T03:35:30.258Z] [INFO] [48/90] UPDATING Product: ekru-viskon-yumusak-kumasli-fitted-buzgu-drape-detayli-kayik-yaka-esnek-orme-bluz-twoaw25bz00225-kahverengi-001
[2026-01-08T03:35:48.998Z] [INFO] [49/90] UPDATING Product: ekru-viskon-yumusak-kumasli-fitted-buzgu-drape-detayli-kayik-yaka-esnek-orme-bluz-twoaw25bz00225-lacivert-001
[2026-01-08T03:36:14.315Z] [INFO] [50/90] UPDATING Product: ekru-viskon-yumusak-kumasli-fitted-buzgu-drape-detayli-kayik-yaka-esnek-orme-bluz-twoaw25bz00225-saks
[2026-01-08T03:36:35.862Z] [INFO] [51/90] UPDATING Product: siyah-ottoman-dik-yaka-dugmeli-uzun-kol-vucuda-oturan-orme-bluz-twoaw26bz00191-bordo
[2026-01-08T03:36:53.064Z] [INFO] [52/90] UPDATING Product: siyah-duz-premium-yumusak-kumasli-fitted-vucuda-oturan-kayik-yaka-orme-bluz-twoaw24bz00227-siyah
[2026-01-08T03:37:13.482Z] [INFO] [53/90] CREATING Product: siyah-duz-premium-yumusak-kumasli-fitted-vucuda-oturan-kayik-yaka-orme-bluz-twoaw24bz00227-gul-kurusu
[2026-01-08T03:37:29.031Z] [INFO] [54/90] UPDATING Product: siyah-duz-premium-yumusak-kumasli-fitted-vucuda-oturan-kayik-yaka-orme-bluz-twoaw24bz00227-kahverengi
[2026-01-08T03:37:47.977Z] [INFO] [55/90] CREATING Product: siyah-duz-premium-yumusak-kumasli-fitted-vucuda-oturan-kayik-yaka-orme-bluz-twoaw24bz00227-haki-001
[2026-01-08T03:38:11.693Z] [INFO] [56/90] UPDATING Product: siyah-duz-premium-yumusak-kumasli-fitted-vucuda-oturan-kayik-yaka-orme-bluz-twoaw24bz00227-antrasit
[2026-01-08T03:38:40.553Z] [INFO] [57/90] CREATING Product: siyah-duz-premium-yumusak-kumasli-fitted-vucuda-oturan-kayik-yaka-orme-bluz-twoaw24bz00227-acik-lacivert
[2026-01-08T03:39:17.078Z] [INFO] [58/90] UPDATING Product: siyah-duz-premium-yumusak-kumasli-fitted-vucuda-oturan-kayik-yaka-orme-bluz-twoaw24bz00227-lacivert
[2026-01-08T03:39:53.189Z] [INFO] [59/90] CREATING Product: siyah-duz-premium-yumusak-kumasli-fitted-vucuda-oturan-kayik-yaka-orme-bluz-twoaw24bz00227-kirmizi-c
[2026-01-08T03:40:16.928Z] [INFO] [60/90] UPDATING Product: siyah-duz-premium-yumusak-kumasli-fitted-vucuda-oturan-kayik-yaka-orme-bluz-twoaw24bz00227-ekru
[2026-01-08T03:40:40.722Z] [INFO] [61/90] CREATING Product: siyah-duz-premium-yumusak-kumasli-fitted-vucuda-oturan-kayik-yaka-orme-bluz-twoaw24bz00227-murdum
[2026-01-08T03:40:54.164Z] [INFO] [62/90] CREATING Product: siyah-duz-premium-yumusak-kumasli-fitted-vucuda-oturan-kayik-yaka-orme-bluz-twoaw24bz00227-tas-001
[2026-01-08T03:41:13.216Z] [INFO] [63/90] UPDATING Product: siyah-duz-premium-yumusak-kumasli-fitted-vucuda-oturan-kayik-yaka-orme-bluz-twoaw24bz00227-haki
[2026-01-08T03:41:57.085Z] [INFO] [64/90] UPDATING Product: siyah-transparan-dik-yaka-esnek-normal-boy-orme-bluz-twoaw26bz00266-ekru
[2026-01-08T03:42:09.034Z] [INFO] [65/90] CREATING Product: siyah-transparan-dik-yaka-esnek-normal-boy-orme-bluz-twoaw26bz00266-murdum
[2026-01-08T03:42:22.034Z] [INFO] [66/90] UPDATING Product: siyah-transparan-dik-yaka-esnek-normal-boy-orme-bluz-twoaw26bz00266-kahverengi
[2026-01-08T03:42:36.722Z] [INFO] [67/90] CREATING Product: siyah-transparan-dik-yaka-esnek-normal-boy-orme-bluz-twoaw26bz00266-gri-melanj
[2026-01-08T03:42:53.037Z] [INFO] [68/90] UPDATING Product: siyah-transparan-dik-yaka-esnek-normal-boy-orme-bluz-twoaw26bz00266-antrasit
[2026-01-08T03:43:08.897Z] [INFO] [69/90] UPDATING Product: siyah-viskon-yumusak-kumasli-asimetrik-esnek-orme-bluz-twoaw25bz00233-bordo
[2026-01-08T03:43:30.899Z] [INFO] [70/90] CREATING Product: kahverengi-buzgulu-kare-yaka-vucuda-oturan-esnek-orme-bluz-twoss24bz00487-murdum
[2026-01-08T03:43:58.000Z] [INFO] [71/90] CREATING Product: kahverengi-buzgulu-kare-yaka-vucuda-oturan-esnek-orme-bluz-twoss24bz00487-zumrut-yesili
[2026-01-08T03:44:23.758Z] [INFO] [72/90] UPDATING Product: kahverengi-buzgulu-kare-yaka-vucuda-oturan-esnek-orme-bluz-twoss24bz00487-siyah
[2026-01-08T03:44:55.673Z] [INFO] [73/90] UPDATING Product: teen-lacivert-ekose-kareli-fitted-vucuda-oturan-dokuma-detayli-orme-bluz-twoaw26bz00008-kahverengi
[2026-01-08T03:45:13.424Z] [INFO] [74/90] UPDATING Product: teen-lacivert-ekose-kareli-fitted-vucuda-oturan-dokuma-detayli-orme-bluz-twoaw26bz00008-antrasit
[2026-01-08T03:45:29.210Z] [INFO] [75/90] UPDATING Product: antrasit-regular-normal-kalip-yarim-patli-selanik-kalin-orme-bluz-twoaw26bz00252-bordo
[2026-01-08T03:45:42.634Z] [INFO] [76/90] CREATING Product: siyah-aksesuar-detayli-dusuk-omuz-yilbasi-dokuma-bluz-twoaw26bz00280-ordek-basi-yesili
[2026-01-08T03:45:58.474Z] [INFO] [77/90] CREATING Product: siyah-aksesuar-detayli-dusuk-omuz-yilbasi-dokuma-bluz-twoaw26bz00280-sarap-rengi
[2026-01-08T03:46:12.720Z] [INFO] [78/90] UPDATING Product: siyah-aksesuar-detayli-dusuk-omuz-yilbasi-dokuma-bluz-twoaw26bz00280-kahverengi
[2026-01-08T03:46:26.818Z] [INFO] [79/90] CREATING Product: siyah-dantel-detayli-kare-yaka-orme-party-yilbasi-bluz-tpraw26bz00045-koyu-kahverengi
[2026-01-08T03:46:44.874Z] [INFO] [80/90] UPDATING Product: koyu-kahverengi-firfir-detayli-dokuma-bluz-twoaw26bz00290-siyah
[2026-01-08T03:47:01.245Z] [INFO] [81/90] CREATING Product: koyu-kahverengi-firfir-detayli-dokuma-bluz-twoaw26bz00290-koyu-bordo
[2026-01-08T03:47:14.476Z] [INFO] [82/90] UPDATING Product: tas-dugmeli-bisiklet-yaka-vucuda-oturan-fitilli-esnek-orme-bluz-twoaw26bz00104-haki
[2026-01-08T03:47:30.335Z] [INFO] [83/90] UPDATING Product: tas-dugmeli-bisiklet-yaka-vucuda-oturan-fitilli-esnek-orme-bluz-twoaw26bz00104-siyah
[2026-01-08T03:47:45.997Z] [INFO] [84/90] CREATING Product: tas-dugmeli-bisiklet-yaka-vucuda-oturan-fitilli-esnek-orme-bluz-twoaw26bz00104-kirmizi-c
[2026-01-08T03:47:59.253Z] [INFO] [85/90] CREATING Product: siyah-citcitli-fitted-vucuda-oturan-fitilli-esnek-orme-bluz-twoaw25bz00080-acik-kahverengi
[2026-01-08T03:48:13.246Z] [INFO] [86/90] CREATING Product: siyah-citcitli-fitted-vucuda-oturan-fitilli-esnek-orme-bluz-twoaw25bz00080-lacivert-001
[2026-01-08T03:48:34.954Z] [INFO] [87/90] CREATING Product: siyah-citcitli-fitted-vucuda-oturan-fitilli-esnek-orme-bluz-twoaw25bz00080-tas
[2026-01-08T03:48:53.034Z] [INFO] [88/90] CREATING Product: siyah-citcitli-fitted-vucuda-oturan-fitilli-esnek-orme-bluz-twoaw25bz00080-bordo-001
[2026-01-08T03:49:07.987Z] [INFO] [89/90] CREATING Product: siyah-citcitli-fitted-vucuda-oturan-fitilli-esnek-orme-bluz-twoaw25bz00080-gri-melanj
[2026-01-08T03:49:37.687Z] [INFO] [90/90] UPDATING Product: siyah-citcitli-fitted-vucuda-oturan-fitilli-esnek-orme-bluz-twoaw25bz00080-antrasit
[2026-01-08T03:49:52.315Z] [INFO] 
✅ Created: 39, Updated: 50, Failed: 1

[2026-01-08T03:49:52.317Z] [INFO] ========================================
[2026-01-08T03:49:52.317Z] [INFO] 🎉 ALL DONE!
[2026-01-08T03:49:52.318Z] [INFO] Total time: 29 minutes
[2026-01-08T03:49:52.319Z] [INFO] 
😴 Resting for 60 minutes before next run...
[2026-01-08T03:49:52.319Z] [INFO] ========================================

[2026-01-08T19:16:48.093Z] [INFO] Loaded REST resources: 74 resources
[2026-01-08T19:16:48.099Z] [INFO] ========================================
[2026-01-08T19:16:48.100Z] [INFO] STEP 4: CLEANUP - REMOVING 0-IMAGE PRODUCTS
[2026-01-08T19:16:48.100Z] [INFO] ========================================

[2026-01-08T19:16:48.101Z] [INFO] 
🚀 TRENDYOL SCRAPER + SHOPIFY SYNC - STARTING

[2026-01-08T19:16:48.102Z] [INFO] Started at: 2026-01-08T19:16:48.102Z
[2026-01-08T19:16:48.103Z] [INFO] Command Args: ["C:\\Program Files\\nodejs\\node.exe","C:\\Users\\Bhavin Kapadiya\\OneDrive\\Documents\\GitHub\\trendyol-scraper\\index.js","--sync-only"]
[2026-01-08T19:16:48.104Z] [INFO] 💰 Price Multiplier: 3x (set in .env file)

[2026-01-08T19:16:48.105Z] [INFO] 🔄 MANUAL SYNC MODE DETECTED
[2026-01-08T19:16:48.105Z] [INFO]    Loading from RAW file (products.json)...
[2026-01-08T19:16:48.109Z] [INFO]    Loaded 90 products to sync.
[2026-01-08T19:16:48.110Z] [INFO] ========================================
[2026-01-08T19:16:48.110Z] [INFO] STEP 2: CREATING SHOPIFY COLLECTIONS
[2026-01-08T19:16:48.110Z] [INFO] ========================================

[2026-01-08T19:16:48.989Z] [INFO] ⏭️  Bluz - Already exists
[2026-01-08T19:16:49.460Z] [INFO] ⏭️  Kazak - Already exists
[2026-01-08T19:16:50.061Z] [INFO] ⏭️  Hırka - Already exists
[2026-01-08T19:16:50.524Z] [INFO] ⏭️  Jeans - Already exists
[2026-01-08T19:16:51.010Z] [INFO] ⏭️  Elbise - Already exists
[2026-01-08T19:16:51.667Z] [INFO] ⏭️  Pijama Takımı - Already exists
[2026-01-08T19:16:52.140Z] [INFO] ⏭️  Pantolon - Already exists
[2026-01-08T19:16:52.604Z] [INFO] ⏭️  Sweatshirt - Already exists
[2026-01-08T19:16:52.605Z] [INFO] 
[2026-01-08T19:16:52.606Z] [INFO] ========================================
[2026-01-08T19:16:52.607Z] [INFO] STEP 3: SYNCING PRODUCTS TO SHOPIFY (SPLIT STRATEGY)
[2026-01-08T19:16:52.608Z] [INFO] ========================================

[2026-01-08T19:16:52.609Z] [INFO] Fetching ALL existing Shopify products to check for duplicates...
[2026-01-08T19:16:53.401Z] [INFO]    Fetched 0 products so far...
[2026-01-08T19:16:53.402Z] [INFO] ✅ Found 0 total existing products

[2026-01-08T19:16:53.404Z] [INFO] 📋 Grouped 90 scraped items into 23 unique Model Groups for linking.
[2026-01-08T19:16:59.625Z] [INFO] [1/90] CREATING Product: kahverengi-kolsuz-kusakli-dokuma-bluz-twoaw26bz00057-kahverengi
[2026-01-08T19:17:19.999Z] [INFO] [2/90] CREATING Product: siyah-fitted-vucuda-oturan-asimetrik-yaka-detayli-yumusak-kumasli-esnek-orme-bluz-twoaw26bz00088-siyah
[2026-01-08T19:17:38.127Z] [INFO] [3/90] CREATING Product: ekru-dantelli-baglamali-v-yaka-dokuma-bluz-twoaw26bz00053-ekru
[2026-01-08T19:17:58.298Z] [INFO] [4/90] CREATING Product: tas-pamuklu-esnek-kayik-yaka-fitted-vucuda-oturan-esnek-orme-bluz-twoaw24bz00166-tas
[2026-01-08T19:18:18.979Z] [INFO] [5/90] CREATING Product: kahverengi-modalli-more-sustainable-kayik-yaka-relaxed-rahat-kesim-orme-bluz-twoaw25bz00282-kahverengi
[2026-01-08T19:18:36.982Z] [INFO] [6/90] CREATING Product: yag-yesili-buzgu-drape-detayli-dokumlu-asimetrik-yaka-orme-bluz-twoaw26bz00138-yag-yesil
[2026-01-08T19:18:53.082Z] [INFO] [7/90] CREATING Product: koyu-kahverengi-buzgu-drape-detayli-dokumlu-asimetrik-yaka-orme-bluz-twoaw26bz00138-koyu-kahverengi
[2026-01-08T19:19:11.337Z] [INFO] [8/90] CREATING Product: ekru-viskon-yumusak-kumasli-fitted-buzgu-drape-detayli-kayik-yaka-esnek-orme-bluz-twoaw25bz00225-ekru
[2026-01-08T19:19:33.271Z] [INFO] [9/90] CREATING Product: siyah-ottoman-dik-yaka-dugmeli-uzun-kol-vucuda-oturan-orme-bluz-twoaw26bz00191-siyah
[2026-01-08T19:19:53.895Z] [INFO] [10/90] CREATING Product: siyah-duz-premium-yumusak-kumasli-fitted-vucuda-oturan-kayik-yaka-orme-bluz-twoaw24bz00227-siyah-1001
[2026-01-08T19:20:28.724Z] [INFO] [11/90] CREATING Product: cok-renkli-cizgili-acik-omuzlu-sal-aksesuar-detayli-regular-normal-kalip-orme-bluz-twoaw26bz00308--ok
[2026-01-08T19:20:47.491Z] [INFO] [12/90] CREATING Product: siyah-tek-yirtmac-detayli-pamuklu-buzgulu-bisiklet-yaka-orme-bluz-twoaw24bz00388-siyah
[2026-01-08T19:21:12.137Z] [INFO] [13/90] CREATING Product: siyah-transparan-dik-yaka-esnek-normal-boy-orme-bluz-twoaw26bz00266-siyah
[2026-01-08T19:21:29.412Z] [INFO] [14/90] CREATING Product: siyah-viskon-yumusak-kumasli-asimetrik-esnek-orme-bluz-twoaw25bz00233-siyah
[2026-01-08T19:21:52.775Z] [INFO] [15/90] CREATING Product: kahverengi-buzgulu-kare-yaka-vucuda-oturan-esnek-orme-bluz-twoss24bz00487-kahverengi
[2026-01-08T19:22:16.140Z] [INFO] [16/90] CREATING Product: teen-lacivert-ekose-kareli-fitted-vucuda-oturan-dokuma-detayli-orme-bluz-twoaw26bz00008-lacivert
[2026-01-08T19:22:33.958Z] [INFO] [17/90] CREATING Product: antrasit-regular-normal-kalip-yarim-patli-selanik-kalin-orme-bluz-twoaw26bz00252-antrasit
[2026-01-08T19:22:49.419Z] [INFO] [18/90] CREATING Product: siyah-aksesuar-detayli-dusuk-omuz-yilbasi-dokuma-bluz-twoaw26bz00280-siyah
[2026-01-08T19:23:05.600Z] [INFO] [19/90] CREATING Product: siyah-dantel-detayli-kare-yaka-orme-party-yilbasi-bluz-tpraw26bz00045-siyah
[2026-01-08T19:23:21.182Z] [INFO] [20/90] CREATING Product: koyu-kahverengi-firfir-detayli-dokuma-bluz-twoaw26bz00290-koyu-kahverengi
[2026-01-08T19:23:43.357Z] [INFO] [21/90] CREATING Product: antrasit-dik-yaka-buzgu-drape-detayli-regular-normal-kalip-orme-bluz-twoaw25bz00221-antrasit
[2026-01-08T19:24:08.168Z] [INFO] [22/90] CREATING Product: tas-dugmeli-bisiklet-yaka-vucuda-oturan-fitilli-esnek-orme-bluz-twoaw26bz00104-tas
[2026-01-08T19:24:26.552Z] [INFO] [23/90] CREATING Product: siyah-citcitli-fitted-vucuda-oturan-fitilli-esnek-orme-bluz-twoaw25bz00080-siyah
[2026-01-08T19:24:53.343Z] [INFO] [24/90] CREATING Product: ozel-koleksiyon-siyah-degaje-yaka-asimetrik-kesim-saten-party-yilbasi-bluz-tpraw26bz00044--zel
[2026-01-08T19:25:15.854Z] [INFO] [25/90] CREATING Product: kahverengi-kolsuz-kusakli-dokuma-bluz-twoaw26bz00057-siyah
[2026-01-08T19:25:30.304Z] [INFO] [26/90] CREATING Product: kahverengi-kolsuz-kusakli-dokuma-bluz-twoaw26bz00057-beyaz
[2026-01-08T19:25:44.566Z] [INFO] [27/90] CREATING Product: siyah-fitted-vucuda-oturan-asimetrik-yaka-detayli-yumusak-kumasli-esnek-orme-bluz-twoaw26bz00088-bordo
[2026-01-08T19:26:02.546Z] [INFO] [28/90] CREATING Product: siyah-fitted-vucuda-oturan-asimetrik-yaka-detayli-yumusak-kumasli-esnek-orme-bluz-twoaw26bz00088-kahverengi
[2026-01-08T19:26:18.726Z] [INFO] [29/90] CREATING Product: siyah-fitted-vucuda-oturan-asimetrik-yaka-detayli-yumusak-kumasli-esnek-orme-bluz-twoaw26bz00088-tas
[2026-01-08T19:26:33.990Z] [INFO] [30/90] CREATING Product: siyah-fitted-vucuda-oturan-asimetrik-yaka-detayli-yumusak-kumasli-esnek-orme-bluz-twoaw26bz00088-yag-yesil
[2026-01-08T19:26:49.055Z] [INFO] [31/90] CREATING Product: ekru-dantelli-baglamali-v-yaka-dokuma-bluz-twoaw26bz00053-siyah
[2026-01-08T19:27:06.365Z] [INFO] [32/90] CREATING Product: tas-pamuklu-esnek-kayik-yaka-fitted-vucuda-oturan-esnek-orme-bluz-twoaw24bz00166-bordo
[2026-01-08T19:27:24.190Z] [INFO] [33/90] CREATING Product: tas-pamuklu-esnek-kayik-yaka-fitted-vucuda-oturan-esnek-orme-bluz-twoaw24bz00166-kahverengi
[2026-01-08T19:27:43.589Z] [INFO] [34/90] CREATING Product: tas-pamuklu-esnek-kayik-yaka-fitted-vucuda-oturan-esnek-orme-bluz-twoaw24bz00166-siyah
[2026-01-08T19:28:03.543Z] [INFO] [35/90] CREATING Product: tas-pamuklu-esnek-kayik-yaka-fitted-vucuda-oturan-esnek-orme-bluz-twoaw24bz00166-kirmizi-c
[2026-01-08T19:28:26.527Z] [INFO] [36/90] CREATING Product: tas-pamuklu-esnek-kayik-yaka-fitted-vucuda-oturan-esnek-orme-bluz-twoaw24bz00166-zumrut-yesili
[2026-01-08T19:28:47.330Z] [INFO] [37/90] CREATING Product: tas-pamuklu-esnek-kayik-yaka-fitted-vucuda-oturan-esnek-orme-bluz-twoaw24bz00166-saks
[2026-01-08T19:29:08.131Z] [INFO] [38/90] CREATING Product: kahverengi-modalli-more-sustainable-kayik-yaka-relaxed-rahat-kesim-orme-bluz-twoaw25bz00282-indigo
[2026-01-08T19:29:29.411Z] [INFO] [39/90] CREATING Product: kahverengi-modalli-more-sustainable-kayik-yaka-relaxed-rahat-kesim-orme-bluz-twoaw25bz00282-antrasit
[2026-01-08T19:29:47.694Z] [INFO] [40/90] CREATING Product: kahverengi-modalli-more-sustainable-kayik-yaka-relaxed-rahat-kesim-orme-bluz-twoaw25bz00282-murdum
[2026-01-08T19:30:03.671Z] [INFO] [41/90] CREATING Product: kahverengi-modalli-more-sustainable-kayik-yaka-relaxed-rahat-kesim-orme-bluz-twoaw25bz00282-yesil
[2026-01-08T19:30:15.656Z] [INFO] [42/90] CREATING Product: yag-yesili-buzgu-drape-detayli-dokumlu-asimetrik-yaka-orme-bluz-twoaw26bz00138-siyah
[2026-01-08T19:30:28.666Z] [INFO] [43/90] CREATING Product: yag-yesili-buzgu-drape-detayli-dokumlu-asimetrik-yaka-orme-bluz-twoaw26bz00138-kirmizi-c
[2026-01-08T19:30:43.497Z] [INFO] [44/90] CREATING Product: ekru-viskon-yumusak-kumasli-fitted-buzgu-drape-detayli-kayik-yaka-esnek-orme-bluz-twoaw25bz00225-antrasit
[2026-01-08T19:31:03.931Z] [INFO] [45/90] CREATING Product: ekru-viskon-yumusak-kumasli-fitted-buzgu-drape-detayli-kayik-yaka-esnek-orme-bluz-twoaw25bz00225-siyah
[2026-01-08T19:31:22.531Z] [INFO] [46/90] CREATING Product: ekru-viskon-yumusak-kumasli-fitted-buzgu-drape-detayli-kayik-yaka-esnek-orme-bluz-twoaw25bz00225-kirmizi-c
[2026-01-08T19:31:43.048Z] [INFO] [47/90] CREATING Product: ekru-viskon-yumusak-kumasli-fitted-buzgu-drape-detayli-kayik-yaka-esnek-orme-bluz-twoaw25bz00225-yag-yesil
[2026-01-08T19:32:00.966Z] [INFO] [48/90] CREATING Product: ekru-viskon-yumusak-kumasli-fitted-buzgu-drape-detayli-kayik-yaka-esnek-orme-bluz-twoaw25bz00225-kahverengi-001
[2026-01-08T19:32:15.550Z] [INFO] [49/90] CREATING Product: ekru-viskon-yumusak-kumasli-fitted-buzgu-drape-detayli-kayik-yaka-esnek-orme-bluz-twoaw25bz00225-lacivert-001
[2026-01-08T19:32:35.188Z] [INFO] [50/90] CREATING Product: ekru-viskon-yumusak-kumasli-fitted-buzgu-drape-detayli-kayik-yaka-esnek-orme-bluz-twoaw25bz00225-saks
[2026-01-08T19:32:54.528Z] [INFO] [51/90] CREATING Product: siyah-ottoman-dik-yaka-dugmeli-uzun-kol-vucuda-oturan-orme-bluz-twoaw26bz00191-bordo
[2026-01-08T19:33:10.011Z] [INFO] [52/90] CREATING Product: siyah-duz-premium-yumusak-kumasli-fitted-vucuda-oturan-kayik-yaka-orme-bluz-twoaw24bz00227-siyah
[2026-01-08T19:33:30.802Z] [INFO] [53/90] CREATING Product: siyah-duz-premium-yumusak-kumasli-fitted-vucuda-oturan-kayik-yaka-orme-bluz-twoaw24bz00227-gul-kurusu
[2026-01-08T19:33:46.905Z] [INFO] [54/90] CREATING Product: siyah-duz-premium-yumusak-kumasli-fitted-vucuda-oturan-kayik-yaka-orme-bluz-twoaw24bz00227-kahverengi
[2026-01-08T19:34:06.234Z] [INFO] [55/90] CREATING Product: siyah-duz-premium-yumusak-kumasli-fitted-vucuda-oturan-kayik-yaka-orme-bluz-twoaw24bz00227-haki-001
[2026-01-08T19:34:31.171Z] [INFO] [56/90] CREATING Product: siyah-duz-premium-yumusak-kumasli-fitted-vucuda-oturan-kayik-yaka-orme-bluz-twoaw24bz00227-antrasit
[2026-01-08T19:34:57.375Z] [INFO] [57/90] CREATING Product: siyah-duz-premium-yumusak-kumasli-fitted-vucuda-oturan-kayik-yaka-orme-bluz-twoaw24bz00227-acik-lacivert
[2026-01-08T19:35:26.281Z] [INFO] [58/90] CREATING Product: siyah-duz-premium-yumusak-kumasli-fitted-vucuda-oturan-kayik-yaka-orme-bluz-twoaw24bz00227-lacivert
[2026-01-08T19:35:55.971Z] [INFO] [59/90] CREATING Product: siyah-duz-premium-yumusak-kumasli-fitted-vucuda-oturan-kayik-yaka-orme-bluz-twoaw24bz00227-kirmizi-c
[2026-01-08T19:36:18.370Z] [INFO] [60/90] CREATING Product: siyah-duz-premium-yumusak-kumasli-fitted-vucuda-oturan-kayik-yaka-orme-bluz-twoaw24bz00227-ekru
[2026-01-08T19:36:40.461Z] [INFO] [61/90] CREATING Product: siyah-duz-premium-yumusak-kumasli-fitted-vucuda-oturan-kayik-yaka-orme-bluz-twoaw24bz00227-murdum
[2026-01-08T19:36:53.642Z] [INFO] [62/90] CREATING Product: siyah-duz-premium-yumusak-kumasli-fitted-vucuda-oturan-kayik-yaka-orme-bluz-twoaw24bz00227-tas-001
[2026-01-08T19:37:08.772Z] [INFO] [63/90] CREATING Product: siyah-duz-premium-yumusak-kumasli-fitted-vucuda-oturan-kayik-yaka-orme-bluz-twoaw24bz00227-haki
[2026-01-08T19:37:31.651Z] [INFO] [64/90] CREATING Product: siyah-transparan-dik-yaka-esnek-normal-boy-orme-bluz-twoaw26bz00266-ekru
[2026-01-08T19:37:44.942Z] [INFO] [65/90] CREATING Product: siyah-transparan-dik-yaka-esnek-normal-boy-orme-bluz-twoaw26bz00266-murdum
[2026-01-08T19:37:58.051Z] [INFO] [66/90] CREATING Product: siyah-transparan-dik-yaka-esnek-normal-boy-orme-bluz-twoaw26bz00266-kahverengi
[2026-01-08T19:38:11.016Z] [INFO] [67/90] CREATING Product: siyah-transparan-dik-yaka-esnek-normal-boy-orme-bluz-twoaw26bz00266-gri-melanj
[2026-01-08T19:38:25.090Z] [INFO] [68/90] CREATING Product: siyah-transparan-dik-yaka-esnek-normal-boy-orme-bluz-twoaw26bz00266-antrasit
[2026-01-08T19:38:41.051Z] [INFO] [69/90] CREATING Product: siyah-viskon-yumusak-kumasli-asimetrik-esnek-orme-bluz-twoaw25bz00233-bordo
[2026-01-08T19:38:57.247Z] [INFO] [70/90] CREATING Product: kahverengi-buzgulu-kare-yaka-vucuda-oturan-esnek-orme-bluz-twoss24bz00487-murdum
[2026-01-08T19:38:57.930Z] [ERROR] [70/90] FAILED Product 822686021: Admin API Client: fetch failed
[2026-01-08T19:39:01.545Z] [INFO] [71/90] CREATING Product: kahverengi-buzgulu-kare-yaka-vucuda-oturan-esnek-orme-bluz-twoss24bz00487-zumrut-yesili
[2026-01-08T19:39:24.299Z] [INFO] [72/90] CREATING Product: kahverengi-buzgulu-kare-yaka-vucuda-oturan-esnek-orme-bluz-twoss24bz00487-siyah
[2026-01-08T19:39:47.321Z] [INFO] [73/90] CREATING Product: teen-lacivert-ekose-kareli-fitted-vucuda-oturan-dokuma-detayli-orme-bluz-twoaw26bz00008-kahverengi
[2026-01-08T19:40:01.068Z] [INFO] [74/90] CREATING Product: teen-lacivert-ekose-kareli-fitted-vucuda-oturan-dokuma-detayli-orme-bluz-twoaw26bz00008-antrasit
[2026-01-08T19:40:15.333Z] [INFO] [75/90] CREATING Product: antrasit-regular-normal-kalip-yarim-patli-selanik-kalin-orme-bluz-twoaw26bz00252-bordo
[2026-01-08T19:40:28.157Z] [INFO] [76/90] CREATING Product: siyah-aksesuar-detayli-dusuk-omuz-yilbasi-dokuma-bluz-twoaw26bz00280-ordek-basi-yesili
[2026-01-08T19:40:40.798Z] [INFO] [77/90] CREATING Product: siyah-aksesuar-detayli-dusuk-omuz-yilbasi-dokuma-bluz-twoaw26bz00280-sarap-rengi
[2026-01-08T19:40:54.361Z] [INFO] [78/90] CREATING Product: siyah-aksesuar-detayli-dusuk-omuz-yilbasi-dokuma-bluz-twoaw26bz00280-kahverengi
[2026-01-08T19:41:07.300Z] [INFO] [79/90] CREATING Product: siyah-dantel-detayli-kare-yaka-orme-party-yilbasi-bluz-tpraw26bz00045-koyu-kahverengi
[2026-01-08T19:41:24.547Z] [INFO] [80/90] CREATING Product: koyu-kahverengi-firfir-detayli-dokuma-bluz-twoaw26bz00290-siyah
[2026-01-08T19:41:39.213Z] [INFO] [81/90] CREATING Product: koyu-kahverengi-firfir-detayli-dokuma-bluz-twoaw26bz00290-koyu-bordo
[2026-01-08T19:41:53.462Z] [INFO] [82/90] CREATING Product: tas-dugmeli-bisiklet-yaka-vucuda-oturan-fitilli-esnek-orme-bluz-twoaw26bz00104-haki
[2026-01-08T19:42:07.498Z] [INFO] [83/90] CREATING Product: tas-dugmeli-bisiklet-yaka-vucuda-oturan-fitilli-esnek-orme-bluz-twoaw26bz00104-siyah
[2026-01-08T19:42:24.302Z] [INFO] [84/90] CREATING Product: tas-dugmeli-bisiklet-yaka-vucuda-oturan-fitilli-esnek-orme-bluz-twoaw26bz00104-kirmizi-c
[2026-01-08T19:42:37.898Z] [INFO] [85/90] CREATING Product: siyah-citcitli-fitted-vucuda-oturan-fitilli-esnek-orme-bluz-twoaw25bz00080-acik-kahverengi
[2026-01-08T19:42:51.817Z] [INFO] [86/90] CREATING Product: siyah-citcitli-fitted-vucuda-oturan-fitilli-esnek-orme-bluz-twoaw25bz00080-lacivert-001
[2026-01-08T19:43:08.930Z] [INFO] [87/90] CREATING Product: siyah-citcitli-fitted-vucuda-oturan-fitilli-esnek-orme-bluz-twoaw25bz00080-tas
[2026-01-08T19:43:26.063Z] [INFO] [88/90] CREATING Product: siyah-citcitli-fitted-vucuda-oturan-fitilli-esnek-orme-bluz-twoaw25bz00080-bordo-001
[2026-01-08T19:43:40.623Z] [INFO] [89/90] CREATING Product: siyah-citcitli-fitted-vucuda-oturan-fitilli-esnek-orme-bluz-twoaw25bz00080-gri-melanj
[2026-01-08T19:43:59.191Z] [INFO] [90/90] CREATING Product: siyah-citcitli-fitted-vucuda-oturan-fitilli-esnek-orme-bluz-twoaw25bz00080-antrasit
[2026-01-08T19:44:09.022Z] [INFO] 
✅ Created: 89, Updated: 0, Failed: 1

[2026-01-08T19:44:09.023Z] [INFO] ========================================
[2026-01-08T19:44:09.024Z] [INFO] 🎉 ALL DONE!
[2026-01-08T19:44:09.024Z] [INFO] Total time: 27 minutes
[2026-01-08T19:44:09.024Z] [INFO] 
😴 Resting for 60 minutes before next run...
[2026-01-08T19:44:09.025Z] [INFO] ========================================

[2026-01-09T04:19:29.292Z] [INFO] Loaded REST resources: 74 resources
[2026-01-09T04:19:29.306Z] [INFO] ========================================
[2026-01-09T04:19:29.306Z] [INFO] STEP 4: CLEANUP - REMOVING 0-IMAGE PRODUCTS
[2026-01-09T04:19:29.307Z] [INFO] ========================================

[2026-01-09T04:19:29.307Z] [INFO] 
🚀 TRENDYOL SCRAPER + SHOPIFY SYNC - STARTING

[2026-01-09T04:19:29.308Z] [INFO] Started at: 2026-01-09T04:19:29.308Z
[2026-01-09T04:19:29.309Z] [INFO] Command Args: ["C:\\Program Files\\nodejs\\node.exe","C:\\Users\\Bhavin Kapadiya\\OneDrive\\Documents\\GitHub\\trendyol-scraper\\index.js","--sync-only"]
[2026-01-09T04:19:29.310Z] [INFO] 💰 Price Multiplier: 3x (set in .env file)

[2026-01-09T04:19:29.311Z] [INFO] 🔄 MANUAL SYNC MODE DETECTED
[2026-01-09T04:19:29.312Z] [INFO]    Loading from RAW file (products.json)...
[2026-01-09T04:19:29.319Z] [INFO]    Loaded 90 products to sync.
[2026-01-09T04:19:29.320Z] [INFO] ========================================
[2026-01-09T04:19:29.321Z] [INFO] STEP 2: CREATING SHOPIFY COLLECTIONS
[2026-01-09T04:19:29.321Z] [INFO] ========================================

[2026-01-09T04:19:30.981Z] [INFO] ⏭️  Bluz - Already exists
[2026-01-09T04:19:31.658Z] [INFO] ⏭️  Kazak - Already exists
[2026-01-09T04:19:32.371Z] [INFO] ⏭️  Hırka - Already exists
[2026-01-09T04:19:33.088Z] [INFO] ⏭️  Jeans - Already exists
[2026-01-09T04:19:33.803Z] [INFO] ⏭️  Elbise - Already exists
[2026-01-09T04:19:34.413Z] [INFO] ⏭️  Pijama Takımı - Already exists
[2026-01-09T04:19:34.931Z] [INFO] ⏭️  Pantolon - Already exists
[2026-01-09T04:19:35.447Z] [INFO] ⏭️  Sweatshirt - Already exists
[2026-01-09T04:19:35.449Z] [INFO] 
[2026-01-09T04:19:35.451Z] [INFO] ========================================
[2026-01-09T04:19:35.452Z] [INFO] STEP 3: SYNCING PRODUCTS TO SHOPIFY (SPLIT STRATEGY)
[2026-01-09T04:19:35.453Z] [INFO] ========================================

[2026-01-09T04:19:35.454Z] [INFO] Fetching ALL existing Shopify products to check for duplicates...
[2026-01-09T04:19:36.194Z] [INFO]    Fetched 0 products so far...
[2026-01-09T04:19:36.195Z] [INFO] ✅ Found 0 total existing products

[2026-01-09T04:19:36.197Z] [INFO] 📋 Grouped 90 scraped items into 23 unique Model Groups for linking.
[2026-01-09T04:19:40.459Z] [INFO] [1/90] CREATING Product: kahverengi-kolsuz-kusakli-dokuma-bluz-twoaw26bz00057-kahverengi
[2026-01-09T04:19:57.245Z] [INFO] [2/90] CREATING Product: siyah-fitted-vucuda-oturan-asimetrik-yaka-detayli-yumusak-kumasli-esnek-orme-bluz-twoaw26bz00088-siyah
[2026-01-09T04:20:14.484Z] [INFO] [3/90] CREATING Product: ekru-dantelli-baglamali-v-yaka-dokuma-bluz-twoaw26bz00053-ekru
[2026-01-09T04:20:30.708Z] [INFO] [4/90] CREATING Product: tas-pamuklu-esnek-kayik-yaka-fitted-vucuda-oturan-esnek-orme-bluz-twoaw24bz00166-tas
[2026-01-09T04:20:48.468Z] [INFO] [5/90] CREATING Product: kahverengi-modalli-more-sustainable-kayik-yaka-relaxed-rahat-kesim-orme-bluz-twoaw25bz00282-kahverengi
[2026-01-09T04:21:01.706Z] [INFO] [6/90] CREATING Product: yag-yesili-buzgu-drape-detayli-dokumlu-asimetrik-yaka-orme-bluz-twoaw26bz00138-yag-yesil
[2026-01-09T04:21:14.685Z] [INFO] [7/90] CREATING Product: koyu-kahverengi-buzgu-drape-detayli-dokumlu-asimetrik-yaka-orme-bluz-twoaw26bz00138-koyu-kahverengi
[2026-01-09T04:21:30.261Z] [INFO] [8/90] CREATING Product: ekru-viskon-yumusak-kumasli-fitted-buzgu-drape-detayli-kayik-yaka-esnek-orme-bluz-twoaw25bz00225-ekru
[2026-01-09T04:21:51.949Z] [INFO] [9/90] CREATING Product: siyah-ottoman-dik-yaka-dugmeli-uzun-kol-vucuda-oturan-orme-bluz-twoaw26bz00191-siyah
[2026-01-09T04:22:26.145Z] [INFO] [10/90] CREATING Product: siyah-duz-premium-yumusak-kumasli-fitted-vucuda-oturan-kayik-yaka-orme-bluz-twoaw24bz00227-siyah-1001
[2026-01-09T04:22:57.969Z] [INFO] [11/90] CREATING Product: cok-renkli-cizgili-acik-omuzlu-sal-aksesuar-detayli-regular-normal-kalip-orme-bluz-twoaw26bz00308--ok
[2026-01-09T04:23:15.948Z] [INFO] [12/90] CREATING Product: siyah-tek-yirtmac-detayli-pamuklu-buzgulu-bisiklet-yaka-orme-bluz-twoaw24bz00388-siyah
[2026-01-09T04:24:03.591Z] [INFO] [13/90] CREATING Product: siyah-transparan-dik-yaka-esnek-normal-boy-orme-bluz-twoaw26bz00266-siyah
[2026-01-09T04:24:25.959Z] [INFO] [14/90] CREATING Product: siyah-viskon-yumusak-kumasli-asimetrik-esnek-orme-bluz-twoaw25bz00233-siyah
[2026-01-09T04:24:55.801Z] [INFO] [15/90] CREATING Product: kahverengi-buzgulu-kare-yaka-vucuda-oturan-esnek-orme-bluz-twoss24bz00487-kahverengi
[2026-01-09T04:25:37.382Z] [INFO] [16/90] CREATING Product: teen-lacivert-ekose-kareli-fitted-vucuda-oturan-dokuma-detayli-orme-bluz-twoaw26bz00008-lacivert
[2026-01-09T04:25:55.792Z] [INFO] [17/90] CREATING Product: antrasit-regular-normal-kalip-yarim-patli-selanik-kalin-orme-bluz-twoaw26bz00252-antrasit
[2026-01-09T04:26:12.078Z] [INFO] [18/90] CREATING Product: siyah-aksesuar-detayli-dusuk-omuz-yilbasi-dokuma-bluz-twoaw26bz00280-siyah
[2026-01-09T04:26:24.554Z] [INFO] [19/90] CREATING Product: siyah-dantel-detayli-kare-yaka-orme-party-yilbasi-bluz-tpraw26bz00045-siyah
[2026-01-09T04:26:37.195Z] [INFO] [20/90] CREATING Product: koyu-kahverengi-firfir-detayli-dokuma-bluz-twoaw26bz00290-koyu-kahverengi
[2026-01-09T04:26:51.211Z] [INFO] [21/90] CREATING Product: antrasit-dik-yaka-buzgu-drape-detayli-regular-normal-kalip-orme-bluz-twoaw25bz00221-antrasit
[2026-01-09T04:27:04.928Z] [INFO] [22/90] CREATING Product: tas-dugmeli-bisiklet-yaka-vucuda-oturan-fitilli-esnek-orme-bluz-twoaw26bz00104-tas
[2026-01-09T04:27:18.795Z] [INFO] [23/90] CREATING Product: siyah-citcitli-fitted-vucuda-oturan-fitilli-esnek-orme-bluz-twoaw25bz00080-siyah
[2026-01-09T04:27:37.916Z] [INFO] [24/90] CREATING Product: ozel-koleksiyon-siyah-degaje-yaka-asimetrik-kesim-saten-party-yilbasi-bluz-tpraw26bz00044--zel
[2026-01-09T04:28:01.525Z] [INFO] [25/90] CREATING Product: kahverengi-kolsuz-kusakli-dokuma-bluz-twoaw26bz00057-siyah
[2026-01-09T04:28:07.028Z] [INFO] [26/90] CREATING Product: kahverengi-kolsuz-kusakli-dokuma-bluz-twoaw26bz00057-beyaz
[2026-01-09T04:28:13.993Z] [INFO] [27/90] CREATING Product: siyah-fitted-vucuda-oturan-asimetrik-yaka-detayli-yumusak-kumasli-esnek-orme-bluz-twoaw26bz00088-bordo
[2026-01-09T04:28:20.574Z] [INFO] [28/90] CREATING Product: siyah-fitted-vucuda-oturan-asimetrik-yaka-detayli-yumusak-kumasli-esnek-orme-bluz-twoaw26bz00088-kahverengi
[2026-01-09T04:28:26.655Z] [INFO] [29/90] CREATING Product: siyah-fitted-vucuda-oturan-asimetrik-yaka-detayli-yumusak-kumasli-esnek-orme-bluz-twoaw26bz00088-tas
[2026-01-09T04:28:32.575Z] [INFO] [30/90] CREATING Product: siyah-fitted-vucuda-oturan-asimetrik-yaka-detayli-yumusak-kumasli-esnek-orme-bluz-twoaw26bz00088-yag-yesil
[2026-01-09T04:28:45.525Z] [INFO] [31/90] CREATING Product: ekru-dantelli-baglamali-v-yaka-dokuma-bluz-twoaw26bz00053-siyah
[2026-01-09T04:28:51.170Z] [INFO] [32/90] CREATING Product: tas-pamuklu-esnek-kayik-yaka-fitted-vucuda-oturan-esnek-orme-bluz-twoaw24bz00166-bordo
[2026-01-09T04:28:56.757Z] [INFO] [33/90] CREATING Product: tas-pamuklu-esnek-kayik-yaka-fitted-vucuda-oturan-esnek-orme-bluz-twoaw24bz00166-kahverengi
[2026-01-09T04:29:02.147Z] [INFO] [34/90] CREATING Product: tas-pamuklu-esnek-kayik-yaka-fitted-vucuda-oturan-esnek-orme-bluz-twoaw24bz00166-siyah
[2026-01-09T04:29:08.110Z] [INFO] [35/90] CREATING Product: tas-pamuklu-esnek-kayik-yaka-fitted-vucuda-oturan-esnek-orme-bluz-twoaw24bz00166-kirmizi-c
[2026-01-09T04:29:14.021Z] [INFO] [36/90] CREATING Product: tas-pamuklu-esnek-kayik-yaka-fitted-vucuda-oturan-esnek-orme-bluz-twoaw24bz00166-zumrut-yesili
[2026-01-09T04:29:19.963Z] [INFO] [37/90] CREATING Product: tas-pamuklu-esnek-kayik-yaka-fitted-vucuda-oturan-esnek-orme-bluz-twoaw24bz00166-saks
[2026-01-09T04:29:26.295Z] [INFO] [38/90] CREATING Product: kahverengi-modalli-more-sustainable-kayik-yaka-relaxed-rahat-kesim-orme-bluz-twoaw25bz00282-indigo
[2026-01-09T04:29:32.679Z] [INFO] [39/90] CREATING Product: kahverengi-modalli-more-sustainable-kayik-yaka-relaxed-rahat-kesim-orme-bluz-twoaw25bz00282-antrasit
[2026-01-09T04:29:38.986Z] [INFO] [40/90] CREATING Product: kahverengi-modalli-more-sustainable-kayik-yaka-relaxed-rahat-kesim-orme-bluz-twoaw25bz00282-murdum
[2026-01-09T04:29:45.254Z] [INFO] [41/90] CREATING Product: kahverengi-modalli-more-sustainable-kayik-yaka-relaxed-rahat-kesim-orme-bluz-twoaw25bz00282-yesil
[2026-01-09T04:29:52.608Z] [INFO] [42/90] CREATING Product: yag-yesili-buzgu-drape-detayli-dokumlu-asimetrik-yaka-orme-bluz-twoaw26bz00138-siyah
[2026-01-09T04:29:58.442Z] [INFO] [43/90] CREATING Product: yag-yesili-buzgu-drape-detayli-dokumlu-asimetrik-yaka-orme-bluz-twoaw26bz00138-kirmizi-c
[2026-01-09T04:30:08.902Z] [INFO] [44/90] CREATING Product: ekru-viskon-yumusak-kumasli-fitted-buzgu-drape-detayli-kayik-yaka-esnek-orme-bluz-twoaw25bz00225-antrasit
[2026-01-09T04:30:53.583Z] [ERROR] [44/90] FAILED Product 845181730: Admin API Client: fetch failed
[2026-01-09T04:30:54.826Z] [INFO] [45/90] CREATING Product: ekru-viskon-yumusak-kumasli-fitted-buzgu-drape-detayli-kayik-yaka-esnek-orme-bluz-twoaw25bz00225-siyah
[2026-01-09T04:31:06.153Z] [INFO] [46/90] CREATING Product: ekru-viskon-yumusak-kumasli-fitted-buzgu-drape-detayli-kayik-yaka-esnek-orme-bluz-twoaw25bz00225-kirmizi-c
[2026-01-09T04:31:33.658Z] [INFO] [47/90] CREATING Product: ekru-viskon-yumusak-kumasli-fitted-buzgu-drape-detayli-kayik-yaka-esnek-orme-bluz-twoaw25bz00225-yag-yesil
[2026-01-09T04:31:53.701Z] [INFO] [48/90] CREATING Product: ekru-viskon-yumusak-kumasli-fitted-buzgu-drape-detayli-kayik-yaka-esnek-orme-bluz-twoaw25bz00225-kahverengi-001
[2026-01-09T04:32:00.301Z] [INFO] [49/90] CREATING Product: ekru-viskon-yumusak-kumasli-fitted-buzgu-drape-detayli-kayik-yaka-esnek-orme-bluz-twoaw25bz00225-lacivert-001
[2026-01-09T04:32:05.625Z] [INFO] [50/90] CREATING Product: ekru-viskon-yumusak-kumasli-fitted-buzgu-drape-detayli-kayik-yaka-esnek-orme-bluz-twoaw25bz00225-saks
[2026-01-09T04:32:12.405Z] [INFO] [51/90] CREATING Product: siyah-ottoman-dik-yaka-dugmeli-uzun-kol-vucuda-oturan-orme-bluz-twoaw26bz00191-bordo
[2026-01-09T04:32:18.836Z] [INFO] [52/90] CREATING Product: siyah-duz-premium-yumusak-kumasli-fitted-vucuda-oturan-kayik-yaka-orme-bluz-twoaw24bz00227-siyah
[2026-01-09T04:32:24.364Z] [INFO] [53/90] CREATING Product: siyah-duz-premium-yumusak-kumasli-fitted-vucuda-oturan-kayik-yaka-orme-bluz-twoaw24bz00227-gul-kurusu
[2026-01-09T04:32:29.892Z] [INFO] [54/90] CREATING Product: siyah-duz-premium-yumusak-kumasli-fitted-vucuda-oturan-kayik-yaka-orme-bluz-twoaw24bz00227-kahverengi
[2026-01-09T04:32:36.857Z] [INFO] [55/90] CREATING Product: siyah-duz-premium-yumusak-kumasli-fitted-vucuda-oturan-kayik-yaka-orme-bluz-twoaw24bz00227-haki-001
[2026-01-09T04:32:45.968Z] [INFO] [56/90] CREATING Product: siyah-duz-premium-yumusak-kumasli-fitted-vucuda-oturan-kayik-yaka-orme-bluz-twoaw24bz00227-antrasit
[2026-01-09T04:32:52.676Z] [INFO] [57/90] CREATING Product: siyah-duz-premium-yumusak-kumasli-fitted-vucuda-oturan-kayik-yaka-orme-bluz-twoaw24bz00227-acik-lacivert
[2026-01-09T04:33:04.672Z] [INFO] [58/90] CREATING Product: siyah-duz-premium-yumusak-kumasli-fitted-vucuda-oturan-kayik-yaka-orme-bluz-twoaw24bz00227-lacivert
[2026-01-09T04:33:22.938Z] [INFO] [59/90] CREATING Product: siyah-duz-premium-yumusak-kumasli-fitted-vucuda-oturan-kayik-yaka-orme-bluz-twoaw24bz00227-kirmizi-c
[2026-01-09T04:33:28.672Z] [INFO] [60/90] CREATING Product: siyah-duz-premium-yumusak-kumasli-fitted-vucuda-oturan-kayik-yaka-orme-bluz-twoaw24bz00227-ekru
[2026-01-09T04:33:34.878Z] [INFO] [61/90] CREATING Product: siyah-duz-premium-yumusak-kumasli-fitted-vucuda-oturan-kayik-yaka-orme-bluz-twoaw24bz00227-murdum
[2026-01-09T04:33:40.552Z] [INFO] [62/90] CREATING Product: siyah-duz-premium-yumusak-kumasli-fitted-vucuda-oturan-kayik-yaka-orme-bluz-twoaw24bz00227-tas-001
[2026-01-09T04:33:46.694Z] [INFO] [63/90] CREATING Product: siyah-duz-premium-yumusak-kumasli-fitted-vucuda-oturan-kayik-yaka-orme-bluz-twoaw24bz00227-haki
[2026-01-09T04:33:52.857Z] [INFO] [64/90] CREATING Product: siyah-transparan-dik-yaka-esnek-normal-boy-orme-bluz-twoaw26bz00266-ekru
[2026-01-09T04:33:59.085Z] [INFO] [65/90] CREATING Product: siyah-transparan-dik-yaka-esnek-normal-boy-orme-bluz-twoaw26bz00266-murdum
[2026-01-09T04:34:04.825Z] [INFO] [66/90] CREATING Product: siyah-transparan-dik-yaka-esnek-normal-boy-orme-bluz-twoaw26bz00266-kahverengi
[2026-01-09T04:34:09.835Z] [INFO] [67/90] CREATING Product: siyah-transparan-dik-yaka-esnek-normal-boy-orme-bluz-twoaw26bz00266-gri-melanj
[2026-01-09T04:34:15.077Z] [INFO] [68/90] CREATING Product: siyah-transparan-dik-yaka-esnek-normal-boy-orme-bluz-twoaw26bz00266-antrasit
[2026-01-09T04:34:20.912Z] [INFO] [69/90] CREATING Product: siyah-viskon-yumusak-kumasli-asimetrik-esnek-orme-bluz-twoaw25bz00233-bordo
[2026-01-09T04:34:35.282Z] [INFO] [70/90] CREATING Product: kahverengi-buzgulu-kare-yaka-vucuda-oturan-esnek-orme-bluz-twoss24bz00487-murdum
[2026-01-09T04:34:40.982Z] [INFO] [71/90] CREATING Product: kahverengi-buzgulu-kare-yaka-vucuda-oturan-esnek-orme-bluz-twoss24bz00487-zumrut-yesili
[2026-01-09T04:34:47.212Z] [INFO] [72/90] CREATING Product: kahverengi-buzgulu-kare-yaka-vucuda-oturan-esnek-orme-bluz-twoss24bz00487-siyah
[2026-01-09T04:34:53.168Z] [INFO] [73/90] CREATING Product: teen-lacivert-ekose-kareli-fitted-vucuda-oturan-dokuma-detayli-orme-bluz-twoaw26bz00008-kahverengi
[2026-01-09T04:34:59.618Z] [INFO] [74/90] CREATING Product: teen-lacivert-ekose-kareli-fitted-vucuda-oturan-dokuma-detayli-orme-bluz-twoaw26bz00008-antrasit
[2026-01-09T04:35:06.959Z] [INFO] [75/90] CREATING Product: antrasit-regular-normal-kalip-yarim-patli-selanik-kalin-orme-bluz-twoaw26bz00252-bordo
[2026-01-09T04:35:12.934Z] [INFO] [76/90] CREATING Product: siyah-aksesuar-detayli-dusuk-omuz-yilbasi-dokuma-bluz-twoaw26bz00280-ordek-basi-yesili
[2026-01-09T04:35:21.167Z] [INFO] [77/90] CREATING Product: siyah-aksesuar-detayli-dusuk-omuz-yilbasi-dokuma-bluz-twoaw26bz00280-sarap-rengi
[2026-01-09T04:35:32.780Z] [INFO] [78/90] CREATING Product: siyah-aksesuar-detayli-dusuk-omuz-yilbasi-dokuma-bluz-twoaw26bz00280-kahverengi
[2026-01-09T04:35:39.128Z] [INFO] [79/90] CREATING Product: siyah-dantel-detayli-kare-yaka-orme-party-yilbasi-bluz-tpraw26bz00045-koyu-kahverengi
[2026-01-09T04:35:44.967Z] [INFO] [80/90] CREATING Product: koyu-kahverengi-firfir-detayli-dokuma-bluz-twoaw26bz00290-siyah
[2026-01-09T04:35:50.703Z] [INFO] [81/90] CREATING Product: koyu-kahverengi-firfir-detayli-dokuma-bluz-twoaw26bz00290-koyu-bordo
[2026-01-09T04:35:57.259Z] [INFO] [82/90] CREATING Product: tas-dugmeli-bisiklet-yaka-vucuda-oturan-fitilli-esnek-orme-bluz-twoaw26bz00104-haki
[2026-01-09T04:36:03.094Z] [INFO] [83/90] CREATING Product: tas-dugmeli-bisiklet-yaka-vucuda-oturan-fitilli-esnek-orme-bluz-twoaw26bz00104-siyah
[2026-01-09T04:36:08.722Z] [INFO] [84/90] CREATING Product: tas-dugmeli-bisiklet-yaka-vucuda-oturan-fitilli-esnek-orme-bluz-twoaw26bz00104-kirmizi-c
[2026-01-09T04:36:13.987Z] [INFO] [85/90] CREATING Product: siyah-citcitli-fitted-vucuda-oturan-fitilli-esnek-orme-bluz-twoaw25bz00080-acik-kahverengi
[2026-01-09T04:36:19.136Z] [INFO] [86/90] CREATING Product: siyah-citcitli-fitted-vucuda-oturan-fitilli-esnek-orme-bluz-twoaw25bz00080-lacivert-001
[2026-01-09T04:36:25.106Z] [INFO] [87/90] CREATING Product: siyah-citcitli-fitted-vucuda-oturan-fitilli-esnek-orme-bluz-twoaw25bz00080-tas
[2026-01-09T04:36:31.252Z] [INFO] [88/90] CREATING Product: siyah-citcitli-fitted-vucuda-oturan-fitilli-esnek-orme-bluz-twoaw25bz00080-bordo-001
[2026-01-09T04:36:36.863Z] [INFO] [89/90] CREATING Product: siyah-citcitli-fitted-vucuda-oturan-fitilli-esnek-orme-bluz-twoaw25bz00080-gri-melanj
[2026-01-09T04:36:42.514Z] [INFO] [90/90] CREATING Product: siyah-citcitli-fitted-vucuda-oturan-fitilli-esnek-orme-bluz-twoaw25bz00080-antrasit
[2026-01-09T04:36:46.880Z] [INFO] 
✅ Created: 89, Updated: 0, Failed: 1

[2026-01-09T04:36:46.882Z] [INFO] ========================================
[2026-01-09T04:36:46.883Z] [INFO] 🎉 ALL DONE!
[2026-01-09T04:36:46.884Z] [INFO] Total time: 17 minutes
[2026-01-09T04:36:46.885Z] [INFO] 
😴 Resting for 60 minutes before next run...
[2026-01-09T04:36:46.887Z] [INFO] ========================================

[2026-01-09T04:55:33.803Z] [INFO] Loaded REST resources: 74 resources
[2026-01-09T04:55:33.807Z] [INFO] ========================================
[2026-01-09T04:55:33.808Z] [INFO] STEP 4: CLEANUP - REMOVING 0-IMAGE PRODUCTS
[2026-01-09T04:55:33.808Z] [INFO] ========================================

[2026-01-09T04:55:33.809Z] [INFO] 
🚀 TRENDYOL SCRAPER + SHOPIFY SYNC - STARTING

[2026-01-09T04:55:33.810Z] [INFO] Started at: 2026-01-09T04:55:33.810Z
[2026-01-09T04:55:33.810Z] [INFO] Command Args: ["C:\\Program Files\\nodejs\\node.exe","C:\\Users\\Bhavin Kapadiya\\OneDrive\\Documents\\GitHub\\trendyol-scraper\\index.js","--sync-only"]
[2026-01-09T04:55:33.811Z] [INFO] 💰 Price Multiplier: 3x (set in .env file)

[2026-01-09T04:55:33.812Z] [INFO] 🔄 MANUAL SYNC MODE DETECTED
[2026-01-09T04:55:33.812Z] [INFO]    Loading from RAW file (products.json)...
[2026-01-09T04:55:33.815Z] [INFO]    Loaded 90 products to sync.
[2026-01-09T04:55:33.816Z] [INFO] ========================================
[2026-01-09T04:55:33.816Z] [INFO] STEP 2: CREATING SHOPIFY COLLECTIONS
[2026-01-09T04:55:33.817Z] [INFO] ========================================

[2026-01-09T04:55:34.549Z] [INFO] ⏭️  Bluz - Already exists
[2026-01-09T04:55:35.025Z] [INFO] ⏭️  Kazak - Already exists
[2026-01-09T04:55:35.509Z] [INFO] ⏭️  Hırka - Already exists
[2026-01-09T04:55:35.986Z] [INFO] ⏭️  Jeans - Already exists
[2026-01-09T04:55:36.449Z] [INFO] ⏭️  Elbise - Already exists
[2026-01-09T04:55:36.882Z] [INFO] ⏭️  Pijama Takımı - Already exists
[2026-01-09T04:55:37.352Z] [INFO] ⏭️  Pantolon - Already exists
[2026-01-09T04:55:37.815Z] [INFO] ⏭️  Sweatshirt - Already exists
[2026-01-09T04:55:37.816Z] [INFO] 
[2026-01-09T04:55:37.817Z] [INFO] ========================================
[2026-01-09T04:55:37.817Z] [INFO] STEP 3: SYNCING PRODUCTS TO SHOPIFY (SPLIT STRATEGY)
[2026-01-09T04:55:37.818Z] [INFO] ========================================

[2026-01-09T04:55:37.818Z] [INFO] Fetching ALL existing Shopify products to check for duplicates...
[2026-01-09T04:55:38.316Z] [INFO]    Fetched 0 products so far...
[2026-01-09T04:55:38.317Z] [INFO] ✅ Found 0 total existing products

[2026-01-09T04:55:38.318Z] [INFO] 📋 Grouped 90 scraped items into 23 unique Model Groups for linking.
[2026-01-09T04:55:40.500Z] [INFO] [1/90] CREATING Product: kahverengi-kolsuz-kusakli-dokuma-bluz-twoaw26bz00057-kahverengi
[2026-01-09T04:55:54.698Z] [INFO] [2/90] CREATING Product: siyah-fitted-vucuda-oturan-asimetrik-yaka-detayli-yumusak-kumasli-esnek-orme-bluz-twoaw26bz00088-siyah
[2026-01-09T04:56:15.445Z] [INFO] [3/90] CREATING Product: ekru-dantelli-baglamali-v-yaka-dokuma-bluz-twoaw26bz00053-ekru
[2026-01-09T04:56:30.175Z] [INFO] [4/90] CREATING Product: tas-pamuklu-esnek-kayik-yaka-fitted-vucuda-oturan-esnek-orme-bluz-twoaw24bz00166-tas
[2026-01-09T04:56:46.808Z] [INFO] [5/90] CREATING Product: kahverengi-modalli-more-sustainable-kayik-yaka-relaxed-rahat-kesim-orme-bluz-twoaw25bz00282-kahverengi
[2026-01-09T04:56:59.555Z] [INFO] [6/90] CREATING Product: yag-yesili-buzgu-drape-detayli-dokumlu-asimetrik-yaka-orme-bluz-twoaw26bz00138-yag-yesil
[2026-01-09T04:57:11.397Z] [INFO] [7/90] CREATING Product: koyu-kahverengi-buzgu-drape-detayli-dokumlu-asimetrik-yaka-orme-bluz-twoaw26bz00138-koyu-kahverengi
[2026-01-09T04:57:25.600Z] [INFO] [8/90] CREATING Product: ekru-viskon-yumusak-kumasli-fitted-buzgu-drape-detayli-kayik-yaka-esnek-orme-bluz-twoaw25bz00225-ekru
[2026-01-09T04:57:44.229Z] [INFO] [9/90] CREATING Product: siyah-ottoman-dik-yaka-dugmeli-uzun-kol-vucuda-oturan-orme-bluz-twoaw26bz00191-siyah
[2026-01-09T04:58:01.787Z] [INFO] [10/90] CREATING Product: siyah-duz-premium-yumusak-kumasli-fitted-vucuda-oturan-kayik-yaka-orme-bluz-twoaw24bz00227-siyah-1001
[2026-01-09T04:58:18.110Z] [INFO] [11/90] CREATING Product: cok-renkli-cizgili-acik-omuzlu-sal-aksesuar-detayli-regular-normal-kalip-orme-bluz-twoaw26bz00308--ok
[2026-01-09T04:58:32.192Z] [INFO] [12/90] CREATING Product: siyah-tek-yirtmac-detayli-pamuklu-buzgulu-bisiklet-yaka-orme-bluz-twoaw24bz00388-siyah
[2026-01-09T04:58:48.509Z] [INFO] [13/90] CREATING Product: siyah-transparan-dik-yaka-esnek-normal-boy-orme-bluz-twoaw26bz00266-siyah
[2026-01-09T04:59:02.620Z] [INFO] [14/90] CREATING Product: siyah-viskon-yumusak-kumasli-asimetrik-esnek-orme-bluz-twoaw25bz00233-siyah
[2026-01-09T04:59:22.844Z] [INFO] [15/90] CREATING Product: kahverengi-buzgulu-kare-yaka-vucuda-oturan-esnek-orme-bluz-twoss24bz00487-kahverengi
[2026-01-09T04:59:41.285Z] [INFO] [16/90] CREATING Product: teen-lacivert-ekose-kareli-fitted-vucuda-oturan-dokuma-detayli-orme-bluz-twoaw26bz00008-lacivert
[2026-01-09T04:59:55.157Z] [INFO] [17/90] CREATING Product: antrasit-regular-normal-kalip-yarim-patli-selanik-kalin-orme-bluz-twoaw26bz00252-antrasit
[2026-01-09T05:00:08.234Z] [INFO] [18/90] CREATING Product: siyah-aksesuar-detayli-dusuk-omuz-yilbasi-dokuma-bluz-twoaw26bz00280-siyah
[2026-01-09T05:00:20.658Z] [INFO] [19/90] CREATING Product: siyah-dantel-detayli-kare-yaka-orme-party-yilbasi-bluz-tpraw26bz00045-siyah
[2026-01-09T05:00:33.125Z] [INFO] [20/90] CREATING Product: koyu-kahverengi-firfir-detayli-dokuma-bluz-twoaw26bz00290-koyu-kahverengi
[2026-01-09T05:00:46.213Z] [INFO] [21/90] CREATING Product: antrasit-dik-yaka-buzgu-drape-detayli-regular-normal-kalip-orme-bluz-twoaw25bz00221-antrasit
[2026-01-09T05:00:59.166Z] [INFO] [22/90] CREATING Product: tas-dugmeli-bisiklet-yaka-vucuda-oturan-fitilli-esnek-orme-bluz-twoaw26bz00104-tas
[2026-01-09T05:01:17.930Z] [INFO] [23/90] CREATING Product: siyah-citcitli-fitted-vucuda-oturan-fitilli-esnek-orme-bluz-twoaw25bz00080-siyah
[2026-01-09T05:01:39.743Z] [INFO] [24/90] CREATING Product: ozel-koleksiyon-siyah-degaje-yaka-asimetrik-kesim-saten-party-yilbasi-bluz-tpraw26bz00044--zel
[2026-01-09T05:01:59.425Z] [INFO] [25/90] CREATING Product: kahverengi-kolsuz-kusakli-dokuma-bluz-twoaw26bz00057-siyah
[2026-01-09T05:02:10.623Z] [INFO] [26/90] CREATING Product: kahverengi-kolsuz-kusakli-dokuma-bluz-twoaw26bz00057-beyaz
[2026-01-09T05:02:21.110Z] [INFO] [27/90] CREATING Product: siyah-fitted-vucuda-oturan-asimetrik-yaka-detayli-yumusak-kumasli-esnek-orme-bluz-twoaw26bz00088-bordo
[2026-01-09T05:02:32.249Z] [INFO] [28/90] CREATING Product: siyah-fitted-vucuda-oturan-asimetrik-yaka-detayli-yumusak-kumasli-esnek-orme-bluz-twoaw26bz00088-kahverengi
[2026-01-09T05:02:42.930Z] [INFO] [29/90] CREATING Product: siyah-fitted-vucuda-oturan-asimetrik-yaka-detayli-yumusak-kumasli-esnek-orme-bluz-twoaw26bz00088-tas
[2026-01-09T05:02:52.652Z] [INFO] [30/90] CREATING Product: siyah-fitted-vucuda-oturan-asimetrik-yaka-detayli-yumusak-kumasli-esnek-orme-bluz-twoaw26bz00088-yag-yesil
[2026-01-09T05:03:04.201Z] [INFO] [31/90] CREATING Product: ekru-dantelli-baglamali-v-yaka-dokuma-bluz-twoaw26bz00053-siyah
[2026-01-09T05:03:17.610Z] [INFO] [32/90] CREATING Product: tas-pamuklu-esnek-kayik-yaka-fitted-vucuda-oturan-esnek-orme-bluz-twoaw24bz00166-bordo
[2026-01-09T05:03:32.502Z] [INFO] [33/90] CREATING Product: tas-pamuklu-esnek-kayik-yaka-fitted-vucuda-oturan-esnek-orme-bluz-twoaw24bz00166-kahverengi
[2026-01-09T05:03:46.894Z] [INFO] [34/90] CREATING Product: tas-pamuklu-esnek-kayik-yaka-fitted-vucuda-oturan-esnek-orme-bluz-twoaw24bz00166-siyah
[2026-01-09T05:04:05.627Z] [INFO] [35/90] CREATING Product: tas-pamuklu-esnek-kayik-yaka-fitted-vucuda-oturan-esnek-orme-bluz-twoaw24bz00166-kirmizi-c
[2026-01-09T05:04:25.014Z] [INFO] [36/90] CREATING Product: tas-pamuklu-esnek-kayik-yaka-fitted-vucuda-oturan-esnek-orme-bluz-twoaw24bz00166-zumrut-yesili
[2026-01-09T05:04:42.674Z] [INFO] [37/90] CREATING Product: tas-pamuklu-esnek-kayik-yaka-fitted-vucuda-oturan-esnek-orme-bluz-twoaw24bz00166-saks
[2026-01-09T05:05:03.641Z] [INFO] [38/90] CREATING Product: kahverengi-modalli-more-sustainable-kayik-yaka-relaxed-rahat-kesim-orme-bluz-twoaw25bz00282-indigo
[2026-01-09T05:05:24.970Z] [INFO] [39/90] CREATING Product: kahverengi-modalli-more-sustainable-kayik-yaka-relaxed-rahat-kesim-orme-bluz-twoaw25bz00282-antrasit
[2026-01-09T05:05:43.347Z] [INFO] [40/90] CREATING Product: kahverengi-modalli-more-sustainable-kayik-yaka-relaxed-rahat-kesim-orme-bluz-twoaw25bz00282-murdum
[2026-01-09T05:05:58.551Z] [INFO] [41/90] CREATING Product: kahverengi-modalli-more-sustainable-kayik-yaka-relaxed-rahat-kesim-orme-bluz-twoaw25bz00282-yesil
[2026-01-09T05:06:10.515Z] [INFO] [42/90] CREATING Product: yag-yesili-buzgu-drape-detayli-dokumlu-asimetrik-yaka-orme-bluz-twoaw26bz00138-siyah
[2026-01-09T05:06:22.843Z] [INFO] [43/90] CREATING Product: yag-yesili-buzgu-drape-detayli-dokumlu-asimetrik-yaka-orme-bluz-twoaw26bz00138-kirmizi-c
[2026-01-09T05:06:42.146Z] [INFO] [44/90] CREATING Product: ekru-viskon-yumusak-kumasli-fitted-buzgu-drape-detayli-kayik-yaka-esnek-orme-bluz-twoaw25bz00225-antrasit
[2026-01-09T05:07:02.957Z] [INFO] [45/90] CREATING Product: ekru-viskon-yumusak-kumasli-fitted-buzgu-drape-detayli-kayik-yaka-esnek-orme-bluz-twoaw25bz00225-siyah
[2026-01-09T05:07:21.885Z] [INFO] [46/90] CREATING Product: ekru-viskon-yumusak-kumasli-fitted-buzgu-drape-detayli-kayik-yaka-esnek-orme-bluz-twoaw25bz00225-kirmizi-c
[2026-01-09T05:07:43.140Z] [INFO] [47/90] CREATING Product: ekru-viskon-yumusak-kumasli-fitted-buzgu-drape-detayli-kayik-yaka-esnek-orme-bluz-twoaw25bz00225-yag-yesil
[2026-01-09T05:08:02.628Z] [INFO] [48/90] CREATING Product: ekru-viskon-yumusak-kumasli-fitted-buzgu-drape-detayli-kayik-yaka-esnek-orme-bluz-twoaw25bz00225-kahverengi-001
[2026-01-09T05:08:16.849Z] [INFO] [49/90] CREATING Product: ekru-viskon-yumusak-kumasli-fitted-buzgu-drape-detayli-kayik-yaka-esnek-orme-bluz-twoaw25bz00225-lacivert-001
[2026-01-09T05:08:36.946Z] [INFO] [50/90] CREATING Product: ekru-viskon-yumusak-kumasli-fitted-buzgu-drape-detayli-kayik-yaka-esnek-orme-bluz-twoaw25bz00225-saks
[2026-01-09T05:08:53.572Z] [INFO] [51/90] CREATING Product: siyah-ottoman-dik-yaka-dugmeli-uzun-kol-vucuda-oturan-orme-bluz-twoaw26bz00191-bordo
[2026-01-09T05:09:10.794Z] [INFO] [52/90] CREATING Product: siyah-duz-premium-yumusak-kumasli-fitted-vucuda-oturan-kayik-yaka-orme-bluz-twoaw24bz00227-siyah
[2026-01-09T05:09:25.222Z] [INFO] [53/90] CREATING Product: siyah-duz-premium-yumusak-kumasli-fitted-vucuda-oturan-kayik-yaka-orme-bluz-twoaw24bz00227-gul-kurusu
[2026-01-09T05:09:38.844Z] [INFO] [54/90] CREATING Product: siyah-duz-premium-yumusak-kumasli-fitted-vucuda-oturan-kayik-yaka-orme-bluz-twoaw24bz00227-kahverengi
[2026-01-09T05:10:00.463Z] [INFO] [55/90] CREATING Product: siyah-duz-premium-yumusak-kumasli-fitted-vucuda-oturan-kayik-yaka-orme-bluz-twoaw24bz00227-haki-001
[2026-01-09T05:10:18.887Z] [INFO] [56/90] CREATING Product: siyah-duz-premium-yumusak-kumasli-fitted-vucuda-oturan-kayik-yaka-orme-bluz-twoaw24bz00227-antrasit
[2026-01-09T05:10:41.591Z] [INFO] [57/90] CREATING Product: siyah-duz-premium-yumusak-kumasli-fitted-vucuda-oturan-kayik-yaka-orme-bluz-twoaw24bz00227-acik-lacivert
[2026-01-09T05:11:05.373Z] [INFO] [58/90] CREATING Product: siyah-duz-premium-yumusak-kumasli-fitted-vucuda-oturan-kayik-yaka-orme-bluz-twoaw24bz00227-lacivert
[2026-01-09T05:11:27.065Z] [INFO] [59/90] CREATING Product: siyah-duz-premium-yumusak-kumasli-fitted-vucuda-oturan-kayik-yaka-orme-bluz-twoaw24bz00227-kirmizi-c
[2026-01-09T05:11:46.344Z] [INFO] [60/90] CREATING Product: siyah-duz-premium-yumusak-kumasli-fitted-vucuda-oturan-kayik-yaka-orme-bluz-twoaw24bz00227-ekru
[2026-01-09T05:12:06.924Z] [INFO] [61/90] CREATING Product: siyah-duz-premium-yumusak-kumasli-fitted-vucuda-oturan-kayik-yaka-orme-bluz-twoaw24bz00227-murdum
[2026-01-09T05:12:18.801Z] [INFO] [62/90] CREATING Product: siyah-duz-premium-yumusak-kumasli-fitted-vucuda-oturan-kayik-yaka-orme-bluz-twoaw24bz00227-tas-001
[2026-01-09T05:12:32.397Z] [INFO] [63/90] CREATING Product: siyah-duz-premium-yumusak-kumasli-fitted-vucuda-oturan-kayik-yaka-orme-bluz-twoaw24bz00227-haki
[2026-01-09T05:12:59.122Z] [INFO] [64/90] CREATING Product: siyah-transparan-dik-yaka-esnek-normal-boy-orme-bluz-twoaw26bz00266-ekru
[2026-01-09T05:13:10.499Z] [INFO] [65/90] CREATING Product: siyah-transparan-dik-yaka-esnek-normal-boy-orme-bluz-twoaw26bz00266-murdum
[2026-01-09T05:13:22.007Z] [INFO] [66/90] CREATING Product: siyah-transparan-dik-yaka-esnek-normal-boy-orme-bluz-twoaw26bz00266-kahverengi
[2026-01-09T05:13:35.062Z] [INFO] [67/90] CREATING Product: siyah-transparan-dik-yaka-esnek-normal-boy-orme-bluz-twoaw26bz00266-gri-melanj
[2026-01-09T05:13:47.224Z] [INFO] [68/90] CREATING Product: siyah-transparan-dik-yaka-esnek-normal-boy-orme-bluz-twoaw26bz00266-antrasit
[2026-01-09T05:13:59.615Z] [INFO] [69/90] CREATING Product: siyah-viskon-yumusak-kumasli-asimetrik-esnek-orme-bluz-twoaw25bz00233-bordo
[2026-01-09T05:14:13.773Z] [INFO] [70/90] CREATING Product: kahverengi-buzgulu-kare-yaka-vucuda-oturan-esnek-orme-bluz-twoss24bz00487-murdum
[2026-01-09T05:14:42.833Z] [INFO] [71/90] CREATING Product: kahverengi-buzgulu-kare-yaka-vucuda-oturan-esnek-orme-bluz-twoss24bz00487-zumrut-yesili
[2026-01-09T05:15:04.229Z] [INFO] [72/90] CREATING Product: kahverengi-buzgulu-kare-yaka-vucuda-oturan-esnek-orme-bluz-twoss24bz00487-siyah
[2026-01-09T05:15:25.603Z] [INFO] [73/90] CREATING Product: teen-lacivert-ekose-kareli-fitted-vucuda-oturan-dokuma-detayli-orme-bluz-twoaw26bz00008-kahverengi
[2026-01-09T05:15:37.023Z] [INFO] [74/90] CREATING Product: teen-lacivert-ekose-kareli-fitted-vucuda-oturan-dokuma-detayli-orme-bluz-twoaw26bz00008-antrasit
[2026-01-09T05:15:51.793Z] [INFO] [75/90] CREATING Product: antrasit-regular-normal-kalip-yarim-patli-selanik-kalin-orme-bluz-twoaw26bz00252-bordo
[2026-01-09T05:16:03.434Z] [INFO] [76/90] CREATING Product: siyah-aksesuar-detayli-dusuk-omuz-yilbasi-dokuma-bluz-twoaw26bz00280-ordek-basi-yesili
[2026-01-09T05:16:16.399Z] [INFO] [77/90] CREATING Product: siyah-aksesuar-detayli-dusuk-omuz-yilbasi-dokuma-bluz-twoaw26bz00280-sarap-rengi
[2026-01-09T05:16:32.881Z] [INFO] [78/90] CREATING Product: siyah-aksesuar-detayli-dusuk-omuz-yilbasi-dokuma-bluz-twoaw26bz00280-kahverengi
[2026-01-09T05:16:46.974Z] [INFO] [79/90] CREATING Product: siyah-dantel-detayli-kare-yaka-orme-party-yilbasi-bluz-tpraw26bz00045-koyu-kahverengi
[2026-01-09T05:17:01.047Z] [INFO] [80/90] CREATING Product: koyu-kahverengi-firfir-detayli-dokuma-bluz-twoaw26bz00290-siyah
[2026-01-09T05:17:18.096Z] [INFO] [81/90] CREATING Product: koyu-kahverengi-firfir-detayli-dokuma-bluz-twoaw26bz00290-koyu-bordo
[2026-01-09T05:17:40.582Z] [INFO] [82/90] CREATING Product: tas-dugmeli-bisiklet-yaka-vucuda-oturan-fitilli-esnek-orme-bluz-twoaw26bz00104-haki
[2026-01-09T05:17:54.418Z] [INFO] [83/90] CREATING Product: tas-dugmeli-bisiklet-yaka-vucuda-oturan-fitilli-esnek-orme-bluz-twoaw26bz00104-siyah
[2026-01-09T05:18:11.470Z] [INFO] [84/90] CREATING Product: tas-dugmeli-bisiklet-yaka-vucuda-oturan-fitilli-esnek-orme-bluz-twoaw26bz00104-kirmizi-c
[2026-01-09T05:18:43.925Z] [INFO] [85/90] CREATING Product: siyah-citcitli-fitted-vucuda-oturan-fitilli-esnek-orme-bluz-twoaw25bz00080-acik-kahverengi
[2026-01-09T05:18:59.414Z] [INFO] [86/90] CREATING Product: siyah-citcitli-fitted-vucuda-oturan-fitilli-esnek-orme-bluz-twoaw25bz00080-lacivert-001
[2026-01-09T05:19:17.045Z] [INFO] [87/90] CREATING Product: siyah-citcitli-fitted-vucuda-oturan-fitilli-esnek-orme-bluz-twoaw25bz00080-tas
[2026-01-09T05:19:35.747Z] [INFO] [88/90] CREATING Product: siyah-citcitli-fitted-vucuda-oturan-fitilli-esnek-orme-bluz-twoaw25bz00080-bordo-001
[2026-01-09T05:19:54.419Z] [INFO] [89/90] CREATING Product: siyah-citcitli-fitted-vucuda-oturan-fitilli-esnek-orme-bluz-twoaw25bz00080-gri-melanj
[2026-01-09T05:20:14.745Z] [INFO] [90/90] CREATING Product: siyah-citcitli-fitted-vucuda-oturan-fitilli-esnek-orme-bluz-twoaw25bz00080-antrasit
[2026-01-09T05:20:24.050Z] [INFO] 
✅ Created: 90, Updated: 0, Failed: 0

[2026-01-09T05:20:24.051Z] [INFO] ========================================
[2026-01-09T05:20:24.052Z] [INFO] 🎉 ALL DONE!
[2026-01-09T05:20:24.053Z] [INFO] Total time: 25 minutes
[2026-01-09T05:20:24.054Z] [INFO] 
😴 Resting for 60 minutes before next run...
[2026-01-09T05:20:24.055Z] [INFO] ========================================

[2026-01-09T09:26:53.048Z] [INFO] Loaded REST resources: 74 resources
[2026-01-09T09:26:53.052Z] [INFO] ========================================
[2026-01-09T09:26:53.053Z] [INFO] STEP 4: CLEANUP - REMOVING 0-IMAGE PRODUCTS
[2026-01-09T09:26:53.053Z] [INFO] ========================================

[2026-01-09T09:26:53.054Z] [INFO] 
🚀 TRENDYOL SCRAPER + SHOPIFY SYNC - STARTING

[2026-01-09T09:26:53.054Z] [INFO] Started at: 2026-01-09T09:26:53.054Z
[2026-01-09T09:26:53.055Z] [INFO] Command Args: ["C:\\Program Files\\nodejs\\node.exe","C:\\Users\\Bhavin Kapadiya\\OneDrive\\Documents\\GitHub\\trendyol-scraper\\index.js"]
[2026-01-09T09:26:53.056Z] [INFO] 💰 Price Multiplier: 3x (set in .env file)

[2026-01-09T09:26:53.056Z] [INFO] ========================================
[2026-01-09T09:26:53.057Z] [INFO] STEP 1: SCRAPING PRODUCTS FROM TRENDYOL
[2026-01-09T09:26:53.057Z] [INFO] ========================================

[2026-01-09T09:26:53.058Z] [INFO] 
📦 Scraping: Bluz
[2026-01-09T09:26:53.059Z] [INFO] Starting browser...
[2026-01-09T09:27:00.808Z] [INFO] Navigating to Bluz (Page 1): https://www.trendyol-milla.com/sr?q=trendyolmilla%20bluz&qt=trendyolmilla%20bluz&st=trendyolmilla%20bluz&pi=1
[2026-01-09T09:27:08.629Z] [INFO] Extracted 24 products from Bluz (Page 1)
[2026-01-09T09:27:08.629Z] [INFO] Fetching details for 24 new products...
[2026-01-09T09:27:08.630Z] [INFO] [Page 1] [1/24] Fetching details for: Siyah Fitted/Vücuda Oturan Kayık Yaka Aksesuar Det...
[2026-01-09T09:27:08.687Z] [INFO] Fetching details for: https://www.trendyol-milla.com/trendyolmilla/siyah...
[2026-01-09T09:27:23.358Z] [INFO] [Page 1] [2/24] Fetching details for: Siyah Düz Premium Yumuşak Kumaşlı Fitted/Vücuda Ot...
[2026-01-09T09:27:23.464Z] [INFO] Fetching details for: https://www.trendyol-milla.com/trendyolmilla/siyah...
[2026-01-09T09:27:37.041Z] [INFO]    🎨 Found 12 color variants.
[2026-01-09T09:27:37.042Z] [INFO]       -> Adding new variant to queue: siyah (https://www.trendyol-milla.com/trendyolmilla/siyah-duz-premium-yumusak-kumasli-fitted-vucuda-oturan-kayik-yaka-orme-bluz-twoaw24bz00227-p-755253562)
[2026-01-09T09:27:37.043Z] [INFO]       -> Adding new variant to queue: kirmizi-c (https://www.trendyol-milla.com/trendyolmilla/siyah-duz-premium-yumusak-kumasli-fitted-vucuda-oturan-kayik-yaka-orme-bluz-twoaw24bz00227-p-732699158)
[2026-01-09T09:27:37.043Z] [INFO]       -> Adding new variant to queue: ekru (https://www.trendyol-milla.com/trendyolmilla/siyah-duz-premium-yumusak-kumasli-fitted-vucuda-oturan-kayik-yaka-orme-bluz-twoaw24bz00227-p-779920353)
[2026-01-09T09:27:37.044Z] [INFO]       -> Adding new variant to queue: haki-001 (https://www.trendyol-milla.com/trendyolmilla/siyah-duz-premium-yumusak-kumasli-fitted-vucuda-oturan-kayik-yaka-orme-bluz-twoaw24bz00227-p-865154781)
[2026-01-09T09:27:37.044Z] [INFO]       -> Adding new variant to queue: lacivert (https://www.trendyol-milla.com/trendyolmilla/siyah-duz-premium-yumusak-kumasli-fitted-vucuda-oturan-kayik-yaka-orme-bluz-twoaw24bz00227-p-732699160)
[2026-01-09T09:27:37.045Z] [INFO]       -> Adding new variant to queue: tas-001 (https://www.trendyol-milla.com/trendyolmilla/siyah-duz-premium-yumusak-kumasli-fitted-vucuda-oturan-kayik-yaka-orme-bluz-twoaw24bz00227-p-994374468)
[2026-01-09T09:27:37.045Z] [INFO]       -> Adding new variant to queue: gul-kurusu (https://www.trendyol-milla.com/trendyolmilla/siyah-duz-premium-yumusak-kumasli-fitted-vucuda-oturan-kayik-yaka-orme-bluz-twoaw24bz00227-p-944609527)
[2026-01-09T09:27:37.046Z] [INFO]       -> Adding new variant to queue: kahverengi (https://www.trendyol-milla.com/trendyolmilla/siyah-duz-premium-yumusak-kumasli-fitted-vucuda-oturan-kayik-yaka-orme-bluz-twoaw24bz00227-p-944609443)
[2026-01-09T09:27:37.046Z] [INFO]       -> Adding new variant to queue: acik-lacivert (https://www.trendyol-milla.com/trendyolmilla/siyah-duz-premium-yumusak-kumasli-fitted-vucuda-oturan-kayik-yaka-orme-bluz-twoaw24bz00227-p-783178080)
[2026-01-09T09:27:37.049Z] [INFO]       -> Adding new variant to queue: murdum (https://www.trendyol-milla.com/trendyolmilla/siyah-duz-premium-yumusak-kumasli-fitted-vucuda-oturan-kayik-yaka-orme-bluz-twoaw24bz00227-p-992196372)
[2026-01-09T09:27:37.050Z] [INFO]       -> Adding new variant to queue: haki (https://www.trendyol-milla.com/trendyolmilla/siyah-duz-premium-yumusak-kumasli-fitted-vucuda-oturan-kayik-yaka-orme-bluz-twoaw24bz00227-p-767486153)
[2026-01-09T09:27:37.050Z] [INFO]       -> Adding new variant to queue: antrasit (https://www.trendyol-milla.com/trendyolmilla/siyah-duz-premium-yumusak-kumasli-fitted-vucuda-oturan-kayik-yaka-orme-bluz-twoaw24bz00227-p-859240980)
[2026-01-09T09:27:38.053Z] [INFO] [Page 1] [3/36] Fetching details for: Çok Renkli Çizgili Açık Omuzlu Şal Aksesuar Detayl...
[2026-01-09T09:27:38.116Z] [INFO] Fetching details for: https://www.trendyol-milla.com/trendyolmilla/cok-r...
[2026-01-09T09:27:53.079Z] [INFO] [Page 1] [4/36] Fetching details for: Siyah Fitted/Vücuda Oturan Asimetrik yaka Detaylı ...
[2026-01-09T09:27:53.144Z] [INFO] Fetching details for: https://www.trendyol-milla.com/trendyolmilla/siyah...
[2026-01-09T09:28:07.168Z] [INFO]    🎨 Found 4 color variants.
[2026-01-09T09:28:07.169Z] [INFO]       -> Adding new variant to queue: yag-yesil (https://www.trendyol-milla.com/trendyolmilla/siyah-fitted-vucuda-oturan-asimetrik-yaka-detayli-yumusak-kumasli-esnek-orme-bluz-twoaw26bz00088-p-975962178)
[2026-01-09T09:28:07.170Z] [INFO]       -> Adding new variant to queue: bordo (https://www.trendyol-milla.com/trendyolmilla/siyah-fitted-vucuda-oturan-asimetrik-yaka-detayli-yumusak-kumasli-esnek-orme-bluz-twoaw26bz00088-p-945259183)
[2026-01-09T09:28:07.170Z] [INFO]       -> Adding new variant to queue: tas (https://www.trendyol-milla.com/trendyolmilla/siyah-fitted-vucuda-oturan-asimetrik-yaka-detayli-yumusak-kumasli-esnek-orme-bluz-twoaw26bz00088-p-945258704)
[2026-01-09T09:28:07.171Z] [INFO]       -> Adding new variant to queue: kahverengi (https://www.trendyol-milla.com/trendyolmilla/siyah-fitted-vucuda-oturan-asimetrik-yaka-detayli-yumusak-kumasli-esnek-orme-bluz-twoaw26bz00088-p-986195236)
[2026-01-09T09:28:08.182Z] [INFO] [Page 1] [5/40] Fetching details for: Gri İspanyol Kol Büzgü Detaylı Regular/Normal Kalı...
[2026-01-09T09:28:08.245Z] [INFO] Fetching details for: https://www.trendyol-milla.com/trendyolmilla/gri-i...
[2026-01-09T09:28:22.436Z] [INFO]    🎨 Found 1 color variants.
[2026-01-09T09:28:22.436Z] [INFO]       -> Adding new variant to queue: siyah (https://www.trendyol-milla.com/trendyolmilla/gri-ispanyol-kol-buzgu-detayli-regular-normal-kalip-orme-bluz-twoaw26bz00293-p-1055778699)
[2026-01-09T09:28:23.450Z] [INFO] [Page 1] [6/41] Fetching details for: Kahverengi Kolsuz Kuşaklı Dokuma Bluz TWOAW26BZ000...
[2026-01-09T09:28:23.526Z] [INFO] Fetching details for: https://www.trendyol-milla.com/trendyolmilla/kahve...
[2026-01-09T09:28:37.222Z] [INFO]    🎨 Found 2 color variants.
[2026-01-09T09:28:37.224Z] [INFO]       -> Adding new variant to queue: beyaz (https://www.trendyol-milla.com/trendyolmilla/kahverengi-kolsuz-kusakli-dokuma-bluz-twoaw26bz00057-p-955337738)
[2026-01-09T09:28:37.225Z] [INFO]       -> Adding new variant to queue: siyah (https://www.trendyol-milla.com/trendyolmilla/kahverengi-kolsuz-kusakli-dokuma-bluz-twoaw26bz00057-p-955337741)
[2026-01-09T09:28:38.232Z] [INFO] [Page 1] [7/43] Fetching details for: Taş Pamuklu Esnek Kayık Yaka Fitted/Vücuda Oturan ...
[2026-01-09T09:28:38.284Z] [INFO] Fetching details for: https://www.trendyol-milla.com/trendyolmilla/tas-p...
[2026-01-09T09:28:51.754Z] [INFO]    🎨 Found 6 color variants.
[2026-01-09T09:28:51.756Z] [INFO]       -> Adding new variant to queue: siyah (https://www.trendyol-milla.com/trendyolmilla/tas-pamuklu-esnek-kayik-yaka-fitted-vucuda-oturan-esnek-orme-bluz-twoaw24bz00166-p-719816635)
[2026-01-09T09:28:51.757Z] [INFO]       -> Adding new variant to queue: kirmizi-c (https://www.trendyol-milla.com/trendyolmilla/tas-pamuklu-esnek-kayik-yaka-fitted-vucuda-oturan-esnek-orme-bluz-twoaw24bz00166-p-835667281)
[2026-01-09T09:28:51.758Z] [INFO]       -> Adding new variant to queue: kahverengi (https://www.trendyol-milla.com/trendyolmilla/tas-pamuklu-esnek-kayik-yaka-fitted-vucuda-oturan-esnek-orme-bluz-twoaw24bz00166-p-995542687)
[2026-01-09T09:28:51.759Z] [INFO]       -> Adding new variant to queue: saks (https://www.trendyol-milla.com/trendyolmilla/tas-pamuklu-esnek-kayik-yaka-fitted-vucuda-oturan-esnek-orme-bluz-twoaw24bz00166-p-719816659)
[2026-01-09T09:28:51.761Z] [INFO]       -> Adding new variant to queue: zumrut-yesili (https://www.trendyol-milla.com/trendyolmilla/tas-pamuklu-esnek-kayik-yaka-fitted-vucuda-oturan-esnek-orme-bluz-twoaw24bz00166-p-859132821)
[2026-01-09T09:28:51.767Z] [INFO]       -> Adding new variant to queue: bordo (https://www.trendyol-milla.com/trendyolmilla/tas-pamuklu-esnek-kayik-yaka-fitted-vucuda-oturan-esnek-orme-bluz-twoaw24bz00166-p-859132820)
[2026-01-09T09:28:52.777Z] [INFO] [Page 1] [8/49] Fetching details for: Ekru Viskon/Yumuşak Kumaşlı Fitted Büzgü/Drape Det...
[2026-01-09T09:28:52.832Z] [INFO] Fetching details for: https://www.trendyol-milla.com/trendyolmilla/ekru-...
[2026-01-09T09:29:06.345Z] [INFO]    🎨 Found 7 color variants.
[2026-01-09T09:29:06.346Z] [INFO]       -> Adding new variant to queue: antrasit (https://www.trendyol-milla.com/trendyolmilla/ekru-viskon-yumusak-kumasli-fitted-buzgu-drape-detayli-kayik-yaka-esnek-orme-bluz-twoaw25bz00225-p-845181730)
[2026-01-09T09:29:06.346Z] [INFO]       -> Adding new variant to queue: saks (https://www.trendyol-milla.com/trendyolmilla/ekru-viskon-yumusak-kumasli-fitted-buzgu-drape-detayli-kayik-yaka-esnek-orme-bluz-twoaw25bz00225-p-869267085)
[2026-01-09T09:29:06.347Z] [INFO]       -> Adding new variant to queue: kirmizi-c (https://www.trendyol-milla.com/trendyolmilla/ekru-viskon-yumusak-kumasli-fitted-buzgu-drape-detayli-kayik-yaka-esnek-orme-bluz-twoaw25bz00225-p-845181729)
[2026-01-09T09:29:06.348Z] [INFO]       -> Adding new variant to queue: siyah (https://www.trendyol-milla.com/trendyolmilla/ekru-viskon-yumusak-kumasli-fitted-buzgu-drape-detayli-kayik-yaka-esnek-orme-bluz-twoaw25bz00225-p-858115852)
[2026-01-09T09:29:06.348Z] [INFO]       -> Adding new variant to queue: yag-yesil (https://www.trendyol-milla.com/trendyolmilla/ekru-viskon-yumusak-kumasli-fitted-buzgu-drape-detayli-kayik-yaka-esnek-orme-bluz-twoaw25bz00225-p-945191517)
[2026-01-09T09:29:06.348Z] [INFO]       -> Adding new variant to queue: lacivert-001 (https://www.trendyol-milla.com/trendyolmilla/ekru-viskon-yumusak-kumasli-fitted-buzgu-drape-detayli-kayik-yaka-esnek-orme-bluz-twoaw25bz00225-p-858115850)
[2026-01-09T09:29:06.349Z] [INFO]       -> Adding new variant to queue: kahverengi-001 (https://www.trendyol-milla.com/trendyolmilla/ekru-viskon-yumusak-kumasli-fitted-buzgu-drape-detayli-kayik-yaka-esnek-orme-bluz-twoaw25bz00225-p-986227409)
[2026-01-09T09:29:07.362Z] [INFO] [Page 1] [9/56] Fetching details for: Ekru Dantelli Bağlamalı V Yaka Dokuma Bluz TWOAW26...
[2026-01-09T09:29:07.432Z] [INFO] Fetching details for: https://www.trendyol-milla.com/trendyolmilla/ekru-...
[2026-01-09T09:29:21.011Z] [INFO]    🎨 Found 1 color variants.
[2026-01-09T09:29:21.013Z] [INFO]       -> Adding new variant to queue: siyah (https://www.trendyol-milla.com/trendyolmilla/ekru-dantelli-baglamali-v-yaka-dokuma-bluz-twoaw26bz00053-p-962331505)
[2026-01-09T09:29:22.029Z] [INFO] [Page 1] [10/57] Fetching details for: Kahverengi Dantel Garnili Kaplı Party Bluz TPRSS26...
[2026-01-09T09:29:22.087Z] [INFO] Fetching details for: https://www.trendyol-milla.com/trendyolmilla/kahve...
[2026-01-09T09:29:36.534Z] [INFO] [Page 1] [11/57] Fetching details for: Haki Soyut Çiçekli Anvelop Fitted/Vücuda Oturan Tü...
[2026-01-09T09:29:36.593Z] [INFO] Fetching details for: https://www.trendyol-milla.com/trendyolmilla/haki-...
[2026-01-09T09:29:50.409Z] [INFO]    🎨 Found 2 color variants.
[2026-01-09T09:29:50.410Z] [INFO]       -> Adding new variant to queue: bordo (https://www.trendyol-milla.com/trendyolmilla/haki-soyut-cicekli-anvelop-fitted-vucuda-oturan-tul-orme-bluz-twoaw26bz00226-p-1056271083)
[2026-01-09T09:29:50.413Z] [INFO]       -> Adding new variant to queue: kahverengi (https://www.trendyol-milla.com/trendyolmilla/haki-soyut-cicekli-anvelop-fitted-vucuda-oturan-tul-orme-bluz-twoaw26bz00226-p-969459076)
[2026-01-09T09:29:51.436Z] [INFO] [Page 1] [12/59] Fetching details for: Siyah  Transparan Dik Yaka Esnek Normal Boy Örme B...
[2026-01-09T09:29:51.507Z] [INFO] Fetching details for: https://www.trendyol-milla.com/trendyolmilla/siyah...
[2026-01-09T09:30:05.092Z] [INFO]    🎨 Found 7 color variants.
[2026-01-09T09:30:05.093Z] [INFO]       -> Adding new variant to queue: ekru (https://www.trendyol-milla.com/trendyolmilla/siyah-transparan-dik-yaka-esnek-normal-boy-orme-bluz-twoaw26bz00266-p-976797047)
[2026-01-09T09:30:05.094Z] [INFO]       -> Adding new variant to queue: mor (https://www.trendyol-milla.com/trendyolmilla/siyah-transparan-dik-yaka-esnek-normal-boy-orme-bluz-twoaw26bz00266-p-1060328325)
[2026-01-09T09:30:05.094Z] [INFO]       -> Adding new variant to queue: gri-melanj (https://www.trendyol-milla.com/trendyolmilla/siyah-transparan-dik-yaka-esnek-normal-boy-orme-bluz-twoaw26bz00266-p-1044004471)
[2026-01-09T09:30:05.095Z] [INFO]       -> Adding new variant to queue: murdum (https://www.trendyol-milla.com/trendyolmilla/siyah-transparan-dik-yaka-esnek-normal-boy-orme-bluz-twoaw26bz00266-p-1025944415)
[2026-01-09T09:30:05.096Z] [INFO]       -> Adding new variant to queue: zumrut-yesili (https://www.trendyol-milla.com/trendyolmilla/siyah-transparan-dik-yaka-esnek-normal-boy-orme-bluz-twoaw26bz00266-p-1060161182)
[2026-01-09T09:30:05.096Z] [INFO]       -> Adding new variant to queue: antrasit (https://www.trendyol-milla.com/trendyolmilla/siyah-transparan-dik-yaka-esnek-normal-boy-orme-bluz-twoaw26bz00266-p-1055286491)
[2026-01-09T09:30:05.099Z] [INFO]       -> Adding new variant to queue: kahverengi (https://www.trendyol-milla.com/trendyolmilla/siyah-transparan-dik-yaka-esnek-normal-boy-orme-bluz-twoaw26bz00266-p-989505324)
[2026-01-09T09:30:06.119Z] [INFO] [Page 1] [13/66] Fetching details for: Antrasit Regular/Normal Kalıp Yarım Patlı Selanik ...
[2026-01-09T09:30:06.223Z] [INFO] Fetching details for: https://www.trendyol-milla.com/trendyolmilla/antra...
[2026-01-09T09:30:20.186Z] [INFO]    🎨 Found 1 color variants.
[2026-01-09T09:30:20.191Z] [INFO]       -> Adding new variant to queue: bordo (https://www.trendyol-milla.com/trendyolmilla/antrasit-regular-normal-kalip-yarim-patli-selanik-kalin-orme-bluz-twoaw26bz00252-p-1019686882)
[2026-01-09T09:30:21.217Z] [INFO] [Page 1] [14/67] Fetching details for: Kahverengi Büzgülü Kare Yaka Vücuda Oturan Esnek Ö...
[2026-01-09T09:30:21.311Z] [INFO] Fetching details for: https://www.trendyol-milla.com/trendyolmilla/kahve...
[2026-01-09T09:30:35.544Z] [INFO]    🎨 Found 3 color variants.
[2026-01-09T09:30:35.545Z] [INFO]       -> Adding new variant to queue: zumrut-yesili (https://www.trendyol-milla.com/trendyolmilla/kahverengi-buzgulu-kare-yaka-vucuda-oturan-esnek-orme-bluz-twoss24bz00487-p-879009622)
[2026-01-09T09:30:35.546Z] [INFO]       -> Adding new variant to queue: murdum (https://www.trendyol-milla.com/trendyolmilla/kahverengi-buzgulu-kare-yaka-vucuda-oturan-esnek-orme-bluz-twoss24bz00487-p-822686021)
[2026-01-09T09:30:35.547Z] [INFO]       -> Adding new variant to queue: siyah (https://www.trendyol-milla.com/trendyolmilla/kahverengi-buzgulu-kare-yaka-vucuda-oturan-esnek-orme-bluz-twoss24bz00487-p-807164929)
[2026-01-09T09:30:36.558Z] [INFO] [Page 1] [15/70] Fetching details for: Siyah Fitted/Vücuda Oturan Reglan Kol Dantel Uzun ...
[2026-01-09T09:30:36.627Z] [INFO] Fetching details for: https://www.trendyol-milla.com/trendyolmilla/siyah...
[2026-01-09T09:30:51.271Z] [INFO]    🎨 Found 2 color variants.
[2026-01-09T09:30:51.272Z] [INFO]       -> Adding new variant to queue: ekru (https://www.trendyol-milla.com/trendyolmilla/siyah-fitted-vucuda-oturan-reglan-kol-dantel-uzun-kollu-esnek-orme-bluz-twoaw26bz00048-p-938108963)
[2026-01-09T09:30:51.272Z] [INFO]       -> Adding new variant to queue: kahverengi (https://www.trendyol-milla.com/trendyolmilla/siyah-fitted-vucuda-oturan-reglan-kol-dantel-uzun-kollu-esnek-orme-bluz-twoaw26bz00048-p-984098913)
[2026-01-09T09:30:52.275Z] [INFO] [Page 1] [16/72] Fetching details for: Özel Koleksiyon Siyah Degaje Yaka Asimetrik Kesim ...
[2026-01-09T09:30:52.330Z] [INFO] Fetching details for: https://www.trendyol-milla.com/trendyolmilla/ozel-...
[2026-01-09T09:31:06.932Z] [INFO] [Page 1] [17/72] Fetching details for: Siyah Çıtçıtlı Fitted/Vücuda Oturan Fitilli Esnek ...
[2026-01-09T09:31:07.007Z] [INFO] Fetching details for: https://www.trendyol-milla.com/trendyolmilla/siyah...
[2026-01-09T09:31:21.244Z] [INFO]    🎨 Found 6 color variants.
[2026-01-09T09:31:21.246Z] [INFO]       -> Adding new variant to queue: tas (https://www.trendyol-milla.com/trendyolmilla/siyah-citcitli-fitted-vucuda-oturan-fitilli-esnek-orme-bluz-twoaw25bz00080-p-858117990)
[2026-01-09T09:31:21.248Z] [INFO]       -> Adding new variant to queue: acik-kahverengi (https://www.trendyol-milla.com/trendyolmilla/siyah-citcitli-fitted-vucuda-oturan-fitilli-esnek-orme-bluz-twoaw25bz00080-p-945837923)
[2026-01-09T09:31:21.249Z] [INFO]       -> Adding new variant to queue: bordo-001 (https://www.trendyol-milla.com/trendyolmilla/siyah-citcitli-fitted-vucuda-oturan-fitilli-esnek-orme-bluz-twoaw25bz00080-p-986989038)
[2026-01-09T09:31:21.250Z] [INFO]       -> Adding new variant to queue: gri-melanj (https://www.trendyol-milla.com/trendyolmilla/siyah-citcitli-fitted-vucuda-oturan-fitilli-esnek-orme-bluz-twoaw25bz00080-p-835571619)
[2026-01-09T09:31:21.254Z] [INFO]       -> Adding new variant to queue: antrasit (https://www.trendyol-milla.com/trendyolmilla/siyah-citcitli-fitted-vucuda-oturan-fitilli-esnek-orme-bluz-twoaw25bz00080-p-1041146144)
[2026-01-09T09:31:21.256Z] [INFO]       -> Adding new variant to queue: lacivert-001 (https://www.trendyol-milla.com/trendyolmilla/siyah-citcitli-fitted-vucuda-oturan-fitilli-esnek-orme-bluz-twoaw25bz00080-p-1041145775)
[2026-01-09T09:31:22.265Z] [INFO] [Page 1] [18/78] Fetching details for: Siyah Viskon/Yumuşak Kumaşlı Asimetrik Esnek Örme ...
[2026-01-09T09:31:22.324Z] [INFO] Fetching details for: https://www.trendyol-milla.com/trendyolmilla/siyah...
[2026-01-09T09:31:35.917Z] [INFO]    🎨 Found 1 color variants.
[2026-01-09T09:31:35.919Z] [INFO]       -> Adding new variant to queue: bordo (https://www.trendyol-milla.com/trendyolmilla/siyah-viskon-yumusak-kumasli-asimetrik-esnek-orme-bluz-twoaw25bz00233-p-945194317)
[2026-01-09T09:31:36.919Z] [INFO] [Page 1] [19/79] Fetching details for: Mürdüm Transparan Dik Yaka Esnek Normal Boy Örme B...
[2026-01-09T09:31:36.990Z] [INFO] Fetching details for: https://www.trendyol-milla.com/trendyolmilla/murdu...
[2026-01-09T09:31:51.028Z] [INFO]    🎨 Found 7 color variants.
[2026-01-09T09:31:51.030Z] [INFO]       -> Adding new variant to queue: zumrut-yesili (https://www.trendyol-milla.com/trendyolmilla/murdum-transparan-dik-yaka-esnek-normal-boy-orme-bluz-twoaw26bz00266-p-1060161182)
[2026-01-09T09:31:51.030Z] [INFO]       -> Adding new variant to queue: gri-melanj (https://www.trendyol-milla.com/trendyolmilla/murdum-transparan-dik-yaka-esnek-normal-boy-orme-bluz-twoaw26bz00266-p-1044004471)
[2026-01-09T09:31:51.031Z] [INFO]       -> Adding new variant to queue: antrasit (https://www.trendyol-milla.com/trendyolmilla/murdum-transparan-dik-yaka-esnek-normal-boy-orme-bluz-twoaw26bz00266-p-1055286491)
[2026-01-09T09:31:51.032Z] [INFO]       -> Adding new variant to queue: siyah (https://www.trendyol-milla.com/trendyolmilla/murdum-transparan-dik-yaka-esnek-normal-boy-orme-bluz-twoaw26bz00266-p-976797048)
[2026-01-09T09:31:51.032Z] [INFO]       -> Adding new variant to queue: mor (https://www.trendyol-milla.com/trendyolmilla/murdum-transparan-dik-yaka-esnek-normal-boy-orme-bluz-twoaw26bz00266-p-1060328325)
[2026-01-09T09:31:51.032Z] [INFO]       -> Adding new variant to queue: ekru (https://www.trendyol-milla.com/trendyolmilla/murdum-transparan-dik-yaka-esnek-normal-boy-orme-bluz-twoaw26bz00266-p-976797047)
[2026-01-09T09:31:51.033Z] [INFO]       -> Adding new variant to queue: kahverengi (https://www.trendyol-milla.com/trendyolmilla/murdum-transparan-dik-yaka-esnek-normal-boy-orme-bluz-twoaw26bz00266-p-989505324)
[2026-01-09T09:31:52.045Z] [INFO] [Page 1] [20/86] Fetching details for: Siyah Fitted/Vücuda oturan Aksesuar Detaylı Asimet...
[2026-01-09T09:31:52.111Z] [INFO] Fetching details for: https://www.trendyol-milla.com/trendyolmilla/siyah...
[2026-01-09T09:32:05.585Z] [INFO]    🎨 Found 5 color variants.
[2026-01-09T09:32:05.586Z] [INFO]       -> Adding new variant to queue: haki (https://www.trendyol-milla.com/trendyolmilla/siyah-fitted-vucuda-oturan-aksesuar-detayli-asimetrik-yaka-esnek-orme-bluz-twoaw26bz00075-p-1039280781)
[2026-01-09T09:32:05.586Z] [INFO]       -> Adding new variant to queue: tas (https://www.trendyol-milla.com/trendyolmilla/siyah-fitted-vucuda-oturan-aksesuar-detayli-asimetrik-yaka-esnek-orme-bluz-twoaw26bz00075-p-984086324)
[2026-01-09T09:32:05.587Z] [INFO]       -> Adding new variant to queue: kahverengi (https://www.trendyol-milla.com/trendyolmilla/siyah-fitted-vucuda-oturan-aksesuar-detayli-asimetrik-yaka-esnek-orme-bluz-twoaw26bz00075-p-942028680)
[2026-01-09T09:32:05.587Z] [INFO]       -> Adding new variant to queue: kirmizi-c (https://www.trendyol-milla.com/trendyolmilla/siyah-fitted-vucuda-oturan-aksesuar-detayli-asimetrik-yaka-esnek-orme-bluz-twoaw26bz00075-p-1053890065)
[2026-01-09T09:32:05.588Z] [INFO]       -> Adding new variant to queue: gul-kurusu (https://www.trendyol-milla.com/trendyolmilla/siyah-fitted-vucuda-oturan-aksesuar-detayli-asimetrik-yaka-esnek-orme-bluz-twoaw26bz00075-p-984092526)
[2026-01-09T09:32:06.597Z] [INFO] [Page 1] [21/91] Fetching details for: Bordo Transparan Triko Görünümlü Kumaş Regular Boy...
[2026-01-09T09:32:06.655Z] [INFO] Fetching details for: https://www.trendyol-milla.com/trendyolmilla/bordo...
[2026-01-09T09:32:19.968Z] [INFO]    🎨 Found 4 color variants.
[2026-01-09T09:32:19.969Z] [INFO]       -> Adding new variant to queue: koyu-kahverengi (https://www.trendyol-milla.com/trendyolmilla/bordo-transparan-triko-gorunumlu-kumas-regular-boy-bisiklet-yaka-orme-bluz-twoaw24bz00094-p-859132905)
[2026-01-09T09:32:19.969Z] [INFO]       -> Adding new variant to queue: siyah (https://www.trendyol-milla.com/trendyolmilla/bordo-transparan-triko-gorunumlu-kumas-regular-boy-bisiklet-yaka-orme-bluz-twoaw24bz00094-p-698497296)
[2026-01-09T09:32:19.970Z] [INFO]       -> Adding new variant to queue: haki (https://www.trendyol-milla.com/trendyolmilla/bordo-transparan-triko-gorunumlu-kumas-regular-boy-bisiklet-yaka-orme-bluz-twoaw24bz00094-p-945484512)
[2026-01-09T09:32:19.970Z] [INFO]       -> Adding new variant to queue: ekru (https://www.trendyol-milla.com/trendyolmilla/bordo-transparan-triko-gorunumlu-kumas-regular-boy-bisiklet-yaka-orme-bluz-twoaw24bz00094-p-698497295)
[2026-01-09T09:32:20.976Z] [INFO] [Page 1] [22/95] Fetching details for: Siyah Dantel Detaylı Kare Yaka Örme Party Bluz TPR...
[2026-01-09T09:32:21.031Z] [INFO] Fetching details for: https://www.trendyol-milla.com/trendyolmilla/siyah...
[2026-01-09T09:32:34.337Z] [INFO]    🎨 Found 1 color variants.
[2026-01-09T09:32:34.338Z] [INFO]       -> Adding new variant to queue: koyu-kahverengi (https://www.trendyol-milla.com/trendyolmilla/siyah-dantel-detayli-kare-yaka-orme-party-bluz-tpraw26bz00045-p-1045546185)
[2026-01-09T09:32:35.341Z] [INFO] [Page 1] [23/96] Fetching details for: Haki Örme Bluz TWOAW25BZ00109...
[2026-01-09T09:32:35.393Z] [INFO] Fetching details for: https://www.trendyol-milla.com/trendyolmilla/haki-...
[2026-01-09T09:32:48.849Z] [INFO]    🎨 Found 7 color variants.
[2026-01-09T09:32:48.851Z] [INFO]       -> Adding new variant to queue: bordo (https://www.trendyol-milla.com/trendyolmilla/haki-orme-bluz-twoaw25bz00109-p-837720772)
[2026-01-09T09:32:48.852Z] [INFO]       -> Adding new variant to queue: kahverengi (https://www.trendyol-milla.com/trendyolmilla/haki-orme-bluz-twoaw25bz00109-p-945437951)
[2026-01-09T09:32:48.853Z] [INFO]       -> Adding new variant to queue: siyah (https://www.trendyol-milla.com/trendyolmilla/haki-orme-bluz-twoaw25bz00109-p-837720773)
[2026-01-09T09:32:48.854Z] [INFO]       -> Adding new variant to queue: yag-yesil (https://www.trendyol-milla.com/trendyolmilla/haki-orme-bluz-twoaw25bz00109-p-945437976)
[2026-01-09T09:32:48.855Z] [INFO]       -> Adding new variant to queue: tas (https://www.trendyol-milla.com/trendyolmilla/haki-orme-bluz-twoaw25bz00109-p-858483707)
[2026-01-09T09:32:48.861Z] [INFO]       -> Adding new variant to queue: indigo (https://www.trendyol-milla.com/trendyolmilla/haki-orme-bluz-twoaw25bz00109-p-837720770)
[2026-01-09T09:32:48.862Z] [INFO]       -> Adding new variant to queue: zumrut-yesili (https://www.trendyol-milla.com/trendyolmilla/haki-orme-bluz-twoaw25bz00109-p-858483706)
[2026-01-09T09:32:49.865Z] [INFO] [Page 1] [24/103] Fetching details for: Kahverengi Modallı More Sustainable Kayık Yaka Rel...
[2026-01-09T09:32:49.943Z] [INFO] Fetching details for: https://www.trendyol-milla.com/trendyolmilla/kahve...
[2026-01-09T09:33:03.324Z] [INFO]    🎨 Found 4 color variants.
[2026-01-09T09:33:03.325Z] [INFO]       -> Adding new variant to queue: indigo (https://www.trendyol-milla.com/trendyolmilla/kahverengi-modalli-more-sustainable-kayik-yaka-relaxed-rahat-kesim-orme-bluz-twoaw25bz00282-p-854145204)
[2026-01-09T09:33:03.327Z] [INFO]       -> Adding new variant to queue: antrasit (https://www.trendyol-milla.com/trendyolmilla/kahverengi-modalli-more-sustainable-kayik-yaka-relaxed-rahat-kesim-orme-bluz-twoaw25bz00282-p-854145214)
[2026-01-09T09:33:03.329Z] [INFO]       -> Adding new variant to queue: murdum (https://www.trendyol-milla.com/trendyolmilla/kahverengi-modalli-more-sustainable-kayik-yaka-relaxed-rahat-kesim-orme-bluz-twoaw25bz00282-p-953621102)
[2026-01-09T09:33:03.329Z] [INFO]       -> Adding new variant to queue: yesil (https://www.trendyol-milla.com/trendyolmilla/kahverengi-modalli-more-sustainable-kayik-yaka-relaxed-rahat-kesim-orme-bluz-twoaw25bz00282-p-982055815)
[2026-01-09T09:33:04.332Z] [INFO] [Page 1] [25/107] Fetching details for: Siyah Düz Premium Yumuşak Kumaşlı Fitted/Vücuda Ot...
[2026-01-09T09:33:04.384Z] [INFO] Fetching details for: https://www.trendyol-milla.com/trendyolmilla/siyah...
[2026-01-09T09:33:18.217Z] [INFO]    🎨 Found 12 color variants.
[2026-01-09T09:33:18.218Z] [INFO]       -> Adding new variant to queue: kahverengi (https://www.trendyol-milla.com/trendyolmilla/siyah-beyaz-cizgili-premium-yumusak-kumasli-fitted-kayik-yaka-esnek-orme-bluz-twoaw24bz00227-p-944609443)
[2026-01-09T09:33:18.219Z] [INFO]       -> Adding new variant to queue: acik-lacivert (https://www.trendyol-milla.com/trendyolmilla/siyah-beyaz-cizgili-premium-yumusak-kumasli-fitted-kayik-yaka-esnek-orme-bluz-twoaw24bz00227-p-783178080)
[2026-01-09T09:33:18.221Z] [INFO]       -> Adding new variant to queue: haki (https://www.trendyol-milla.com/trendyolmilla/siyah-beyaz-cizgili-premium-yumusak-kumasli-fitted-kayik-yaka-esnek-orme-bluz-twoaw24bz00227-p-767486153)
[2026-01-09T09:33:18.223Z] [INFO]       -> Adding new variant to queue: siyah-1001 (https://www.trendyol-milla.com/trendyolmilla/siyah-beyaz-cizgili-premium-yumusak-kumasli-fitted-kayik-yaka-esnek-orme-bluz-twoaw24bz00227-p-855372419)
[2026-01-09T09:33:18.225Z] [INFO]       -> Adding new variant to queue: lacivert (https://www.trendyol-milla.com/trendyolmilla/siyah-beyaz-cizgili-premium-yumusak-kumasli-fitted-kayik-yaka-esnek-orme-bluz-twoaw24bz00227-p-732699160)
[2026-01-09T09:33:18.227Z] [INFO]       -> Adding new variant to queue: haki-001 (https://www.trendyol-milla.com/trendyolmilla/siyah-beyaz-cizgili-premium-yumusak-kumasli-fitted-kayik-yaka-esnek-orme-bluz-twoaw24bz00227-p-865154781)
[2026-01-09T09:33:18.229Z] [INFO]       -> Adding new variant to queue: antrasit (https://www.trendyol-milla.com/trendyolmilla/siyah-beyaz-cizgili-premium-yumusak-kumasli-fitted-kayik-yaka-esnek-orme-bluz-twoaw24bz00227-p-859240980)
[2026-01-09T09:33:18.231Z] [INFO]       -> Adding new variant to queue: murdum (https://www.trendyol-milla.com/trendyolmilla/siyah-beyaz-cizgili-premium-yumusak-kumasli-fitted-kayik-yaka-esnek-orme-bluz-twoaw24bz00227-p-992196372)
[2026-01-09T09:33:18.232Z] [INFO]       -> Adding new variant to queue: gul-kurusu (https://www.trendyol-milla.com/trendyolmilla/siyah-beyaz-cizgili-premium-yumusak-kumasli-fitted-kayik-yaka-esnek-orme-bluz-twoaw24bz00227-p-944609527)
[2026-01-09T09:33:18.233Z] [INFO]       -> Adding new variant to queue: tas-001 (https://www.trendyol-milla.com/trendyolmilla/siyah-beyaz-cizgili-premium-yumusak-kumasli-fitted-kayik-yaka-esnek-orme-bluz-twoaw24bz00227-p-994374468)
[2026-01-09T09:33:18.233Z] [INFO]       -> Adding new variant to queue: kirmizi-c (https://www.trendyol-milla.com/trendyolmilla/siyah-beyaz-cizgili-premium-yumusak-kumasli-fitted-kayik-yaka-esnek-orme-bluz-twoaw24bz00227-p-732699158)
[2026-01-09T09:33:18.234Z] [INFO]       -> Adding new variant to queue: ekru (https://www.trendyol-milla.com/trendyolmilla/siyah-beyaz-cizgili-premium-yumusak-kumasli-fitted-kayik-yaka-esnek-orme-bluz-twoaw24bz00227-p-779920353)
[2026-01-09T09:33:19.240Z] [INFO] [Page 1] [26/119] Fetching details for: Siyah Düz Premium Yumuşak Kumaşlı Fitted/Vücuda Ot...
[2026-01-09T09:33:19.296Z] [INFO] Fetching details for: https://www.trendyol-milla.com/trendyolmilla/siyah...
[2026-01-09T09:33:33.018Z] [INFO]    🎨 Found 12 color variants.
[2026-01-09T09:33:33.019Z] [INFO]       -> Adding new variant to queue: siyah (https://www.trendyol-milla.com/trendyolmilla/kirmizi-cizgili-premium-yumusak-kumasli-fitted-vucuda-oturan-kayik-yaka-orme-bluz-twoaw24bz00227-p-755253562)
[2026-01-09T09:33:33.019Z] [INFO]       -> Adding new variant to queue: haki (https://www.trendyol-milla.com/trendyolmilla/kirmizi-cizgili-premium-yumusak-kumasli-fitted-vucuda-oturan-kayik-yaka-orme-bluz-twoaw24bz00227-p-767486153)
[2026-01-09T09:33:33.020Z] [INFO]       -> Adding new variant to queue: ekru (https://www.trendyol-milla.com/trendyolmilla/kirmizi-cizgili-premium-yumusak-kumasli-fitted-vucuda-oturan-kayik-yaka-orme-bluz-twoaw24bz00227-p-779920353)
[2026-01-09T09:33:33.021Z] [INFO]       -> Adding new variant to queue: siyah-1001 (https://www.trendyol-milla.com/trendyolmilla/kirmizi-cizgili-premium-yumusak-kumasli-fitted-vucuda-oturan-kayik-yaka-orme-bluz-twoaw24bz00227-p-855372419)
[2026-01-09T09:33:33.021Z] [INFO]       -> Adding new variant to queue: lacivert (https://www.trendyol-milla.com/trendyolmilla/kirmizi-cizgili-premium-yumusak-kumasli-fitted-vucuda-oturan-kayik-yaka-orme-bluz-twoaw24bz00227-p-732699160)
[2026-01-09T09:33:33.022Z] [INFO]       -> Adding new variant to queue: antrasit (https://www.trendyol-milla.com/trendyolmilla/kirmizi-cizgili-premium-yumusak-kumasli-fitted-vucuda-oturan-kayik-yaka-orme-bluz-twoaw24bz00227-p-859240980)
[2026-01-09T09:33:33.023Z] [INFO]       -> Adding new variant to queue: kahverengi (https://www.trendyol-milla.com/trendyolmilla/kirmizi-cizgili-premium-yumusak-kumasli-fitted-vucuda-oturan-kayik-yaka-orme-bluz-twoaw24bz00227-p-944609443)
[2026-01-09T09:33:33.027Z] [INFO]       -> Adding new variant to queue: acik-lacivert (https://www.trendyol-milla.com/trendyolmilla/kirmizi-cizgili-premium-yumusak-kumasli-fitted-vucuda-oturan-kayik-yaka-orme-bluz-twoaw24bz00227-p-783178080)
[2026-01-09T09:33:33.029Z] [INFO]       -> Adding new variant to queue: tas-001 (https://www.trendyol-milla.com/trendyolmilla/kirmizi-cizgili-premium-yumusak-kumasli-fitted-vucuda-oturan-kayik-yaka-orme-bluz-twoaw24bz00227-p-994374468)
[2026-01-09T09:33:33.029Z] [INFO]       -> Adding new variant to queue: gul-kurusu (https://www.trendyol-milla.com/trendyolmilla/kirmizi-cizgili-premium-yumusak-kumasli-fitted-vucuda-oturan-kayik-yaka-orme-bluz-twoaw24bz00227-p-944609527)
[2026-01-09T09:33:33.030Z] [INFO]       -> Adding new variant to queue: murdum (https://www.trendyol-milla.com/trendyolmilla/kirmizi-cizgili-premium-yumusak-kumasli-fitted-vucuda-oturan-kayik-yaka-orme-bluz-twoaw24bz00227-p-992196372)
[2026-01-09T09:33:33.032Z] [INFO]       -> Adding new variant to queue: haki-001 (https://www.trendyol-milla.com/trendyolmilla/kirmizi-cizgili-premium-yumusak-kumasli-fitted-vucuda-oturan-kayik-yaka-orme-bluz-twoaw24bz00227-p-865154781)
[2026-01-09T09:33:34.042Z] [INFO] [Page 1] [27/131] Fetching details for: Siyah Düz Premium Yumuşak Kumaşlı Fitted/Vücuda Ot...
[2026-01-09T09:33:34.102Z] [INFO] Fetching details for: https://www.trendyol-milla.com/trendyolmilla/siyah...
[2026-01-09T09:33:48.079Z] [INFO]    🎨 Found 12 color variants.
[2026-01-09T09:33:48.080Z] [INFO]       -> Adding new variant to queue: siyah (https://www.trendyol-milla.com/trendyolmilla/ekru-premium-yumusak-kumasli-fitted-vucuda-oturan-kayik-yaka-orme-bluz-twoaw24bz00227-p-755253562)
[2026-01-09T09:33:48.081Z] [INFO]       -> Adding new variant to queue: tas-001 (https://www.trendyol-milla.com/trendyolmilla/ekru-premium-yumusak-kumasli-fitted-vucuda-oturan-kayik-yaka-orme-bluz-twoaw24bz00227-p-994374468)
[2026-01-09T09:33:48.082Z] [INFO]       -> Adding new variant to queue: haki-001 (https://www.trendyol-milla.com/trendyolmilla/ekru-premium-yumusak-kumasli-fitted-vucuda-oturan-kayik-yaka-orme-bluz-twoaw24bz00227-p-865154781)
[2026-01-09T09:33:48.082Z] [INFO]       -> Adding new variant to queue: kahverengi (https://www.trendyol-milla.com/trendyolmilla/ekru-premium-yumusak-kumasli-fitted-vucuda-oturan-kayik-yaka-orme-bluz-twoaw24bz00227-p-944609443)
[2026-01-09T09:33:48.083Z] [INFO]       -> Adding new variant to queue: siyah-1001 (https://www.trendyol-milla.com/trendyolmilla/ekru-premium-yumusak-kumasli-fitted-vucuda-oturan-kayik-yaka-orme-bluz-twoaw24bz00227-p-855372419)
[2026-01-09T09:33:48.083Z] [INFO]       -> Adding new variant to queue: acik-lacivert (https://www.trendyol-milla.com/trendyolmilla/ekru-premium-yumusak-kumasli-fitted-vucuda-oturan-kayik-yaka-orme-bluz-twoaw24bz00227-p-783178080)
[2026-01-09T09:33:48.084Z] [INFO]       -> Adding new variant to queue: kirmizi-c (https://www.trendyol-milla.com/trendyolmilla/ekru-premium-yumusak-kumasli-fitted-vucuda-oturan-kayik-yaka-orme-bluz-twoaw24bz00227-p-732699158)
[2026-01-09T09:33:48.085Z] [INFO]       -> Adding new variant to queue: gul-kurusu (https://www.trendyol-milla.com/trendyolmilla/ekru-premium-yumusak-kumasli-fitted-vucuda-oturan-kayik-yaka-orme-bluz-twoaw24bz00227-p-944609527)
[2026-01-09T09:33:48.088Z] [INFO]       -> Adding new variant to queue: antrasit (https://www.trendyol-milla.com/trendyolmilla/ekru-premium-yumusak-kumasli-fitted-vucuda-oturan-kayik-yaka-orme-bluz-twoaw24bz00227-p-859240980)
[2026-01-09T09:33:48.090Z] [INFO]       -> Adding new variant to queue: haki (https://www.trendyol-milla.com/trendyolmilla/ekru-premium-yumusak-kumasli-fitted-vucuda-oturan-kayik-yaka-orme-bluz-twoaw24bz00227-p-767486153)
[2026-01-09T09:33:48.091Z] [INFO]       -> Adding new variant to queue: murdum (https://www.trendyol-milla.com/trendyolmilla/ekru-premium-yumusak-kumasli-fitted-vucuda-oturan-kayik-yaka-orme-bluz-twoaw24bz00227-p-992196372)
[2026-01-09T09:33:48.093Z] [INFO]       -> Adding new variant to queue: lacivert (https://www.trendyol-milla.com/trendyolmilla/ekru-premium-yumusak-kumasli-fitted-vucuda-oturan-kayik-yaka-orme-bluz-twoaw24bz00227-p-732699160)
[2026-01-09T09:33:49.108Z] [INFO] [Page 1] [28/143] Fetching details for: Siyah Düz Premium Yumuşak Kumaşlı Fitted/Vücuda Ot...
[2026-01-09T09:33:49.160Z] [INFO] Fetching details for: https://www.trendyol-milla.com/trendyolmilla/siyah...
[2026-01-09T09:34:03.022Z] [INFO]    🎨 Found 12 color variants.
[2026-01-09T09:34:03.023Z] [INFO]       -> Adding new variant to queue: siyah (https://www.trendyol-milla.com/trendyolmilla/haki-duz-premium-yumusak-kumasli-fitted-vucuda-oturan-kayik-yaka-orme-bluz-twoaw24bz00227-p-755253562)
[2026-01-09T09:34:03.023Z] [INFO]       -> Adding new variant to queue: siyah-1001 (https://www.trendyol-milla.com/trendyolmilla/haki-duz-premium-yumusak-kumasli-fitted-vucuda-oturan-kayik-yaka-orme-bluz-twoaw24bz00227-p-855372419)
[2026-01-09T09:34:03.024Z] [INFO]       -> Adding new variant to queue: lacivert (https://www.trendyol-milla.com/trendyolmilla/haki-duz-premium-yumusak-kumasli-fitted-vucuda-oturan-kayik-yaka-orme-bluz-twoaw24bz00227-p-732699160)
[2026-01-09T09:34:03.025Z] [INFO]       -> Adding new variant to queue: kirmizi-c (https://www.trendyol-milla.com/trendyolmilla/haki-duz-premium-yumusak-kumasli-fitted-vucuda-oturan-kayik-yaka-orme-bluz-twoaw24bz00227-p-732699158)
[2026-01-09T09:34:03.025Z] [INFO]       -> Adding new variant to queue: antrasit (https://www.trendyol-milla.com/trendyolmilla/haki-duz-premium-yumusak-kumasli-fitted-vucuda-oturan-kayik-yaka-orme-bluz-twoaw24bz00227-p-859240980)
[2026-01-09T09:34:03.026Z] [INFO]       -> Adding new variant to queue: kahverengi (https://www.trendyol-milla.com/trendyolmilla/haki-duz-premium-yumusak-kumasli-fitted-vucuda-oturan-kayik-yaka-orme-bluz-twoaw24bz00227-p-944609443)
[2026-01-09T09:34:03.027Z] [INFO]       -> Adding new variant to queue: tas-001 (https://www.trendyol-milla.com/trendyolmilla/haki-duz-premium-yumusak-kumasli-fitted-vucuda-oturan-kayik-yaka-orme-bluz-twoaw24bz00227-p-994374468)
[2026-01-09T09:34:03.029Z] [INFO]       -> Adding new variant to queue: gul-kurusu (https://www.trendyol-milla.com/trendyolmilla/haki-duz-premium-yumusak-kumasli-fitted-vucuda-oturan-kayik-yaka-orme-bluz-twoaw24bz00227-p-944609527)
[2026-01-09T09:34:03.029Z] [INFO]       -> Adding new variant to queue: ekru (https://www.trendyol-milla.com/trendyolmilla/haki-duz-premium-yumusak-kumasli-fitted-vucuda-oturan-kayik-yaka-orme-bluz-twoaw24bz00227-p-779920353)
[2026-01-09T09:34:03.030Z] [INFO]       -> Adding new variant to queue: haki (https://www.trendyol-milla.com/trendyolmilla/haki-duz-premium-yumusak-kumasli-fitted-vucuda-oturan-kayik-yaka-orme-bluz-twoaw24bz00227-p-767486153)
[2026-01-09T09:34:03.030Z] [INFO]       -> Adding new variant to queue: murdum (https://www.trendyol-milla.com/trendyolmilla/haki-duz-premium-yumusak-kumasli-fitted-vucuda-oturan-kayik-yaka-orme-bluz-twoaw24bz00227-p-992196372)
[2026-01-09T09:34:03.031Z] [INFO]       -> Adding new variant to queue: acik-lacivert (https://www.trendyol-milla.com/trendyolmilla/haki-duz-premium-yumusak-kumasli-fitted-vucuda-oturan-kayik-yaka-orme-bluz-twoaw24bz00227-p-783178080)
[2026-01-09T09:34:04.040Z] [INFO] [Page 1] [29/155] Fetching details for: Siyah Düz Premium Yumuşak Kumaşlı Fitted/Vücuda Ot...
[2026-01-09T09:34:04.102Z] [INFO] Fetching details for: https://www.trendyol-milla.com/trendyolmilla/siyah...
[2026-01-09T09:34:18.060Z] [INFO]    🎨 Found 12 color variants.
[2026-01-09T09:34:18.061Z] [INFO]       -> Adding new variant to queue: siyah (https://www.trendyol-milla.com/trendyolmilla/lacivert-cizgili-premium-yumusak-kumasli-fitted-vucuda-oturan-kayik-yaka-orme-bluz-twoaw24bz00227-p-755253562)
[2026-01-09T09:34:18.062Z] [INFO]       -> Adding new variant to queue: antrasit (https://www.trendyol-milla.com/trendyolmilla/lacivert-cizgili-premium-yumusak-kumasli-fitted-vucuda-oturan-kayik-yaka-orme-bluz-twoaw24bz00227-p-859240980)
[2026-01-09T09:34:18.062Z] [INFO]       -> Adding new variant to queue: ekru (https://www.trendyol-milla.com/trendyolmilla/lacivert-cizgili-premium-yumusak-kumasli-fitted-vucuda-oturan-kayik-yaka-orme-bluz-twoaw24bz00227-p-779920353)
[2026-01-09T09:34:18.063Z] [INFO]       -> Adding new variant to queue: haki (https://www.trendyol-milla.com/trendyolmilla/lacivert-cizgili-premium-yumusak-kumasli-fitted-vucuda-oturan-kayik-yaka-orme-bluz-twoaw24bz00227-p-767486153)
[2026-01-09T09:34:18.063Z] [INFO]       -> Adding new variant to queue: siyah-1001 (https://www.trendyol-milla.com/trendyolmilla/lacivert-cizgili-premium-yumusak-kumasli-fitted-vucuda-oturan-kayik-yaka-orme-bluz-twoaw24bz00227-p-855372419)
[2026-01-09T09:34:18.064Z] [INFO]       -> Adding new variant to queue: acik-lacivert (https://www.trendyol-milla.com/trendyolmilla/lacivert-cizgili-premium-yumusak-kumasli-fitted-vucuda-oturan-kayik-yaka-orme-bluz-twoaw24bz00227-p-783178080)
[2026-01-09T09:34:18.064Z] [INFO]       -> Adding new variant to queue: kirmizi-c (https://www.trendyol-milla.com/trendyolmilla/lacivert-cizgili-premium-yumusak-kumasli-fitted-vucuda-oturan-kayik-yaka-orme-bluz-twoaw24bz00227-p-732699158)
[2026-01-09T09:34:18.065Z] [INFO]       -> Adding new variant to queue: gul-kurusu (https://www.trendyol-milla.com/trendyolmilla/lacivert-cizgili-premium-yumusak-kumasli-fitted-vucuda-oturan-kayik-yaka-orme-bluz-twoaw24bz00227-p-944609527)
[2026-01-09T09:34:18.065Z] [INFO]       -> Adding new variant to queue: kahverengi (https://www.trendyol-milla.com/trendyolmilla/lacivert-cizgili-premium-yumusak-kumasli-fitted-vucuda-oturan-kayik-yaka-orme-bluz-twoaw24bz00227-p-944609443)
[2026-01-09T09:34:18.066Z] [INFO]       -> Adding new variant to queue: haki-001 (https://www.trendyol-milla.com/trendyolmilla/lacivert-cizgili-premium-yumusak-kumasli-fitted-vucuda-oturan-kayik-yaka-orme-bluz-twoaw24bz00227-p-865154781)
[2026-01-09T09:34:18.067Z] [INFO]       -> Adding new variant to queue: murdum (https://www.trendyol-milla.com/trendyolmilla/lacivert-cizgili-premium-yumusak-kumasli-fitted-vucuda-oturan-kayik-yaka-orme-bluz-twoaw24bz00227-p-992196372)
[2026-01-09T09:34:18.069Z] [INFO]       -> Adding new variant to queue: tas-001 (https://www.trendyol-milla.com/trendyolmilla/lacivert-cizgili-premium-yumusak-kumasli-fitted-vucuda-oturan-kayik-yaka-orme-bluz-twoaw24bz00227-p-994374468)
[2026-01-09T09:34:19.076Z] [INFO] [Page 1] [30/167] Fetching details for: Siyah Düz Premium Yumuşak Kumaşlı Fitted/Vücuda Ot...
[2026-01-09T09:34:19.136Z] [INFO] Fetching details for: https://www.trendyol-milla.com/trendyolmilla/siyah...
[2026-01-09T09:34:32.922Z] [INFO]    🎨 Found 12 color variants.
[2026-01-09T09:34:32.923Z] [INFO]       -> Adding new variant to queue: siyah (https://www.trendyol-milla.com/trendyolmilla/tas-001-orme-bluz-twoaw24bz00227-p-755253562)
[2026-01-09T09:34:32.925Z] [INFO]       -> Adding new variant to queue: siyah-1001 (https://www.trendyol-milla.com/trendyolmilla/tas-001-orme-bluz-twoaw24bz00227-p-855372419)
[2026-01-09T09:34:32.926Z] [INFO]       -> Adding new variant to queue: haki-001 (https://www.trendyol-milla.com/trendyolmilla/tas-001-orme-bluz-twoaw24bz00227-p-865154781)
[2026-01-09T09:34:32.927Z] [INFO]       -> Adding new variant to queue: gul-kurusu (https://www.trendyol-milla.com/trendyolmilla/tas-001-orme-bluz-twoaw24bz00227-p-944609527)
[2026-01-09T09:34:32.928Z] [INFO]       -> Adding new variant to queue: lacivert (https://www.trendyol-milla.com/trendyolmilla/tas-001-orme-bluz-twoaw24bz00227-p-732699160)
[2026-01-09T09:34:32.930Z] [INFO]       -> Adding new variant to queue: kirmizi-c (https://www.trendyol-milla.com/trendyolmilla/tas-001-orme-bluz-twoaw24bz00227-p-732699158)
[2026-01-09T09:34:32.931Z] [INFO]       -> Adding new variant to queue: kahverengi (https://www.trendyol-milla.com/trendyolmilla/tas-001-orme-bluz-twoaw24bz00227-p-944609443)
[2026-01-09T09:34:32.934Z] [INFO]       -> Adding new variant to queue: haki (https://www.trendyol-milla.com/trendyolmilla/tas-001-orme-bluz-twoaw24bz00227-p-767486153)
[2026-01-09T09:34:32.935Z] [INFO]       -> Adding new variant to queue: murdum (https://www.trendyol-milla.com/trendyolmilla/tas-001-orme-bluz-twoaw24bz00227-p-992196372)
[2026-01-09T09:34:32.936Z] [INFO]       -> Adding new variant to queue: ekru (https://www.trendyol-milla.com/trendyolmilla/tas-001-orme-bluz-twoaw24bz00227-p-779920353)
[2026-01-09T09:34:32.936Z] [INFO]       -> Adding new variant to queue: antrasit (https://www.trendyol-milla.com/trendyolmilla/tas-001-orme-bluz-twoaw24bz00227-p-859240980)
[2026-01-09T09:34:32.937Z] [INFO]       -> Adding new variant to queue: acik-lacivert (https://www.trendyol-milla.com/trendyolmilla/tas-001-orme-bluz-twoaw24bz00227-p-783178080)
[2026-01-09T09:34:33.948Z] [INFO] [Page 1] [31/179] Fetching details for: Siyah Düz Premium Yumuşak Kumaşlı Fitted/Vücuda Ot...
[2026-01-09T09:34:34.010Z] [INFO] Fetching details for: https://www.trendyol-milla.com/trendyolmilla/siyah...
[2026-01-09T09:34:47.968Z] [INFO]    🎨 Found 12 color variants.
[2026-01-09T09:34:47.969Z] [INFO]       -> Adding new variant to queue: siyah (https://www.trendyol-milla.com/trendyolmilla/gul-kurusu-duz-premium-yumusak-kumasli-fitted-vucuda-oturan-kayik-yaka-orme-bluz-twoaw24bz00227-p-755253562)
[2026-01-09T09:34:47.970Z] [INFO]       -> Adding new variant to queue: kahverengi (https://www.trendyol-milla.com/trendyolmilla/gul-kurusu-duz-premium-yumusak-kumasli-fitted-vucuda-oturan-kayik-yaka-orme-bluz-twoaw24bz00227-p-944609443)
[2026-01-09T09:34:47.970Z] [INFO]       -> Adding new variant to queue: antrasit (https://www.trendyol-milla.com/trendyolmilla/gul-kurusu-duz-premium-yumusak-kumasli-fitted-vucuda-oturan-kayik-yaka-orme-bluz-twoaw24bz00227-p-859240980)
[2026-01-09T09:34:47.971Z] [INFO]       -> Adding new variant to queue: kirmizi-c (https://www.trendyol-milla.com/trendyolmilla/gul-kurusu-duz-premium-yumusak-kumasli-fitted-vucuda-oturan-kayik-yaka-orme-bluz-twoaw24bz00227-p-732699158)
[2026-01-09T09:34:47.972Z] [INFO]       -> Adding new variant to queue: siyah-1001 (https://www.trendyol-milla.com/trendyolmilla/gul-kurusu-duz-premium-yumusak-kumasli-fitted-vucuda-oturan-kayik-yaka-orme-bluz-twoaw24bz00227-p-855372419)
[2026-01-09T09:34:47.972Z] [INFO]       -> Adding new variant to queue: murdum (https://www.trendyol-milla.com/trendyolmilla/gul-kurusu-duz-premium-yumusak-kumasli-fitted-vucuda-oturan-kayik-yaka-orme-bluz-twoaw24bz00227-p-992196372)
[2026-01-09T09:34:47.973Z] [INFO]       -> Adding new variant to queue: lacivert (https://www.trendyol-milla.com/trendyolmilla/gul-kurusu-duz-premium-yumusak-kumasli-fitted-vucuda-oturan-kayik-yaka-orme-bluz-twoaw24bz00227-p-732699160)
[2026-01-09T09:34:47.975Z] [INFO]       -> Adding new variant to queue: haki-001 (https://www.trendyol-milla.com/trendyolmilla/gul-kurusu-duz-premium-yumusak-kumasli-fitted-vucuda-oturan-kayik-yaka-orme-bluz-twoaw24bz00227-p-865154781)
[2026-01-09T09:34:47.976Z] [INFO]       -> Adding new variant to queue: acik-lacivert (https://www.trendyol-milla.com/trendyolmilla/gul-kurusu-duz-premium-yumusak-kumasli-fitted-vucuda-oturan-kayik-yaka-orme-bluz-twoaw24bz00227-p-783178080)
[2026-01-09T09:34:47.977Z] [INFO]       -> Adding new variant to queue: tas-001 (https://www.trendyol-milla.com/trendyolmilla/gul-kurusu-duz-premium-yumusak-kumasli-fitted-vucuda-oturan-kayik-yaka-orme-bluz-twoaw24bz00227-p-994374468)
[2026-01-09T09:34:47.979Z] [INFO]       -> Adding new variant to queue: haki (https://www.trendyol-milla.com/trendyolmilla/gul-kurusu-duz-premium-yumusak-kumasli-fitted-vucuda-oturan-kayik-yaka-orme-bluz-twoaw24bz00227-p-767486153)
[2026-01-09T09:34:47.980Z] [INFO]       -> Adding new variant to queue: ekru (https://www.trendyol-milla.com/trendyolmilla/gul-kurusu-duz-premium-yumusak-kumasli-fitted-vucuda-oturan-kayik-yaka-orme-bluz-twoaw24bz00227-p-779920353)
[2026-01-09T09:34:48.992Z] [INFO] [Page 1] [32/191] Fetching details for: Siyah Düz Premium Yumuşak Kumaşlı Fitted/Vücuda Ot...
[2026-01-09T09:34:49.048Z] [INFO] Fetching details for: https://www.trendyol-milla.com/trendyolmilla/siyah...
[2026-01-09T09:35:02.878Z] [INFO]    🎨 Found 12 color variants.
[2026-01-09T09:35:02.878Z] [INFO]       -> Adding new variant to queue: siyah (https://www.trendyol-milla.com/trendyolmilla/kahverengi-duz-premium-yumusak-kumasli-fitted-vucuda-oturan-kayik-yaka-orme-bluz-twoaw24bz00227-p-755253562)
[2026-01-09T09:35:02.879Z] [INFO]       -> Adding new variant to queue: acik-lacivert (https://www.trendyol-milla.com/trendyolmilla/kahverengi-duz-premium-yumusak-kumasli-fitted-vucuda-oturan-kayik-yaka-orme-bluz-twoaw24bz00227-p-783178080)
[2026-01-09T09:35:02.879Z] [INFO]       -> Adding new variant to queue: murdum (https://www.trendyol-milla.com/trendyolmilla/kahverengi-duz-premium-yumusak-kumasli-fitted-vucuda-oturan-kayik-yaka-orme-bluz-twoaw24bz00227-p-992196372)
[2026-01-09T09:35:02.880Z] [INFO]       -> Adding new variant to queue: ekru (https://www.trendyol-milla.com/trendyolmilla/kahverengi-duz-premium-yumusak-kumasli-fitted-vucuda-oturan-kayik-yaka-orme-bluz-twoaw24bz00227-p-779920353)
[2026-01-09T09:35:02.880Z] [INFO]       -> Adding new variant to queue: tas-001 (https://www.trendyol-milla.com/trendyolmilla/kahverengi-duz-premium-yumusak-kumasli-fitted-vucuda-oturan-kayik-yaka-orme-bluz-twoaw24bz00227-p-994374468)
[2026-01-09T09:35:02.881Z] [INFO]       -> Adding new variant to queue: lacivert (https://www.trendyol-milla.com/trendyolmilla/kahverengi-duz-premium-yumusak-kumasli-fitted-vucuda-oturan-kayik-yaka-orme-bluz-twoaw24bz00227-p-732699160)
[2026-01-09T09:35:02.882Z] [INFO]       -> Adding new variant to queue: antrasit (https://www.trendyol-milla.com/trendyolmilla/kahverengi-duz-premium-yumusak-kumasli-fitted-vucuda-oturan-kayik-yaka-orme-bluz-twoaw24bz00227-p-859240980)
[2026-01-09T09:35:02.883Z] [INFO]       -> Adding new variant to queue: haki-001 (https://www.trendyol-milla.com/trendyolmilla/kahverengi-duz-premium-yumusak-kumasli-fitted-vucuda-oturan-kayik-yaka-orme-bluz-twoaw24bz00227-p-865154781)
[2026-01-09T09:35:02.884Z] [INFO]       -> Adding new variant to queue: haki (https://www.trendyol-milla.com/trendyolmilla/kahverengi-duz-premium-yumusak-kumasli-fitted-vucuda-oturan-kayik-yaka-orme-bluz-twoaw24bz00227-p-767486153)
[2026-01-09T09:35:02.884Z] [INFO]       -> Adding new variant to queue: siyah-1001 (https://www.trendyol-milla.com/trendyolmilla/kahverengi-duz-premium-yumusak-kumasli-fitted-vucuda-oturan-kayik-yaka-orme-bluz-twoaw24bz00227-p-855372419)
[2026-01-09T09:35:02.885Z] [INFO]       -> Adding new variant to queue: kirmizi-c (https://www.trendyol-milla.com/trendyolmilla/kahverengi-duz-premium-yumusak-kumasli-fitted-vucuda-oturan-kayik-yaka-orme-bluz-twoaw24bz00227-p-732699158)
[2026-01-09T09:35:02.886Z] [INFO]       -> Adding new variant to queue: gul-kurusu (https://www.trendyol-milla.com/trendyolmilla/kahverengi-duz-premium-yumusak-kumasli-fitted-vucuda-oturan-kayik-yaka-orme-bluz-twoaw24bz00227-p-944609527)
[2026-01-09T09:35:03.891Z] [INFO] [Page 1] [33/203] Fetching details for: Siyah Düz Premium Yumuşak Kumaşlı Fitted/Vücuda Ot...
[2026-01-09T09:35:03.944Z] [INFO] Fetching details for: https://www.trendyol-milla.com/trendyolmilla/siyah...
[2026-01-09T09:35:17.762Z] [INFO]    🎨 Found 12 color variants.
[2026-01-09T09:35:17.763Z] [INFO]       -> Adding new variant to queue: siyah (https://www.trendyol-milla.com/trendyolmilla/acik-lacivert-premium-yumusak-kumasli-fitted-vucuda-oturan-kayik-yaka-orme-bluz-twoaw24bz00227-p-755253562)
[2026-01-09T09:35:17.763Z] [INFO]       -> Adding new variant to queue: tas-001 (https://www.trendyol-milla.com/trendyolmilla/acik-lacivert-premium-yumusak-kumasli-fitted-vucuda-oturan-kayik-yaka-orme-bluz-twoaw24bz00227-p-994374468)
[2026-01-09T09:35:17.764Z] [INFO]       -> Adding new variant to queue: siyah-1001 (https://www.trendyol-milla.com/trendyolmilla/acik-lacivert-premium-yumusak-kumasli-fitted-vucuda-oturan-kayik-yaka-orme-bluz-twoaw24bz00227-p-855372419)
[2026-01-09T09:35:17.765Z] [INFO]       -> Adding new variant to queue: gul-kurusu (https://www.trendyol-milla.com/trendyolmilla/acik-lacivert-premium-yumusak-kumasli-fitted-vucuda-oturan-kayik-yaka-orme-bluz-twoaw24bz00227-p-944609527)
[2026-01-09T09:35:17.766Z] [INFO]       -> Adding new variant to queue: ekru (https://www.trendyol-milla.com/trendyolmilla/acik-lacivert-premium-yumusak-kumasli-fitted-vucuda-oturan-kayik-yaka-orme-bluz-twoaw24bz00227-p-779920353)
[2026-01-09T09:35:17.766Z] [INFO]       -> Adding new variant to queue: lacivert (https://www.trendyol-milla.com/trendyolmilla/acik-lacivert-premium-yumusak-kumasli-fitted-vucuda-oturan-kayik-yaka-orme-bluz-twoaw24bz00227-p-732699160)
[2026-01-09T09:35:17.767Z] [INFO]       -> Adding new variant to queue: kahverengi (https://www.trendyol-milla.com/trendyolmilla/acik-lacivert-premium-yumusak-kumasli-fitted-vucuda-oturan-kayik-yaka-orme-bluz-twoaw24bz00227-p-944609443)
[2026-01-09T09:35:17.768Z] [INFO]       -> Adding new variant to queue: haki-001 (https://www.trendyol-milla.com/trendyolmilla/acik-lacivert-premium-yumusak-kumasli-fitted-vucuda-oturan-kayik-yaka-orme-bluz-twoaw24bz00227-p-865154781)
[2026-01-09T09:35:17.769Z] [INFO]       -> Adding new variant to queue: haki (https://www.trendyol-milla.com/trendyolmilla/acik-lacivert-premium-yumusak-kumasli-fitted-vucuda-oturan-kayik-yaka-orme-bluz-twoaw24bz00227-p-767486153)
[2026-01-09T09:35:17.770Z] [INFO]       -> Adding new variant to queue: antrasit (https://www.trendyol-milla.com/trendyolmilla/acik-lacivert-premium-yumusak-kumasli-fitted-vucuda-oturan-kayik-yaka-orme-bluz-twoaw24bz00227-p-859240980)
[2026-01-09T09:35:17.770Z] [INFO]       -> Adding new variant to queue: murdum (https://www.trendyol-milla.com/trendyolmilla/acik-lacivert-premium-yumusak-kumasli-fitted-vucuda-oturan-kayik-yaka-orme-bluz-twoaw24bz00227-p-992196372)
[2026-01-09T09:35:17.771Z] [INFO]       -> Adding new variant to queue: kirmizi-c (https://www.trendyol-milla.com/trendyolmilla/acik-lacivert-premium-yumusak-kumasli-fitted-vucuda-oturan-kayik-yaka-orme-bluz-twoaw24bz00227-p-732699158)
[2026-01-09T09:35:18.784Z] [INFO] [Page 1] [34/215] Fetching details for: Siyah Düz Premium Yumuşak Kumaşlı Fitted/Vücuda Ot...
[2026-01-09T09:35:18.858Z] [INFO] Fetching details for: https://www.trendyol-milla.com/trendyolmilla/siyah...
[2026-01-09T09:35:33.524Z] [INFO]    🎨 Found 12 color variants.
[2026-01-09T09:35:33.525Z] [INFO]       -> Adding new variant to queue: siyah (https://www.trendyol-milla.com/trendyolmilla/murdum-premium-yumusak-kumasli-fitted-vucuda-oturan-kayik-yaka-orme-bluz-twoaw24bz00227-p-755253562)
[2026-01-09T09:35:33.526Z] [INFO]       -> Adding new variant to queue: haki-001 (https://www.trendyol-milla.com/trendyolmilla/murdum-premium-yumusak-kumasli-fitted-vucuda-oturan-kayik-yaka-orme-bluz-twoaw24bz00227-p-865154781)
[2026-01-09T09:35:33.526Z] [INFO]       -> Adding new variant to queue: kirmizi-c (https://www.trendyol-milla.com/trendyolmilla/murdum-premium-yumusak-kumasli-fitted-vucuda-oturan-kayik-yaka-orme-bluz-twoaw24bz00227-p-732699158)
[2026-01-09T09:35:33.527Z] [INFO]       -> Adding new variant to queue: tas-001 (https://www.trendyol-milla.com/trendyolmilla/murdum-premium-yumusak-kumasli-fitted-vucuda-oturan-kayik-yaka-orme-bluz-twoaw24bz00227-p-994374468)
[2026-01-09T09:35:33.527Z] [INFO]       -> Adding new variant to queue: kahverengi (https://www.trendyol-milla.com/trendyolmilla/murdum-premium-yumusak-kumasli-fitted-vucuda-oturan-kayik-yaka-orme-bluz-twoaw24bz00227-p-944609443)
[2026-01-09T09:35:33.528Z] [INFO]       -> Adding new variant to queue: lacivert (https://www.trendyol-milla.com/trendyolmilla/murdum-premium-yumusak-kumasli-fitted-vucuda-oturan-kayik-yaka-orme-bluz-twoaw24bz00227-p-732699160)
[2026-01-09T09:35:33.530Z] [INFO]       -> Adding new variant to queue: siyah-1001 (https://www.trendyol-milla.com/trendyolmilla/murdum-premium-yumusak-kumasli-fitted-vucuda-oturan-kayik-yaka-orme-bluz-twoaw24bz00227-p-855372419)
[2026-01-09T09:35:33.532Z] [INFO]       -> Adding new variant to queue: ekru (https://www.trendyol-milla.com/trendyolmilla/murdum-premium-yumusak-kumasli-fitted-vucuda-oturan-kayik-yaka-orme-bluz-twoaw24bz00227-p-779920353)
[2026-01-09T09:35:33.534Z] [INFO]       -> Adding new variant to queue: acik-lacivert (https://www.trendyol-milla.com/trendyolmilla/murdum-premium-yumusak-kumasli-fitted-vucuda-oturan-kayik-yaka-orme-bluz-twoaw24bz00227-p-783178080)
[2026-01-09T09:35:33.536Z] [INFO]       -> Adding new variant to queue: gul-kurusu (https://www.trendyol-milla.com/trendyolmilla/murdum-premium-yumusak-kumasli-fitted-vucuda-oturan-kayik-yaka-orme-bluz-twoaw24bz00227-p-944609527)
[2026-01-09T09:35:33.537Z] [INFO]       -> Adding new variant to queue: antrasit (https://www.trendyol-milla.com/trendyolmilla/murdum-premium-yumusak-kumasli-fitted-vucuda-oturan-kayik-yaka-orme-bluz-twoaw24bz00227-p-859240980)
[2026-01-09T09:35:33.538Z] [INFO]       -> Adding new variant to queue: haki (https://www.trendyol-milla.com/trendyolmilla/murdum-premium-yumusak-kumasli-fitted-vucuda-oturan-kayik-yaka-orme-bluz-twoaw24bz00227-p-767486153)
[2026-01-09T09:35:34.545Z] [INFO] [Page 1] [35/227] Fetching details for: Siyah Düz Premium Yumuşak Kumaşlı Fitted/Vücuda Ot...
[2026-01-09T09:35:34.605Z] [INFO] Fetching details for: https://www.trendyol-milla.com/trendyolmilla/siyah...
[2026-01-09T09:35:49.120Z] [INFO]    🎨 Found 12 color variants.
[2026-01-09T09:35:49.121Z] [INFO]       -> Adding new variant to queue: siyah (https://www.trendyol-milla.com/trendyolmilla/haki-beyaz-cizgili-premium-yumusak-kumasli-fitted-kayik-yaka-esnek-orme-bluz-twoaw24bz00227-p-755253562)
[2026-01-09T09:35:49.121Z] [INFO]       -> Adding new variant to queue: antrasit (https://www.trendyol-milla.com/trendyolmilla/haki-beyaz-cizgili-premium-yumusak-kumasli-fitted-kayik-yaka-esnek-orme-bluz-twoaw24bz00227-p-859240980)
[2026-01-09T09:35:49.122Z] [INFO]       -> Adding new variant to queue: kirmizi-c (https://www.trendyol-milla.com/trendyolmilla/haki-beyaz-cizgili-premium-yumusak-kumasli-fitted-kayik-yaka-esnek-orme-bluz-twoaw24bz00227-p-732699158)
[2026-01-09T09:35:49.122Z] [INFO]       -> Adding new variant to queue: siyah-1001 (https://www.trendyol-milla.com/trendyolmilla/haki-beyaz-cizgili-premium-yumusak-kumasli-fitted-kayik-yaka-esnek-orme-bluz-twoaw24bz00227-p-855372419)
[2026-01-09T09:35:49.123Z] [INFO]       -> Adding new variant to queue: ekru (https://www.trendyol-milla.com/trendyolmilla/haki-beyaz-cizgili-premium-yumusak-kumasli-fitted-kayik-yaka-esnek-orme-bluz-twoaw24bz00227-p-779920353)
[2026-01-09T09:35:49.123Z] [INFO]       -> Adding new variant to queue: murdum (https://www.trendyol-milla.com/trendyolmilla/haki-beyaz-cizgili-premium-yumusak-kumasli-fitted-kayik-yaka-esnek-orme-bluz-twoaw24bz00227-p-992196372)
[2026-01-09T09:35:49.123Z] [INFO]       -> Adding new variant to queue: acik-lacivert (https://www.trendyol-milla.com/trendyolmilla/haki-beyaz-cizgili-premium-yumusak-kumasli-fitted-kayik-yaka-esnek-orme-bluz-twoaw24bz00227-p-783178080)
[2026-01-09T09:35:49.124Z] [INFO]       -> Adding new variant to queue: gul-kurusu (https://www.trendyol-milla.com/trendyolmilla/haki-beyaz-cizgili-premium-yumusak-kumasli-fitted-kayik-yaka-esnek-orme-bluz-twoaw24bz00227-p-944609527)
[2026-01-09T09:35:49.125Z] [INFO]       -> Adding new variant to queue: tas-001 (https://www.trendyol-milla.com/trendyolmilla/haki-beyaz-cizgili-premium-yumusak-kumasli-fitted-kayik-yaka-esnek-orme-bluz-twoaw24bz00227-p-994374468)
[2026-01-09T09:35:49.127Z] [INFO]       -> Adding new variant to queue: lacivert (https://www.trendyol-milla.com/trendyolmilla/haki-beyaz-cizgili-premium-yumusak-kumasli-fitted-kayik-yaka-esnek-orme-bluz-twoaw24bz00227-p-732699160)
[2026-01-09T09:35:49.128Z] [INFO]       -> Adding new variant to queue: kahverengi (https://www.trendyol-milla.com/trendyolmilla/haki-beyaz-cizgili-premium-yumusak-kumasli-fitted-kayik-yaka-esnek-orme-bluz-twoaw24bz00227-p-944609443)
[2026-01-09T09:35:49.128Z] [INFO]       -> Adding new variant to queue: haki-001 (https://www.trendyol-milla.com/trendyolmilla/haki-beyaz-cizgili-premium-yumusak-kumasli-fitted-kayik-yaka-esnek-orme-bluz-twoaw24bz00227-p-865154781)
[2026-01-09T09:35:50.131Z] [INFO] [Page 1] [36/239] Fetching details for: Siyah Düz Premium Yumuşak Kumaşlı Fitted/Vücuda Ot...
[2026-01-09T09:35:50.193Z] [INFO] Fetching details for: https://www.trendyol-milla.com/trendyolmilla/siyah...
[2026-01-09T09:36:04.250Z] [INFO]    🎨 Found 12 color variants.
[2026-01-09T09:36:04.252Z] [INFO]       -> Adding new variant to queue: siyah (https://www.trendyol-milla.com/trendyolmilla/antrasit-duz-premium-yumusak-kumasli-fitted-vucuda-oturan-kayik-yaka-orme-bluz-twoaw24bz00227-p-755253562)
[2026-01-09T09:36:04.252Z] [INFO]       -> Adding new variant to queue: haki (https://www.trendyol-milla.com/trendyolmilla/antrasit-duz-premium-yumusak-kumasli-fitted-vucuda-oturan-kayik-yaka-orme-bluz-twoaw24bz00227-p-767486153)
[2026-01-09T09:36:04.253Z] [INFO]       -> Adding new variant to queue: kahverengi (https://www.trendyol-milla.com/trendyolmilla/antrasit-duz-premium-yumusak-kumasli-fitted-vucuda-oturan-kayik-yaka-orme-bluz-twoaw24bz00227-p-944609443)
[2026-01-09T09:36:04.254Z] [INFO]       -> Adding new variant to queue: ekru (https://www.trendyol-milla.com/trendyolmilla/antrasit-duz-premium-yumusak-kumasli-fitted-vucuda-oturan-kayik-yaka-orme-bluz-twoaw24bz00227-p-779920353)
[2026-01-09T09:36:04.255Z] [INFO]       -> Adding new variant to queue: siyah-1001 (https://www.trendyol-milla.com/trendyolmilla/antrasit-duz-premium-yumusak-kumasli-fitted-vucuda-oturan-kayik-yaka-orme-bluz-twoaw24bz00227-p-855372419)
[2026-01-09T09:36:04.255Z] [INFO]       -> Adding new variant to queue: haki-001 (https://www.trendyol-milla.com/trendyolmilla/antrasit-duz-premium-yumusak-kumasli-fitted-vucuda-oturan-kayik-yaka-orme-bluz-twoaw24bz00227-p-865154781)
[2026-01-09T09:36:04.256Z] [INFO]       -> Adding new variant to queue: murdum (https://www.trendyol-milla.com/trendyolmilla/antrasit-duz-premium-yumusak-kumasli-fitted-vucuda-oturan-kayik-yaka-orme-bluz-twoaw24bz00227-p-992196372)
[2026-01-09T09:36:04.256Z] [INFO]       -> Adding new variant to queue: kirmizi-c (https://www.trendyol-milla.com/trendyolmilla/antrasit-duz-premium-yumusak-kumasli-fitted-vucuda-oturan-kayik-yaka-orme-bluz-twoaw24bz00227-p-732699158)
[2026-01-09T09:36:04.257Z] [INFO]       -> Adding new variant to queue: gul-kurusu (https://www.trendyol-milla.com/trendyolmilla/antrasit-duz-premium-yumusak-kumasli-fitted-vucuda-oturan-kayik-yaka-orme-bluz-twoaw24bz00227-p-944609527)
[2026-01-09T09:36:04.257Z] [INFO]       -> Adding new variant to queue: tas-001 (https://www.trendyol-milla.com/trendyolmilla/antrasit-duz-premium-yumusak-kumasli-fitted-vucuda-oturan-kayik-yaka-orme-bluz-twoaw24bz00227-p-994374468)
[2026-01-09T09:36:04.258Z] [INFO]       -> Adding new variant to queue: lacivert (https://www.trendyol-milla.com/trendyolmilla/antrasit-duz-premium-yumusak-kumasli-fitted-vucuda-oturan-kayik-yaka-orme-bluz-twoaw24bz00227-p-732699160)
[2026-01-09T09:36:04.258Z] [INFO]       -> Adding new variant to queue: acik-lacivert (https://www.trendyol-milla.com/trendyolmilla/antrasit-duz-premium-yumusak-kumasli-fitted-vucuda-oturan-kayik-yaka-orme-bluz-twoaw24bz00227-p-783178080)
[2026-01-09T09:36:05.271Z] [INFO] [Page 1] [37/251] Fetching details for: Siyah Fitted/Vücuda Oturan Asimetrik yaka Detaylı ...
[2026-01-09T09:36:05.337Z] [INFO] Fetching details for: https://www.trendyol-milla.com/trendyolmilla/siyah...
[2026-01-09T09:36:19.980Z] [INFO]    🎨 Found 4 color variants.
[2026-01-09T09:36:19.981Z] [INFO]       -> Adding new variant to queue: kahverengi (https://www.trendyol-milla.com/trendyolmilla/yag-yesil-fitted-vucuda-oturan-asimetrik-yaka-detayli-yumusak-kumasli-esnek-orme-bluz-twoaw26bz00088-p-986195236)
[2026-01-09T09:36:19.982Z] [INFO]       -> Adding new variant to queue: tas (https://www.trendyol-milla.com/trendyolmilla/yag-yesil-fitted-vucuda-oturan-asimetrik-yaka-detayli-yumusak-kumasli-esnek-orme-bluz-twoaw26bz00088-p-945258704)
[2026-01-09T09:36:19.982Z] [INFO]       -> Adding new variant to queue: siyah (https://www.trendyol-milla.com/trendyolmilla/yag-yesil-fitted-vucuda-oturan-asimetrik-yaka-detayli-yumusak-kumasli-esnek-orme-bluz-twoaw26bz00088-p-945258125)
[2026-01-09T09:36:19.983Z] [INFO]       -> Adding new variant to queue: bordo (https://www.trendyol-milla.com/trendyolmilla/yag-yesil-fitted-vucuda-oturan-asimetrik-yaka-detayli-yumusak-kumasli-esnek-orme-bluz-twoaw26bz00088-p-945259183)
[2026-01-09T09:36:20.986Z] [INFO] [Page 1] [38/255] Fetching details for: Siyah Fitted/Vücuda Oturan Asimetrik yaka Detaylı ...
[2026-01-09T09:36:21.074Z] [INFO] Fetching details for: https://www.trendyol-milla.com/trendyolmilla/siyah...
[2026-01-09T09:36:35.836Z] [INFO]    🎨 Found 4 color variants.
[2026-01-09T09:36:35.838Z] [INFO]       -> Adding new variant to queue: siyah (https://www.trendyol-milla.com/trendyolmilla/bordo-fitted-vucuda-oturan-asimetrik-yaka-detayli-yumusak-kumasli-esnek-orme-bluz-twoaw26bz00088-p-945258125)
[2026-01-09T09:36:35.840Z] [INFO]       -> Adding new variant to queue: kahverengi (https://www.trendyol-milla.com/trendyolmilla/bordo-fitted-vucuda-oturan-asimetrik-yaka-detayli-yumusak-kumasli-esnek-orme-bluz-twoaw26bz00088-p-986195236)
[2026-01-09T09:36:35.841Z] [INFO]       -> Adding new variant to queue: tas (https://www.trendyol-milla.com/trendyolmilla/bordo-fitted-vucuda-oturan-asimetrik-yaka-detayli-yumusak-kumasli-esnek-orme-bluz-twoaw26bz00088-p-945258704)
[2026-01-09T09:36:35.842Z] [INFO]       -> Adding new variant to queue: yag-yesil (https://www.trendyol-milla.com/trendyolmilla/bordo-fitted-vucuda-oturan-asimetrik-yaka-detayli-yumusak-kumasli-esnek-orme-bluz-twoaw26bz00088-p-975962178)
[2026-01-09T09:36:36.849Z] [INFO] [Page 1] [39/259] Fetching details for: Siyah Fitted/Vücuda Oturan Asimetrik yaka Detaylı ...
[2026-01-09T09:36:36.922Z] [INFO] Fetching details for: https://www.trendyol-milla.com/trendyolmilla/siyah...
[2026-01-09T09:36:52.173Z] [INFO]    🎨 Found 4 color variants.
[2026-01-09T09:36:52.174Z] [INFO]       -> Adding new variant to queue: siyah (https://www.trendyol-milla.com/trendyolmilla/tas-fitted-vucuda-oturan-asimetrik-yaka-detayli-yumusak-kumasli-esnek-orme-bluz-twoaw26bz00088-p-945258125)
[2026-01-09T09:36:52.176Z] [INFO]       -> Adding new variant to queue: kahverengi (https://www.trendyol-milla.com/trendyolmilla/tas-fitted-vucuda-oturan-asimetrik-yaka-detayli-yumusak-kumasli-esnek-orme-bluz-twoaw26bz00088-p-986195236)
[2026-01-09T09:36:52.177Z] [INFO]       -> Adding new variant to queue: yag-yesil (https://www.trendyol-milla.com/trendyolmilla/tas-fitted-vucuda-oturan-asimetrik-yaka-detayli-yumusak-kumasli-esnek-orme-bluz-twoaw26bz00088-p-975962178)
[2026-01-09T09:36:52.178Z] [INFO]       -> Adding new variant to queue: bordo (https://www.trendyol-milla.com/trendyolmilla/tas-fitted-vucuda-oturan-asimetrik-yaka-detayli-yumusak-kumasli-esnek-orme-bluz-twoaw26bz00088-p-945259183)
[2026-01-09T09:36:53.185Z] [INFO] [Page 1] [40/263] Fetching details for: Siyah Fitted/Vücuda Oturan Asimetrik yaka Detaylı ...
[2026-01-09T09:36:53.239Z] [INFO] Fetching details for: https://www.trendyol-milla.com/trendyolmilla/siyah...
[2026-01-09T09:37:07.249Z] [INFO]    🎨 Found 4 color variants.
[2026-01-09T09:37:07.251Z] [INFO]       -> Adding new variant to queue: tas (https://www.trendyol-milla.com/trendyolmilla/kahverengi-fitted-vucuda-oturan-asimetrik-yaka-detayli-yumusak-kumasli-orme-bluz-twoaw26bz00088-p-945258704)
[2026-01-09T09:37:07.252Z] [INFO]       -> Adding new variant to queue: siyah (https://www.trendyol-milla.com/trendyolmilla/kahverengi-fitted-vucuda-oturan-asimetrik-yaka-detayli-yumusak-kumasli-orme-bluz-twoaw26bz00088-p-945258125)
[2026-01-09T09:37:07.253Z] [INFO]       -> Adding new variant to queue: yag-yesil (https://www.trendyol-milla.com/trendyolmilla/kahverengi-fitted-vucuda-oturan-asimetrik-yaka-detayli-yumusak-kumasli-orme-bluz-twoaw26bz00088-p-975962178)
[2026-01-09T09:37:07.253Z] [INFO]       -> Adding new variant to queue: bordo (https://www.trendyol-milla.com/trendyolmilla/kahverengi-fitted-vucuda-oturan-asimetrik-yaka-detayli-yumusak-kumasli-orme-bluz-twoaw26bz00088-p-945259183)
[2026-01-09T09:37:08.258Z] [INFO] [Page 1] [41/267] Fetching details for: Gri İspanyol Kol Büzgü Detaylı Regular/Normal Kalı...
[2026-01-09T09:37:08.319Z] [INFO] Fetching details for: https://www.trendyol-milla.com/trendyolmilla/gri-i...
[2026-01-09T09:37:22.448Z] [INFO]    🎨 Found 1 color variants.
[2026-01-09T09:37:22.450Z] [INFO]       -> Adding new variant to queue: gri (https://www.trendyol-milla.com/trendyolmilla/siyah-ispanyol-kol-buzgu-detayli-regular-normal-kalip-orme-bluz-twoaw26bz00293-p-988866047)
[2026-01-09T09:37:23.454Z] [INFO] [Page 1] [42/268] Fetching details for: Kahverengi Kolsuz Kuşaklı Dokuma Bluz TWOAW26BZ000...
[2026-01-09T09:37:23.506Z] [INFO] Fetching details for: https://www.trendyol-milla.com/trendyolmilla/kahve...
[2026-01-09T09:37:37.438Z] [INFO]    🎨 Found 2 color variants.
[2026-01-09T09:37:37.439Z] [INFO]       -> Adding new variant to queue: kahverengi (https://www.trendyol-milla.com/trendyolmilla/beyaz-kolsuz-kusakli-dokuma-bluz-twoaw26bz00057-p-938449109)
[2026-01-09T09:37:37.440Z] [INFO]       -> Adding new variant to queue: siyah (https://www.trendyol-milla.com/trendyolmilla/beyaz-kolsuz-kusakli-dokuma-bluz-twoaw26bz00057-p-955337741)
[2026-01-09T09:37:38.451Z] [INFO] [Page 1] [43/270] Fetching details for: Kahverengi Kolsuz Kuşaklı Dokuma Bluz TWOAW26BZ000...
[2026-01-09T09:37:38.516Z] [INFO] Fetching details for: https://www.trendyol-milla.com/trendyolmilla/kahve...
[2026-01-09T09:37:52.479Z] [INFO]    🎨 Found 2 color variants.
[2026-01-09T09:37:52.481Z] [INFO]       -> Adding new variant to queue: kahverengi (https://www.trendyol-milla.com/trendyolmilla/siyah-kolsuz-kusakli-dokuma-bluz-twoaw26bz00057-p-938449109)
[2026-01-09T09:37:52.483Z] [INFO]       -> Adding new variant to queue: beyaz (https://www.trendyol-milla.com/trendyolmilla/siyah-kolsuz-kusakli-dokuma-bluz-twoaw26bz00057-p-955337738)
[2026-01-09T09:37:53.493Z] [INFO] [Page 1] [44/272] Fetching details for: Taş Pamuklu Esnek Kayık Yaka Fitted/Vücuda Oturan ...
[2026-01-09T09:37:53.549Z] [INFO] Fetching details for: https://www.trendyol-milla.com/trendyolmilla/tas-p...
[2026-01-09T09:38:07.531Z] [INFO]    🎨 Found 6 color variants.
[2026-01-09T09:38:07.532Z] [INFO]       -> Adding new variant to queue: tas (https://www.trendyol-milla.com/trendyolmilla/siyah-pamuklu-esnek-kayik-yaka-fitted-vucuda-oturan-esnek-orme-bluz-twoaw24bz00166-p-719816646)
[2026-01-09T09:38:07.533Z] [INFO]       -> Adding new variant to queue: kahverengi (https://www.trendyol-milla.com/trendyolmilla/siyah-pamuklu-esnek-kayik-yaka-fitted-vucuda-oturan-esnek-orme-bluz-twoaw24bz00166-p-995542687)
[2026-01-09T09:38:07.533Z] [INFO]       -> Adding new variant to queue: kirmizi-c (https://www.trendyol-milla.com/trendyolmilla/siyah-pamuklu-esnek-kayik-yaka-fitted-vucuda-oturan-esnek-orme-bluz-twoaw24bz00166-p-835667281)
[2026-01-09T09:38:07.533Z] [INFO]       -> Adding new variant to queue: bordo (https://www.trendyol-milla.com/trendyolmilla/siyah-pamuklu-esnek-kayik-yaka-fitted-vucuda-oturan-esnek-orme-bluz-twoaw24bz00166-p-859132820)
[2026-01-09T09:38:07.534Z] [INFO]       -> Adding new variant to queue: saks (https://www.trendyol-milla.com/trendyolmilla/siyah-pamuklu-esnek-kayik-yaka-fitted-vucuda-oturan-esnek-orme-bluz-twoaw24bz00166-p-719816659)
[2026-01-09T09:38:07.534Z] [INFO]       -> Adding new variant to queue: zumrut-yesili (https://www.trendyol-milla.com/trendyolmilla/siyah-pamuklu-esnek-kayik-yaka-fitted-vucuda-oturan-esnek-orme-bluz-twoaw24bz00166-p-859132821)
[2026-01-09T09:38:08.539Z] [INFO] [Page 1] [45/278] Fetching details for: Taş Pamuklu Esnek Kayık Yaka Fitted/Vücuda Oturan ...
[2026-01-09T09:38:08.605Z] [INFO] Fetching details for: https://www.trendyol-milla.com/trendyolmilla/tas-p...
[2026-01-09T09:38:22.642Z] [INFO]    🎨 Found 6 color variants.
[2026-01-09T09:38:22.643Z] [INFO]       -> Adding new variant to queue: zumrut-yesili (https://www.trendyol-milla.com/trendyolmilla/kirmizi-pamuklu-kayik-yaka-fitted-vucuda-oturan-esnek-bluz-twoaw24bz00166-p-859132821)
[2026-01-09T09:38:22.644Z] [INFO]       -> Adding new variant to queue: saks (https://www.trendyol-milla.com/trendyolmilla/kirmizi-pamuklu-kayik-yaka-fitted-vucuda-oturan-esnek-bluz-twoaw24bz00166-p-719816659)
[2026-01-09T09:38:22.646Z] [INFO]       -> Adding new variant to queue: bordo (https://www.trendyol-milla.com/trendyolmilla/kirmizi-pamuklu-kayik-yaka-fitted-vucuda-oturan-esnek-bluz-twoaw24bz00166-p-859132820)
[2026-01-09T09:38:22.647Z] [INFO]       -> Adding new variant to queue: tas (https://www.trendyol-milla.com/trendyolmilla/kirmizi-pamuklu-kayik-yaka-fitted-vucuda-oturan-esnek-bluz-twoaw24bz00166-p-719816646)
[2026-01-09T09:38:22.648Z] [INFO]       -> Adding new variant to queue: kahverengi (https://www.trendyol-milla.com/trendyolmilla/kirmizi-pamuklu-kayik-yaka-fitted-vucuda-oturan-esnek-bluz-twoaw24bz00166-p-995542687)
[2026-01-09T09:38:22.648Z] [INFO]       -> Adding new variant to queue: siyah (https://www.trendyol-milla.com/trendyolmilla/kirmizi-pamuklu-kayik-yaka-fitted-vucuda-oturan-esnek-bluz-twoaw24bz00166-p-719816635)
[2026-01-09T09:38:23.663Z] [INFO] [Page 1] [46/284] Fetching details for: Taş Pamuklu Esnek Kayık Yaka Fitted/Vücuda Oturan ...
[2026-01-09T09:38:23.718Z] [INFO] Fetching details for: https://www.trendyol-milla.com/trendyolmilla/tas-p...
[2026-01-09T09:38:37.924Z] [INFO]    🎨 Found 6 color variants.
[2026-01-09T09:38:37.926Z] [INFO]       -> Adding new variant to queue: kirmizi-c (https://www.trendyol-milla.com/trendyolmilla/kahverengi-pamuklu-kayik-yaka-fitted-vucuda-oturan-esnek-bluz-twoaw24bz00166-p-835667281)
[2026-01-09T09:38:37.928Z] [INFO]       -> Adding new variant to queue: saks (https://www.trendyol-milla.com/trendyolmilla/kahverengi-pamuklu-kayik-yaka-fitted-vucuda-oturan-esnek-bluz-twoaw24bz00166-p-719816659)
[2026-01-09T09:38:37.929Z] [INFO]       -> Adding new variant to queue: bordo (https://www.trendyol-milla.com/trendyolmilla/kahverengi-pamuklu-kayik-yaka-fitted-vucuda-oturan-esnek-bluz-twoaw24bz00166-p-859132820)
[2026-01-09T09:38:37.930Z] [INFO]       -> Adding new variant to queue: zumrut-yesili (https://www.trendyol-milla.com/trendyolmilla/kahverengi-pamuklu-kayik-yaka-fitted-vucuda-oturan-esnek-bluz-twoaw24bz00166-p-859132821)
[2026-01-09T09:38:37.933Z] [INFO]       -> Adding new variant to queue: tas (https://www.trendyol-milla.com/trendyolmilla/kahverengi-pamuklu-kayik-yaka-fitted-vucuda-oturan-esnek-bluz-twoaw24bz00166-p-719816646)
[2026-01-09T09:38:37.936Z] [INFO]       -> Adding new variant to queue: siyah (https://www.trendyol-milla.com/trendyolmilla/kahverengi-pamuklu-kayik-yaka-fitted-vucuda-oturan-esnek-bluz-twoaw24bz00166-p-719816635)
[2026-01-09T09:38:38.949Z] [INFO] [Page 1] [47/290] Fetching details for: Taş Pamuklu Esnek Kayık Yaka Fitted/Vücuda Oturan ...
[2026-01-09T09:38:39.000Z] [INFO] Fetching details for: https://www.trendyol-milla.com/trendyolmilla/tas-p...
[2026-01-09T09:38:52.993Z] [INFO]    🎨 Found 6 color variants.
[2026-01-09T09:38:52.995Z] [INFO]       -> Adding new variant to queue: tas (https://www.trendyol-milla.com/trendyolmilla/saks-pamuklu-esnek-kayik-yaka-fitted-vucuda-oturan-esnek-orme-bluz-twoaw24bz00166-p-719816646)
[2026-01-09T09:38:53.009Z] [INFO]       -> Adding new variant to queue: kahverengi (https://www.trendyol-milla.com/trendyolmilla/saks-pamuklu-esnek-kayik-yaka-fitted-vucuda-oturan-esnek-orme-bluz-twoaw24bz00166-p-995542687)
[2026-01-09T09:38:53.012Z] [INFO]       -> Adding new variant to queue: siyah (https://www.trendyol-milla.com/trendyolmilla/saks-pamuklu-esnek-kayik-yaka-fitted-vucuda-oturan-esnek-orme-bluz-twoaw24bz00166-p-719816635)
[2026-01-09T09:38:53.014Z] [INFO]       -> Adding new variant to queue: kirmizi-c (https://www.trendyol-milla.com/trendyolmilla/saks-pamuklu-esnek-kayik-yaka-fitted-vucuda-oturan-esnek-orme-bluz-twoaw24bz00166-p-835667281)
[2026-01-09T09:38:53.028Z] [INFO]       -> Adding new variant to queue: zumrut-yesili (https://www.trendyol-milla.com/trendyolmilla/saks-pamuklu-esnek-kayik-yaka-fitted-vucuda-oturan-esnek-orme-bluz-twoaw24bz00166-p-859132821)
[2026-01-09T09:38:53.029Z] [INFO]       -> Adding new variant to queue: bordo (https://www.trendyol-milla.com/trendyolmilla/saks-pamuklu-esnek-kayik-yaka-fitted-vucuda-oturan-esnek-orme-bluz-twoaw24bz00166-p-859132820)
[2026-01-09T09:38:54.037Z] [INFO] [Page 1] [48/296] Fetching details for: Taş Pamuklu Esnek Kayık Yaka Fitted/Vücuda Oturan ...
[2026-01-09T09:38:54.090Z] [INFO] Fetching details for: https://www.trendyol-milla.com/trendyolmilla/tas-p...
[2026-01-09T09:39:08.344Z] [INFO]    🎨 Found 6 color variants.
[2026-01-09T09:39:08.344Z] [INFO]       -> Adding new variant to queue: tas (https://www.trendyol-milla.com/trendyolmilla/zumrut-yesili-pamuklu-kayik-yaka-fitted-vucuda-oturan-esnek-bluz-twoaw24bz00166-p-719816646)
[2026-01-09T09:39:08.345Z] [INFO]       -> Adding new variant to queue: kahverengi (https://www.trendyol-milla.com/trendyolmilla/zumrut-yesili-pamuklu-kayik-yaka-fitted-vucuda-oturan-esnek-bluz-twoaw24bz00166-p-995542687)
[2026-01-09T09:39:08.345Z] [INFO]       -> Adding new variant to queue: kirmizi-c (https://www.trendyol-milla.com/trendyolmilla/zumrut-yesili-pamuklu-kayik-yaka-fitted-vucuda-oturan-esnek-bluz-twoaw24bz00166-p-835667281)
[2026-01-09T09:39:08.346Z] [INFO]       -> Adding new variant to queue: siyah (https://www.trendyol-milla.com/trendyolmilla/zumrut-yesili-pamuklu-kayik-yaka-fitted-vucuda-oturan-esnek-bluz-twoaw24bz00166-p-719816635)
[2026-01-09T09:39:08.346Z] [INFO]       -> Adding new variant to queue: bordo (https://www.trendyol-milla.com/trendyolmilla/zumrut-yesili-pamuklu-kayik-yaka-fitted-vucuda-oturan-esnek-bluz-twoaw24bz00166-p-859132820)
[2026-01-09T09:39:08.347Z] [INFO]       -> Adding new variant to queue: saks (https://www.trendyol-milla.com/trendyolmilla/zumrut-yesili-pamuklu-kayik-yaka-fitted-vucuda-oturan-esnek-bluz-twoaw24bz00166-p-719816659)
[2026-01-09T09:39:09.353Z] [INFO] [Page 1] [49/302] Fetching details for: Taş Pamuklu Esnek Kayık Yaka Fitted/Vücuda Oturan ...
[2026-01-09T09:39:09.416Z] [INFO] Fetching details for: https://www.trendyol-milla.com/trendyolmilla/tas-p...
[2026-01-09T09:39:23.399Z] [INFO]    🎨 Found 6 color variants.
[2026-01-09T09:39:23.400Z] [INFO]       -> Adding new variant to queue: tas (https://www.trendyol-milla.com/trendyolmilla/bordo-pamuklu-kayik-yaka-fitted-vucuda-oturan-esnek-bluz-twoaw24bz00166-p-719816646)
[2026-01-09T09:39:23.401Z] [INFO]       -> Adding new variant to queue: siyah (https://www.trendyol-milla.com/trendyolmilla/bordo-pamuklu-kayik-yaka-fitted-vucuda-oturan-esnek-bluz-twoaw24bz00166-p-719816635)
[2026-01-09T09:39:23.402Z] [INFO]       -> Adding new variant to queue: kahverengi (https://www.trendyol-milla.com/trendyolmilla/bordo-pamuklu-kayik-yaka-fitted-vucuda-oturan-esnek-bluz-twoaw24bz00166-p-995542687)
[2026-01-09T09:39:23.402Z] [INFO]       -> Adding new variant to queue: kirmizi-c (https://www.trendyol-milla.com/trendyolmilla/bordo-pamuklu-kayik-yaka-fitted-vucuda-oturan-esnek-bluz-twoaw24bz00166-p-835667281)
[2026-01-09T09:39:23.403Z] [INFO]       -> Adding new variant to queue: saks (https://www.trendyol-milla.com/trendyolmilla/bordo-pamuklu-kayik-yaka-fitted-vucuda-oturan-esnek-bluz-twoaw24bz00166-p-719816659)
[2026-01-09T09:39:23.403Z] [INFO]       -> Adding new variant to queue: zumrut-yesili (https://www.trendyol-milla.com/trendyolmilla/bordo-pamuklu-kayik-yaka-fitted-vucuda-oturan-esnek-bluz-twoaw24bz00166-p-859132821)
[2026-01-09T09:39:24.418Z] [INFO] [Page 1] [50/308] Fetching details for: Ekru Viskon/Yumuşak Kumaşlı Fitted Büzgü/Drape Det...
[2026-01-09T09:39:24.481Z] [INFO] Fetching details for: https://www.trendyol-milla.com/trendyolmilla/ekru-...
[2026-01-09T09:39:38.577Z] [INFO]    🎨 Found 7 color variants.
[2026-01-09T09:39:38.578Z] [INFO]       -> Adding new variant to queue: kahverengi-001 (https://www.trendyol-milla.com/trendyolmilla/antrasit-viskon-yumusak-kumasli-fitted-buzgu-drape-detayli-kayik-yaka-esnek-orme-bluz-twoaw25bz00225-p-986227409)
[2026-01-09T09:39:38.579Z] [INFO]       -> Adding new variant to queue: saks (https://www.trendyol-milla.com/trendyolmilla/antrasit-viskon-yumusak-kumasli-fitted-buzgu-drape-detayli-kayik-yaka-esnek-orme-bluz-twoaw25bz00225-p-869267085)
[2026-01-09T09:39:38.581Z] [INFO]       -> Adding new variant to queue: ekru (https://www.trendyol-milla.com/trendyolmilla/antrasit-viskon-yumusak-kumasli-fitted-buzgu-drape-detayli-kayik-yaka-esnek-orme-bluz-twoaw25bz00225-p-858115853)
[2026-01-09T09:39:38.581Z] [INFO]       -> Adding new variant to queue: yag-yesil (https://www.trendyol-milla.com/trendyolmilla/antrasit-viskon-yumusak-kumasli-fitted-buzgu-drape-detayli-kayik-yaka-esnek-orme-bluz-twoaw25bz00225-p-945191517)
[2026-01-09T09:39:38.583Z] [INFO]       -> Adding new variant to queue: siyah (https://www.trendyol-milla.com/trendyolmilla/antrasit-viskon-yumusak-kumasli-fitted-buzgu-drape-detayli-kayik-yaka-esnek-orme-bluz-twoaw25bz00225-p-858115852)
[2026-01-09T09:39:38.590Z] [INFO]       -> Adding new variant to queue: kirmizi-c (https://www.trendyol-milla.com/trendyolmilla/antrasit-viskon-yumusak-kumasli-fitted-buzgu-drape-detayli-kayik-yaka-esnek-orme-bluz-twoaw25bz00225-p-845181729)
[2026-01-09T09:39:38.591Z] [INFO]       -> Adding new variant to queue: lacivert-001 (https://www.trendyol-milla.com/trendyolmilla/antrasit-viskon-yumusak-kumasli-fitted-buzgu-drape-detayli-kayik-yaka-esnek-orme-bluz-twoaw25bz00225-p-858115850)
[2026-01-09T09:39:39.597Z] [INFO] [Page 1] [51/315] Fetching details for: Ekru Viskon/Yumuşak Kumaşlı Fitted Büzgü/Drape Det...
[2026-01-09T09:39:39.661Z] [INFO] Fetching details for: https://www.trendyol-milla.com/trendyolmilla/ekru-...
[2026-01-09T09:39:54.175Z] [INFO]    🎨 Found 7 color variants.
[2026-01-09T09:39:54.176Z] [INFO]       -> Adding new variant to queue: yag-yesil (https://www.trendyol-milla.com/trendyolmilla/saks-saks-fitted-vucuda-oturan-buzgu-drape-detayli-esnek-orme-bluz-twoaw25bz00225-p-945191517)
[2026-01-09T09:39:54.176Z] [INFO]       -> Adding new variant to queue: kahverengi-001 (https://www.trendyol-milla.com/trendyolmilla/saks-saks-fitted-vucuda-oturan-buzgu-drape-detayli-esnek-orme-bluz-twoaw25bz00225-p-986227409)
[2026-01-09T09:39:54.177Z] [INFO]       -> Adding new variant to queue: lacivert-001 (https://www.trendyol-milla.com/trendyolmilla/saks-saks-fitted-vucuda-oturan-buzgu-drape-detayli-esnek-orme-bluz-twoaw25bz00225-p-858115850)
[2026-01-09T09:39:54.177Z] [INFO]       -> Adding new variant to queue: ekru (https://www.trendyol-milla.com/trendyolmilla/saks-saks-fitted-vucuda-oturan-buzgu-drape-detayli-esnek-orme-bluz-twoaw25bz00225-p-858115853)
[2026-01-09T09:39:54.178Z] [INFO]       -> Adding new variant to queue: antrasit (https://www.trendyol-milla.com/trendyolmilla/saks-saks-fitted-vucuda-oturan-buzgu-drape-detayli-esnek-orme-bluz-twoaw25bz00225-p-845181730)
[2026-01-09T09:39:54.178Z] [INFO]       -> Adding new variant to queue: kirmizi-c (https://www.trendyol-milla.com/trendyolmilla/saks-saks-fitted-vucuda-oturan-buzgu-drape-detayli-esnek-orme-bluz-twoaw25bz00225-p-845181729)
[2026-01-09T09:39:54.178Z] [INFO]       -> Adding new variant to queue: siyah (https://www.trendyol-milla.com/trendyolmilla/saks-saks-fitted-vucuda-oturan-buzgu-drape-detayli-esnek-orme-bluz-twoaw25bz00225-p-858115852)
[2026-01-09T09:39:55.194Z] [INFO] [Page 1] [52/322] Fetching details for: Ekru Viskon/Yumuşak Kumaşlı Fitted Büzgü/Drape Det...
[2026-01-09T09:39:55.260Z] [INFO] Fetching details for: https://www.trendyol-milla.com/trendyolmilla/ekru-...
[2026-01-09T09:40:09.935Z] [INFO]    🎨 Found 7 color variants.
[2026-01-09T09:40:09.936Z] [INFO]       -> Adding new variant to queue: antrasit (https://www.trendyol-milla.com/trendyolmilla/kirmizi-viskon-yumusak-kumasli-fitted-buzgu-drape-detayli-kayik-yaka-esnek-orme-bluz-twoaw25bz00225-p-845181730)
[2026-01-09T09:40:09.938Z] [INFO]       -> Adding new variant to queue: ekru (https://www.trendyol-milla.com/trendyolmilla/kirmizi-viskon-yumusak-kumasli-fitted-buzgu-drape-detayli-kayik-yaka-esnek-orme-bluz-twoaw25bz00225-p-858115853)
[2026-01-09T09:40:09.939Z] [INFO]       -> Adding new variant to queue: saks (https://www.trendyol-milla.com/trendyolmilla/kirmizi-viskon-yumusak-kumasli-fitted-buzgu-drape-detayli-kayik-yaka-esnek-orme-bluz-twoaw25bz00225-p-869267085)
[2026-01-09T09:40:09.939Z] [INFO]       -> Adding new variant to queue: yag-yesil (https://www.trendyol-milla.com/trendyolmilla/kirmizi-viskon-yumusak-kumasli-fitted-buzgu-drape-detayli-kayik-yaka-esnek-orme-bluz-twoaw25bz00225-p-945191517)
[2026-01-09T09:40:09.940Z] [INFO]       -> Adding new variant to queue: siyah (https://www.trendyol-milla.com/trendyolmilla/kirmizi-viskon-yumusak-kumasli-fitted-buzgu-drape-detayli-kayik-yaka-esnek-orme-bluz-twoaw25bz00225-p-858115852)
[2026-01-09T09:40:09.940Z] [INFO]       -> Adding new variant to queue: lacivert-001 (https://www.trendyol-milla.com/trendyolmilla/kirmizi-viskon-yumusak-kumasli-fitted-buzgu-drape-detayli-kayik-yaka-esnek-orme-bluz-twoaw25bz00225-p-858115850)
[2026-01-09T09:40:09.941Z] [INFO]       -> Adding new variant to queue: kahverengi-001 (https://www.trendyol-milla.com/trendyolmilla/kirmizi-viskon-yumusak-kumasli-fitted-buzgu-drape-detayli-kayik-yaka-esnek-orme-bluz-twoaw25bz00225-p-986227409)
[2026-01-09T09:40:10.952Z] [INFO] [Page 1] [53/329] Fetching details for: Ekru Viskon/Yumuşak Kumaşlı Fitted Büzgü/Drape Det...
[2026-01-09T09:40:11.009Z] [INFO] Fetching details for: https://www.trendyol-milla.com/trendyolmilla/ekru-...
[2026-01-09T09:40:25.494Z] [INFO]    🎨 Found 7 color variants.
[2026-01-09T09:40:25.495Z] [INFO]       -> Adding new variant to queue: yag-yesil (https://www.trendyol-milla.com/trendyolmilla/siyah-viskon-yumusak-kumasli-fitted-buzgu-drape-detayli-kayik-yaka-esnek-orme-bluz-twoaw25bz00225-p-945191517)
[2026-01-09T09:40:25.496Z] [INFO]       -> Adding new variant to queue: kirmizi-c (https://www.trendyol-milla.com/trendyolmilla/siyah-viskon-yumusak-kumasli-fitted-buzgu-drape-detayli-kayik-yaka-esnek-orme-bluz-twoaw25bz00225-p-845181729)
[2026-01-09T09:40:25.497Z] [INFO]       -> Adding new variant to queue: lacivert-001 (https://www.trendyol-milla.com/trendyolmilla/siyah-viskon-yumusak-kumasli-fitted-buzgu-drape-detayli-kayik-yaka-esnek-orme-bluz-twoaw25bz00225-p-858115850)
[2026-01-09T09:40:25.498Z] [INFO]       -> Adding new variant to queue: kahverengi-001 (https://www.trendyol-milla.com/trendyolmilla/siyah-viskon-yumusak-kumasli-fitted-buzgu-drape-detayli-kayik-yaka-esnek-orme-bluz-twoaw25bz00225-p-986227409)
[2026-01-09T09:40:25.499Z] [INFO]       -> Adding new variant to queue: antrasit (https://www.trendyol-milla.com/trendyolmilla/siyah-viskon-yumusak-kumasli-fitted-buzgu-drape-detayli-kayik-yaka-esnek-orme-bluz-twoaw25bz00225-p-845181730)
[2026-01-09T09:40:25.500Z] [INFO]       -> Adding new variant to queue: saks (https://www.trendyol-milla.com/trendyolmilla/siyah-viskon-yumusak-kumasli-fitted-buzgu-drape-detayli-kayik-yaka-esnek-orme-bluz-twoaw25bz00225-p-869267085)
[2026-01-09T09:40:25.503Z] [INFO]       -> Adding new variant to queue: ekru (https://www.trendyol-milla.com/trendyolmilla/siyah-viskon-yumusak-kumasli-fitted-buzgu-drape-detayli-kayik-yaka-esnek-orme-bluz-twoaw25bz00225-p-858115853)
[2026-01-09T09:40:26.511Z] [INFO] [Page 1] [54/336] Fetching details for: Ekru Viskon/Yumuşak Kumaşlı Fitted Büzgü/Drape Det...
[2026-01-09T09:40:26.631Z] [INFO] Fetching details for: https://www.trendyol-milla.com/trendyolmilla/ekru-...
[2026-01-09T09:40:42.094Z] [INFO]    🎨 Found 7 color variants.
[2026-01-09T09:40:42.095Z] [INFO]       -> Adding new variant to queue: saks (https://www.trendyol-milla.com/trendyolmilla/yag-yesili-fitted-vucuda-oturan-buzgu-detayli-esnek-orme-bluz-twoaw25bz00225-p-869267085)
[2026-01-09T09:40:42.096Z] [INFO]       -> Adding new variant to queue: ekru (https://www.trendyol-milla.com/trendyolmilla/yag-yesili-fitted-vucuda-oturan-buzgu-detayli-esnek-orme-bluz-twoaw25bz00225-p-858115853)
[2026-01-09T09:40:42.097Z] [INFO]       -> Adding new variant to queue: siyah (https://www.trendyol-milla.com/trendyolmilla/yag-yesili-fitted-vucuda-oturan-buzgu-detayli-esnek-orme-bluz-twoaw25bz00225-p-858115852)
[2026-01-09T09:40:42.098Z] [INFO]       -> Adding new variant to queue: kirmizi-c (https://www.trendyol-milla.com/trendyolmilla/yag-yesili-fitted-vucuda-oturan-buzgu-detayli-esnek-orme-bluz-twoaw25bz00225-p-845181729)
[2026-01-09T09:40:42.099Z] [INFO]       -> Adding new variant to queue: kahverengi-001 (https://www.trendyol-milla.com/trendyolmilla/yag-yesili-fitted-vucuda-oturan-buzgu-detayli-esnek-orme-bluz-twoaw25bz00225-p-986227409)
[2026-01-09T09:40:42.101Z] [INFO]       -> Adding new variant to queue: lacivert-001 (https://www.trendyol-milla.com/trendyolmilla/yag-yesili-fitted-vucuda-oturan-buzgu-detayli-esnek-orme-bluz-twoaw25bz00225-p-858115850)
[2026-01-09T09:40:42.103Z] [INFO]       -> Adding new variant to queue: antrasit (https://www.trendyol-milla.com/trendyolmilla/yag-yesili-fitted-vucuda-oturan-buzgu-detayli-esnek-orme-bluz-twoaw25bz00225-p-845181730)
[2026-01-09T09:40:43.109Z] [INFO] [Page 1] [55/343] Fetching details for: Ekru Viskon/Yumuşak Kumaşlı Fitted Büzgü/Drape Det...
[2026-01-09T09:40:43.173Z] [INFO] Fetching details for: https://www.trendyol-milla.com/trendyolmilla/ekru-...
[2026-01-09T09:40:57.243Z] [INFO]    🎨 Found 7 color variants.
[2026-01-09T09:40:57.244Z] [INFO]       -> Adding new variant to queue: kahverengi-001 (https://www.trendyol-milla.com/trendyolmilla/lacivert-001-cizgili-fitted-vucuda-oturan-buzgu-drape-detayli-esnek-orme-bluz-twoaw25bz00225-p-986227409)
[2026-01-09T09:40:57.246Z] [INFO]       -> Adding new variant to queue: ekru (https://www.trendyol-milla.com/trendyolmilla/lacivert-001-cizgili-fitted-vucuda-oturan-buzgu-drape-detayli-esnek-orme-bluz-twoaw25bz00225-p-858115853)
[2026-01-09T09:40:57.249Z] [INFO]       -> Adding new variant to queue: saks (https://www.trendyol-milla.com/trendyolmilla/lacivert-001-cizgili-fitted-vucuda-oturan-buzgu-drape-detayli-esnek-orme-bluz-twoaw25bz00225-p-869267085)
[2026-01-09T09:40:57.254Z] [INFO]       -> Adding new variant to queue: antrasit (https://www.trendyol-milla.com/trendyolmilla/lacivert-001-cizgili-fitted-vucuda-oturan-buzgu-drape-detayli-esnek-orme-bluz-twoaw25bz00225-p-845181730)
[2026-01-09T09:40:57.256Z] [INFO]       -> Adding new variant to queue: yag-yesil (https://www.trendyol-milla.com/trendyolmilla/lacivert-001-cizgili-fitted-vucuda-oturan-buzgu-drape-detayli-esnek-orme-bluz-twoaw25bz00225-p-945191517)
[2026-01-09T09:40:57.258Z] [INFO]       -> Adding new variant to queue: siyah (https://www.trendyol-milla.com/trendyolmilla/lacivert-001-cizgili-fitted-vucuda-oturan-buzgu-drape-detayli-esnek-orme-bluz-twoaw25bz00225-p-858115852)
[2026-01-09T09:40:57.260Z] [INFO]       -> Adding new variant to queue: kirmizi-c (https://www.trendyol-milla.com/trendyolmilla/lacivert-001-cizgili-fitted-vucuda-oturan-buzgu-drape-detayli-esnek-orme-bluz-twoaw25bz00225-p-845181729)
[2026-01-09T09:40:58.277Z] [INFO] [Page 1] [56/350] Fetching details for: Ekru Viskon/Yumuşak Kumaşlı Fitted Büzgü/Drape Det...
[2026-01-09T09:40:58.343Z] [INFO] Fetching details for: https://www.trendyol-milla.com/trendyolmilla/ekru-...
[2026-01-09T09:41:12.632Z] [INFO]    🎨 Found 7 color variants.
[2026-01-09T09:41:12.633Z] [INFO]       -> Adding new variant to queue: kirmizi-c (https://www.trendyol-milla.com/trendyolmilla/kahverengi-001-duz-fitted-vucuda-oturan-buzgu-detayli-esnek-orme-bluz-twoaw25bz00225-p-845181729)
[2026-01-09T09:41:12.633Z] [INFO]       -> Adding new variant to queue: yag-yesil (https://www.trendyol-milla.com/trendyolmilla/kahverengi-001-duz-fitted-vucuda-oturan-buzgu-detayli-esnek-orme-bluz-twoaw25bz00225-p-945191517)
[2026-01-09T09:41:12.634Z] [INFO]       -> Adding new variant to queue: lacivert-001 (https://www.trendyol-milla.com/trendyolmilla/kahverengi-001-duz-fitted-vucuda-oturan-buzgu-detayli-esnek-orme-bluz-twoaw25bz00225-p-858115850)
[2026-01-09T09:41:12.634Z] [INFO]       -> Adding new variant to queue: antrasit (https://www.trendyol-milla.com/trendyolmilla/kahverengi-001-duz-fitted-vucuda-oturan-buzgu-detayli-esnek-orme-bluz-twoaw25bz00225-p-845181730)
[2026-01-09T09:41:12.635Z] [INFO]       -> Adding new variant to queue: saks (https://www.trendyol-milla.com/trendyolmilla/kahverengi-001-duz-fitted-vucuda-oturan-buzgu-detayli-esnek-orme-bluz-twoaw25bz00225-p-869267085)
[2026-01-09T09:41:12.635Z] [INFO]       -> Adding new variant to queue: ekru (https://www.trendyol-milla.com/trendyolmilla/kahverengi-001-duz-fitted-vucuda-oturan-buzgu-detayli-esnek-orme-bluz-twoaw25bz00225-p-858115853)
[2026-01-09T09:41:12.636Z] [INFO]       -> Adding new variant to queue: siyah (https://www.trendyol-milla.com/trendyolmilla/kahverengi-001-duz-fitted-vucuda-oturan-buzgu-detayli-esnek-orme-bluz-twoaw25bz00225-p-858115852)
[2026-01-09T09:41:13.646Z] [INFO] [Page 1] [57/357] Fetching details for: Ekru Dantelli Bağlamalı V Yaka Dokuma Bluz TWOAW26...
[2026-01-09T09:41:13.698Z] [INFO] Fetching details for: https://www.trendyol-milla.com/trendyolmilla/ekru-...
[2026-01-09T09:41:27.856Z] [INFO]    🎨 Found 1 color variants.
[2026-01-09T09:41:27.857Z] [INFO]       -> Adding new variant to queue: ekru (https://www.trendyol-milla.com/trendyolmilla/siyah-dantelli-baglamali-v-yaka-dokuma-bluz-twoaw26bz00053-p-938447256)
[2026-01-09T09:41:28.858Z] [INFO] [Page 1] [58/358] Fetching details for: Haki Soyut Çiçekli Anvelop Fitted/Vücuda Oturan Tü...
[2026-01-09T09:41:28.922Z] [INFO] Fetching details for: https://www.trendyol-milla.com/trendyolmilla/haki-...
[2026-01-09T09:41:44.251Z] [INFO]    🎨 Found 2 color variants.
[2026-01-09T09:41:44.252Z] [INFO]       -> Adding new variant to queue: haki (https://www.trendyol-milla.com/trendyolmilla/bordo-soyut-anvelop-fitted-vucuda-oturan-tul-orme-bluz-twoaw26bz00226-p-993997993)
[2026-01-09T09:41:44.254Z] [INFO]       -> Adding new variant to queue: kahverengi (https://www.trendyol-milla.com/trendyolmilla/bordo-soyut-anvelop-fitted-vucuda-oturan-tul-orme-bluz-twoaw26bz00226-p-969459076)
[2026-01-09T09:41:45.269Z] [INFO] [Page 1] [59/360] Fetching details for: Haki Soyut Çiçekli Anvelop Fitted/Vücuda Oturan Tü...
[2026-01-09T09:41:45.333Z] [INFO] Fetching details for: https://www.trendyol-milla.com/trendyolmilla/haki-...
[2026-01-09T09:41:59.496Z] [INFO]    🎨 Found 2 color variants.
[2026-01-09T09:41:59.497Z] [INFO]       -> Adding new variant to queue: haki (https://www.trendyol-milla.com/trendyolmilla/teen-kahverengi-animal-anvelop-fitted-vucuda-oturan-orme-bluz-twoaw26bz00226-p-993997993)
[2026-01-09T09:41:59.498Z] [INFO]       -> Adding new variant to queue: bordo (https://www.trendyol-milla.com/trendyolmilla/teen-kahverengi-animal-anvelop-fitted-vucuda-oturan-orme-bluz-twoaw26bz00226-p-1056271083)
[2026-01-09T09:42:00.514Z] [INFO] [Page 1] [60/362] Fetching details for: Siyah  Transparan Dik Yaka Esnek Normal Boy Örme B...
[2026-01-09T09:42:00.574Z] [INFO] Fetching details for: https://www.trendyol-milla.com/trendyolmilla/siyah...
[2026-01-09T09:42:14.552Z] [INFO]    🎨 Found 7 color variants.
[2026-01-09T09:42:14.554Z] [INFO]       -> Adding new variant to queue: mor (https://www.trendyol-milla.com/trendyolmilla/ekru-transparan-dik-yaka-esnek-normal-boy-orme-bluz-twoaw26bz00266-p-1060328325)
[2026-01-09T09:42:14.555Z] [INFO]       -> Adding new variant to queue: zumrut-yesili (https://www.trendyol-milla.com/trendyolmilla/ekru-transparan-dik-yaka-esnek-normal-boy-orme-bluz-twoaw26bz00266-p-1060161182)
[2026-01-09T09:42:14.556Z] [INFO]       -> Adding new variant to queue: gri-melanj (https://www.trendyol-milla.com/trendyolmilla/ekru-transparan-dik-yaka-esnek-normal-boy-orme-bluz-twoaw26bz00266-p-1044004471)
[2026-01-09T09:42:14.557Z] [INFO]       -> Adding new variant to queue: siyah (https://www.trendyol-milla.com/trendyolmilla/ekru-transparan-dik-yaka-esnek-normal-boy-orme-bluz-twoaw26bz00266-p-976797048)
[2026-01-09T09:42:14.560Z] [INFO]       -> Adding new variant to queue: kahverengi (https://www.trendyol-milla.com/trendyolmilla/ekru-transparan-dik-yaka-esnek-normal-boy-orme-bluz-twoaw26bz00266-p-989505324)
[2026-01-09T09:42:14.565Z] [INFO]       -> Adding new variant to queue: antrasit (https://www.trendyol-milla.com/trendyolmilla/ekru-transparan-dik-yaka-esnek-normal-boy-orme-bluz-twoaw26bz00266-p-1055286491)
[2026-01-09T09:42:14.568Z] [INFO]       -> Adding new variant to queue: murdum (https://www.trendyol-milla.com/trendyolmilla/ekru-transparan-dik-yaka-esnek-normal-boy-orme-bluz-twoaw26bz00266-p-1025944415)
[2026-01-09T09:42:15.572Z] [INFO] [Page 1] [61/369] Fetching details for: Siyah  Transparan Dik Yaka Esnek Normal Boy Örme B...
[2026-01-09T09:42:15.626Z] [INFO] Fetching details for: https://www.trendyol-milla.com/trendyolmilla/siyah...
[2026-01-09T09:42:29.924Z] [INFO]    🎨 Found 7 color variants.
[2026-01-09T09:42:29.926Z] [INFO]       -> Adding new variant to queue: kahverengi (https://www.trendyol-milla.com/trendyolmilla/mor-transparan-dik-yaka-esnek-normal-boy-orme-bluz-twoaw26bz00266-p-989505324)
[2026-01-09T09:42:29.927Z] [INFO]       -> Adding new variant to queue: zumrut-yesili (https://www.trendyol-milla.com/trendyolmilla/mor-transparan-dik-yaka-esnek-normal-boy-orme-bluz-twoaw26bz00266-p-1060161182)
[2026-01-09T09:42:29.930Z] [INFO]       -> Adding new variant to queue: gri-melanj (https://www.trendyol-milla.com/trendyolmilla/mor-transparan-dik-yaka-esnek-normal-boy-orme-bluz-twoaw26bz00266-p-1044004471)
[2026-01-09T09:42:29.933Z] [INFO]       -> Adding new variant to queue: antrasit (https://www.trendyol-milla.com/trendyolmilla/mor-transparan-dik-yaka-esnek-normal-boy-orme-bluz-twoaw26bz00266-p-1055286491)
[2026-01-09T09:42:29.935Z] [INFO]       -> Adding new variant to queue: siyah (https://www.trendyol-milla.com/trendyolmilla/mor-transparan-dik-yaka-esnek-normal-boy-orme-bluz-twoaw26bz00266-p-976797048)
[2026-01-09T09:42:29.936Z] [INFO]       -> Adding new variant to queue: ekru (https://www.trendyol-milla.com/trendyolmilla/mor-transparan-dik-yaka-esnek-normal-boy-orme-bluz-twoaw26bz00266-p-976797047)
[2026-01-09T09:42:29.937Z] [INFO]       -> Adding new variant to queue: murdum (https://www.trendyol-milla.com/trendyolmilla/mor-transparan-dik-yaka-esnek-normal-boy-orme-bluz-twoaw26bz00266-p-1025944415)
[2026-01-09T09:42:30.951Z] [INFO] [Page 1] [62/376] Fetching details for: Siyah  Transparan Dik Yaka Esnek Normal Boy Örme B...
[2026-01-09T09:42:31.060Z] [INFO] Fetching details for: https://www.trendyol-milla.com/trendyolmilla/siyah...
[2026-01-09T09:42:45.146Z] [INFO]    🎨 Found 7 color variants.
[2026-01-09T09:42:45.147Z] [INFO]       -> Adding new variant to queue: ekru (https://www.trendyol-milla.com/trendyolmilla/gri-melanj-transparan-dik-yaka-esnek-normal-boy-orme-bluz-twoaw26bz00266-p-976797047)
[2026-01-09T09:42:45.147Z] [INFO]       -> Adding new variant to queue: zumrut-yesili (https://www.trendyol-milla.com/trendyolmilla/gri-melanj-transparan-dik-yaka-esnek-normal-boy-orme-bluz-twoaw26bz00266-p-1060161182)
[2026-01-09T09:42:45.148Z] [INFO]       -> Adding new variant to queue: siyah (https://www.trendyol-milla.com/trendyolmilla/gri-melanj-transparan-dik-yaka-esnek-normal-boy-orme-bluz-twoaw26bz00266-p-976797048)
[2026-01-09T09:42:45.148Z] [INFO]       -> Adding new variant to queue: antrasit (https://www.trendyol-milla.com/trendyolmilla/gri-melanj-transparan-dik-yaka-esnek-normal-boy-orme-bluz-twoaw26bz00266-p-1055286491)
[2026-01-09T09:42:45.149Z] [INFO]       -> Adding new variant to queue: kahverengi (https://www.trendyol-milla.com/trendyolmilla/gri-melanj-transparan-dik-yaka-esnek-normal-boy-orme-bluz-twoaw26bz00266-p-989505324)
[2026-01-09T09:42:45.149Z] [INFO]       -> Adding new variant to queue: murdum (https://www.trendyol-milla.com/trendyolmilla/gri-melanj-transparan-dik-yaka-esnek-normal-boy-orme-bluz-twoaw26bz00266-p-1025944415)
[2026-01-09T09:42:45.149Z] [INFO]       -> Adding new variant to queue: mor (https://www.trendyol-milla.com/trendyolmilla/gri-melanj-transparan-dik-yaka-esnek-normal-boy-orme-bluz-twoaw26bz00266-p-1060328325)
[2026-01-09T09:42:46.155Z] [INFO] [Page 1] [63/383] Fetching details for: Siyah  Transparan Dik Yaka Esnek Normal Boy Örme B...
[2026-01-09T09:42:46.225Z] [INFO] Fetching details for: https://www.trendyol-milla.com/trendyolmilla/siyah...
[2026-01-09T09:43:00.335Z] [INFO]    🎨 Found 7 color variants.
[2026-01-09T09:43:01.347Z] [INFO] [Page 1] [64/383] Fetching details for: Siyah  Transparan Dik Yaka Esnek Normal Boy Örme B...
[2026-01-09T09:43:01.414Z] [INFO] Fetching details for: https://www.trendyol-milla.com/trendyolmilla/siyah...
[2026-01-09T09:43:15.351Z] [INFO]    🎨 Found 7 color variants.
[2026-01-09T09:43:15.353Z] [INFO]       -> Adding new variant to queue: antrasit (https://www.trendyol-milla.com/trendyolmilla/zumrut-yesili-transparan-dik-yaka-esnek-normal-boy-orme-bluz-twoaw26bz00266-p-1055286491)
[2026-01-09T09:43:15.353Z] [INFO]       -> Adding new variant to queue: siyah (https://www.trendyol-milla.com/trendyolmilla/zumrut-yesili-transparan-dik-yaka-esnek-normal-boy-orme-bluz-twoaw26bz00266-p-976797048)
[2026-01-09T09:43:15.355Z] [INFO]       -> Adding new variant to queue: murdum (https://www.trendyol-milla.com/trendyolmilla/zumrut-yesili-transparan-dik-yaka-esnek-normal-boy-orme-bluz-twoaw26bz00266-p-1025944415)
[2026-01-09T09:43:15.356Z] [INFO]       -> Adding new variant to queue: mor (https://www.trendyol-milla.com/trendyolmilla/zumrut-yesili-transparan-dik-yaka-esnek-normal-boy-orme-bluz-twoaw26bz00266-p-1060328325)
[2026-01-09T09:43:15.357Z] [INFO]       -> Adding new variant to queue: ekru (https://www.trendyol-milla.com/trendyolmilla/zumrut-yesili-transparan-dik-yaka-esnek-normal-boy-orme-bluz-twoaw26bz00266-p-976797047)
[2026-01-09T09:43:15.359Z] [INFO]       -> Adding new variant to queue: gri-melanj (https://www.trendyol-milla.com/trendyolmilla/zumrut-yesili-transparan-dik-yaka-esnek-normal-boy-orme-bluz-twoaw26bz00266-p-1044004471)
[2026-01-09T09:43:15.360Z] [INFO]       -> Adding new variant to queue: kahverengi (https://www.trendyol-milla.com/trendyolmilla/zumrut-yesili-transparan-dik-yaka-esnek-normal-boy-orme-bluz-twoaw26bz00266-p-989505324)
[2026-01-09T09:43:16.376Z] [INFO] [Page 1] [65/390] Fetching details for: Siyah  Transparan Dik Yaka Esnek Normal Boy Örme B...
[2026-01-09T09:43:16.430Z] [INFO] Fetching details for: https://www.trendyol-milla.com/trendyolmilla/siyah...
[2026-01-09T09:43:30.370Z] [INFO]    🎨 Found 7 color variants.
[2026-01-09T09:43:30.371Z] [INFO]       -> Adding new variant to queue: siyah (https://www.trendyol-milla.com/trendyolmilla/antrasit-transparan-dik-yaka-esnek-normal-boy-orme-bluz-twoaw26bz00266-p-976797048)
[2026-01-09T09:43:30.372Z] [INFO]       -> Adding new variant to queue: murdum (https://www.trendyol-milla.com/trendyolmilla/antrasit-transparan-dik-yaka-esnek-normal-boy-orme-bluz-twoaw26bz00266-p-1025944415)
[2026-01-09T09:43:30.374Z] [INFO]       -> Adding new variant to queue: mor (https://www.trendyol-milla.com/trendyolmilla/antrasit-transparan-dik-yaka-esnek-normal-boy-orme-bluz-twoaw26bz00266-p-1060328325)
[2026-01-09T09:43:30.375Z] [INFO]       -> Adding new variant to queue: ekru (https://www.trendyol-milla.com/trendyolmilla/antrasit-transparan-dik-yaka-esnek-normal-boy-orme-bluz-twoaw26bz00266-p-976797047)
[2026-01-09T09:43:30.377Z] [INFO]       -> Adding new variant to queue: zumrut-yesili (https://www.trendyol-milla.com/trendyolmilla/antrasit-transparan-dik-yaka-esnek-normal-boy-orme-bluz-twoaw26bz00266-p-1060161182)
[2026-01-09T09:43:30.378Z] [INFO]       -> Adding new variant to queue: kahverengi (https://www.trendyol-milla.com/trendyolmilla/antrasit-transparan-dik-yaka-esnek-normal-boy-orme-bluz-twoaw26bz00266-p-989505324)
[2026-01-09T09:43:30.380Z] [INFO]       -> Adding new variant to queue: gri-melanj (https://www.trendyol-milla.com/trendyolmilla/antrasit-transparan-dik-yaka-esnek-normal-boy-orme-bluz-twoaw26bz00266-p-1044004471)
[2026-01-09T09:43:31.385Z] [INFO] [Page 1] [66/397] Fetching details for: Siyah  Transparan Dik Yaka Esnek Normal Boy Örme B...
[2026-01-09T09:43:31.437Z] [INFO] Fetching details for: https://www.trendyol-milla.com/trendyolmilla/siyah...
[2026-01-09T09:43:45.304Z] [INFO]    🎨 Found 7 color variants.
[2026-01-09T09:43:45.306Z] [INFO]       -> Adding new variant to queue: mor (https://www.trendyol-milla.com/trendyolmilla/kahverengi-transparan-dik-yaka-esnek-normal-boy-orme-bluz-twoaw26bz00266-p-1060328325)
[2026-01-09T09:43:45.307Z] [INFO]       -> Adding new variant to queue: gri-melanj (https://www.trendyol-milla.com/trendyolmilla/kahverengi-transparan-dik-yaka-esnek-normal-boy-orme-bluz-twoaw26bz00266-p-1044004471)
[2026-01-09T09:43:45.308Z] [INFO]       -> Adding new variant to queue: antrasit (https://www.trendyol-milla.com/trendyolmilla/kahverengi-transparan-dik-yaka-esnek-normal-boy-orme-bluz-twoaw26bz00266-p-1055286491)
[2026-01-09T09:43:45.309Z] [INFO]       -> Adding new variant to queue: zumrut-yesili (https://www.trendyol-milla.com/trendyolmilla/kahverengi-transparan-dik-yaka-esnek-normal-boy-orme-bluz-twoaw26bz00266-p-1060161182)
[2026-01-09T09:43:45.310Z] [INFO]       -> Adding new variant to queue: siyah (https://www.trendyol-milla.com/trendyolmilla/kahverengi-transparan-dik-yaka-esnek-normal-boy-orme-bluz-twoaw26bz00266-p-976797048)
[2026-01-09T09:43:45.316Z] [INFO]       -> Adding new variant to queue: murdum (https://www.trendyol-milla.com/trendyolmilla/kahverengi-transparan-dik-yaka-esnek-normal-boy-orme-bluz-twoaw26bz00266-p-1025944415)
[2026-01-09T09:43:45.325Z] [INFO]       -> Adding new variant to queue: ekru (https://www.trendyol-milla.com/trendyolmilla/kahverengi-transparan-dik-yaka-esnek-normal-boy-orme-bluz-twoaw26bz00266-p-976797047)
[2026-01-09T09:43:46.342Z] [INFO] [Page 1] [67/404] Fetching details for: Antrasit Regular/Normal Kalıp Yarım Patlı Selanik ...
[2026-01-09T09:43:46.395Z] [INFO] Fetching details for: https://www.trendyol-milla.com/trendyolmilla/antra...
[2026-01-09T09:44:00.382Z] [INFO]    🎨 Found 1 color variants.
[2026-01-09T09:44:00.383Z] [INFO]       -> Adding new variant to queue: antrasit (https://www.trendyol-milla.com/trendyolmilla/bordo-regular-normal-kalip-yarim-patli-selanik-kalin-orme-bluz-twoaw26bz00252-p-974412503)
[2026-01-09T09:44:01.390Z] [INFO] [Page 1] [68/405] Fetching details for: Kahverengi Büzgülü Kare Yaka Vücuda Oturan Esnek Ö...
[2026-01-09T09:44:01.505Z] [INFO] Fetching details for: https://www.trendyol-milla.com/trendyolmilla/kahve...
[2026-01-09T09:44:15.432Z] [INFO]    🎨 Found 4 color variants.
[2026-01-09T09:44:15.433Z] [INFO]       -> Adding new variant to queue: siyah (https://www.trendyol-milla.com/trendyolmilla/zumrut-yesili-buzgulu-kare-yaka-vucuda-oturan-esnek-orme-bluz-twoss24bz00487-p-807164929)
[2026-01-09T09:44:15.435Z] [INFO]       -> Adding new variant to queue: yag-yesil (https://www.trendyol-milla.com/trendyolmilla/zumrut-yesili-buzgulu-kare-yaka-vucuda-oturan-esnek-orme-bluz-twoss24bz00487-p-888034034)
[2026-01-09T09:44:15.436Z] [INFO]       -> Adding new variant to queue: kahverengi (https://www.trendyol-milla.com/trendyolmilla/zumrut-yesili-buzgulu-kare-yaka-vucuda-oturan-esnek-orme-bluz-twoss24bz00487-p-864963086)
[2026-01-09T09:44:15.438Z] [INFO]       -> Adding new variant to queue: murdum (https://www.trendyol-milla.com/trendyolmilla/zumrut-yesili-buzgulu-kare-yaka-vucuda-oturan-esnek-orme-bluz-twoss24bz00487-p-822686021)
[2026-01-09T09:44:16.444Z] [INFO] [Page 1] [69/409] Fetching details for: Kahverengi Büzgülü Kare Yaka Vücuda Oturan Esnek Ö...
[2026-01-09T09:44:16.498Z] [INFO] Fetching details for: https://www.trendyol-milla.com/trendyolmilla/kahve...
[2026-01-09T09:44:30.515Z] [INFO]    🎨 Found 3 color variants.
[2026-01-09T09:44:30.515Z] [INFO]       -> Adding new variant to queue: zumrut-yesili (https://www.trendyol-milla.com/trendyolmilla/murdum-buzgulu-kare-yaka-vucuda-oturan-esnek-orme-bluz-twoss24bz00487-p-879009622)
[2026-01-09T09:44:30.516Z] [INFO]       -> Adding new variant to queue: siyah (https://www.trendyol-milla.com/trendyolmilla/murdum-buzgulu-kare-yaka-vucuda-oturan-esnek-orme-bluz-twoss24bz00487-p-807164929)
[2026-01-09T09:44:30.517Z] [INFO]       -> Adding new variant to queue: kahverengi (https://www.trendyol-milla.com/trendyolmilla/murdum-buzgulu-kare-yaka-vucuda-oturan-esnek-orme-bluz-twoss24bz00487-p-864963086)
[2026-01-09T09:44:31.531Z] [INFO] [Page 1] [70/412] Fetching details for: Kahverengi Büzgülü Kare Yaka Vücuda Oturan Esnek Ö...
[2026-01-09T09:44:31.590Z] [INFO] Fetching details for: https://www.trendyol-milla.com/trendyolmilla/kahve...
[2026-01-09T09:44:45.479Z] [INFO]    🎨 Found 3 color variants.
[2026-01-09T09:44:45.480Z] [INFO]       -> Adding new variant to queue: murdum (https://www.trendyol-milla.com/trendyolmilla/siyah-buzgulu-kare-yaka-vucuda-oturan-esnek-orme-bluz-twoss24bz00487-p-822686021)
[2026-01-09T09:44:45.480Z] [INFO]       -> Adding new variant to queue: kahverengi (https://www.trendyol-milla.com/trendyolmilla/siyah-buzgulu-kare-yaka-vucuda-oturan-esnek-orme-bluz-twoss24bz00487-p-864963086)
[2026-01-09T09:44:45.481Z] [INFO]       -> Adding new variant to queue: zumrut-yesili (https://www.trendyol-milla.com/trendyolmilla/siyah-buzgulu-kare-yaka-vucuda-oturan-esnek-orme-bluz-twoss24bz00487-p-879009622)
[2026-01-09T09:44:46.490Z] [INFO] [Page 1] [71/415] Fetching details for: Siyah Fitted/Vücuda Oturan Reglan Kol Dantel Uzun ...
[2026-01-09T09:44:46.543Z] [INFO] Fetching details for: https://www.trendyol-milla.com/trendyolmilla/siyah...
[2026-01-09T09:45:00.487Z] [INFO]    🎨 Found 2 color variants.
[2026-01-09T09:45:00.488Z] [INFO]       -> Adding new variant to queue: siyah (https://www.trendyol-milla.com/trendyolmilla/ekru-fitted-vucuda-oturan-reglan-kol-dantel-uzun-kollu-esnek-orme-bluz-twoaw26bz00048-p-938109274)
[2026-01-09T09:45:00.489Z] [INFO]       -> Adding new variant to queue: kahverengi (https://www.trendyol-milla.com/trendyolmilla/ekru-fitted-vucuda-oturan-reglan-kol-dantel-uzun-kollu-esnek-orme-bluz-twoaw26bz00048-p-984098913)
[2026-01-09T09:45:01.491Z] [INFO] [Page 1] [72/417] Fetching details for: Siyah Fitted/Vücuda Oturan Reglan Kol Dantel Uzun ...
[2026-01-09T09:45:01.559Z] [INFO] Fetching details for: https://www.trendyol-milla.com/trendyolmilla/siyah...
[2026-01-09T09:45:16.625Z] [INFO]    🎨 Found 2 color variants.
[2026-01-09T09:45:16.625Z] [INFO]       -> Adding new variant to queue: siyah (https://www.trendyol-milla.com/trendyolmilla/kahverengi-fitted-vucuda-oturan-reglan-kol-dantel-uzun-kollu-esnek-orme-bluz-twoaw26bz00048-p-938109274)
[2026-01-09T09:45:16.626Z] [INFO]       -> Adding new variant to queue: ekru (https://www.trendyol-milla.com/trendyolmilla/kahverengi-fitted-vucuda-oturan-reglan-kol-dantel-uzun-kollu-esnek-orme-bluz-twoaw26bz00048-p-938108963)
[2026-01-09T09:45:17.634Z] [INFO] [Page 1] [73/419] Fetching details for: Siyah Çıtçıtlı Fitted/Vücuda Oturan Fitilli Esnek ...
[2026-01-09T09:45:17.702Z] [INFO] Fetching details for: https://www.trendyol-milla.com/trendyolmilla/siyah...
[2026-01-09T09:45:33.280Z] [INFO]    🎨 Found 6 color variants.
[2026-01-09T09:45:33.281Z] [INFO]       -> Adding new variant to queue: acik-kahverengi (https://www.trendyol-milla.com/trendyolmilla/vizon-citcitli-fitted-vucuda-oturan-fitilli-esnek-orme-bluz-twoaw25bz00080-p-945837923)
[2026-01-09T09:45:33.282Z] [INFO]       -> Adding new variant to queue: antrasit (https://www.trendyol-milla.com/trendyolmilla/vizon-citcitli-fitted-vucuda-oturan-fitilli-esnek-orme-bluz-twoaw25bz00080-p-1041146144)
[2026-01-09T09:45:33.283Z] [INFO]       -> Adding new variant to queue: lacivert-001 (https://www.trendyol-milla.com/trendyolmilla/vizon-citcitli-fitted-vucuda-oturan-fitilli-esnek-orme-bluz-twoaw25bz00080-p-1041145775)
[2026-01-09T09:45:33.284Z] [INFO]       -> Adding new variant to queue: bordo-001 (https://www.trendyol-milla.com/trendyolmilla/vizon-citcitli-fitted-vucuda-oturan-fitilli-esnek-orme-bluz-twoaw25bz00080-p-986989038)
[2026-01-09T09:45:33.285Z] [INFO]       -> Adding new variant to queue: gri-melanj (https://www.trendyol-milla.com/trendyolmilla/vizon-citcitli-fitted-vucuda-oturan-fitilli-esnek-orme-bluz-twoaw25bz00080-p-835571619)
[2026-01-09T09:45:33.286Z] [INFO]       -> Adding new variant to queue: siyah (https://www.trendyol-milla.com/trendyolmilla/vizon-citcitli-fitted-vucuda-oturan-fitilli-esnek-orme-bluz-twoaw25bz00080-p-835571624)
[2026-01-09T09:45:34.301Z] [INFO] [Page 1] [74/425] Fetching details for: Siyah Çıtçıtlı Fitted/Vücuda Oturan Fitilli Esnek ...
[2026-01-09T09:45:34.376Z] [INFO] Fetching details for: https://www.trendyol-milla.com/trendyolmilla/siyah...
[2026-01-09T09:45:50.908Z] [INFO]    🎨 Found 6 color variants.
[2026-01-09T09:45:50.909Z] [INFO]       -> Adding new variant to queue: siyah (https://www.trendyol-milla.com/trendyolmilla/acik-kahverengi-citcitli-fitted-vucuda-oturan-fitilli-esnek-orme-bluz-twoaw25bz00080-p-835571624)
[2026-01-09T09:45:50.910Z] [INFO]       -> Adding new variant to queue: antrasit (https://www.trendyol-milla.com/trendyolmilla/acik-kahverengi-citcitli-fitted-vucuda-oturan-fitilli-esnek-orme-bluz-twoaw25bz00080-p-1041146144)
[2026-01-09T09:45:50.910Z] [INFO]       -> Adding new variant to queue: lacivert-001 (https://www.trendyol-milla.com/trendyolmilla/acik-kahverengi-citcitli-fitted-vucuda-oturan-fitilli-esnek-orme-bluz-twoaw25bz00080-p-1041145775)
[2026-01-09T09:45:50.911Z] [INFO]       -> Adding new variant to queue: tas (https://www.trendyol-milla.com/trendyolmilla/acik-kahverengi-citcitli-fitted-vucuda-oturan-fitilli-esnek-orme-bluz-twoaw25bz00080-p-858117990)
[2026-01-09T09:45:50.911Z] [INFO]       -> Adding new variant to queue: bordo-001 (https://www.trendyol-milla.com/trendyolmilla/acik-kahverengi-citcitli-fitted-vucuda-oturan-fitilli-esnek-orme-bluz-twoaw25bz00080-p-986989038)
[2026-01-09T09:45:50.911Z] [INFO]       -> Adding new variant to queue: gri-melanj (https://www.trendyol-milla.com/trendyolmilla/acik-kahverengi-citcitli-fitted-vucuda-oturan-fitilli-esnek-orme-bluz-twoaw25bz00080-p-835571619)
[2026-01-09T09:45:51.923Z] [INFO] [Page 1] [75/431] Fetching details for: Siyah Çıtçıtlı Fitted/Vücuda Oturan Fitilli Esnek ...
[2026-01-09T09:45:51.987Z] [INFO] Fetching details for: https://www.trendyol-milla.com/trendyolmilla/siyah...
[2026-01-09T09:46:05.971Z] [INFO]    🎨 Found 6 color variants.
[2026-01-09T09:46:05.972Z] [INFO]       -> Adding new variant to queue: tas (https://www.trendyol-milla.com/trendyolmilla/bordo-citcitli-fitted-vucuda-oturan-fitilli-esnek-orme-bluz-twoaw25bz00080-p-858117990)
[2026-01-09T09:46:05.972Z] [INFO]       -> Adding new variant to queue: gri-melanj (https://www.trendyol-milla.com/trendyolmilla/bordo-citcitli-fitted-vucuda-oturan-fitilli-esnek-orme-bluz-twoaw25bz00080-p-835571619)
[2026-01-09T09:46:05.973Z] [INFO]       -> Adding new variant to queue: acik-kahverengi (https://www.trendyol-milla.com/trendyolmilla/bordo-citcitli-fitted-vucuda-oturan-fitilli-esnek-orme-bluz-twoaw25bz00080-p-945837923)
[2026-01-09T09:46:05.973Z] [INFO]       -> Adding new variant to queue: antrasit (https://www.trendyol-milla.com/trendyolmilla/bordo-citcitli-fitted-vucuda-oturan-fitilli-esnek-orme-bluz-twoaw25bz00080-p-1041146144)
[2026-01-09T09:46:05.973Z] [INFO]       -> Adding new variant to queue: lacivert-001 (https://www.trendyol-milla.com/trendyolmilla/bordo-citcitli-fitted-vucuda-oturan-fitilli-esnek-orme-bluz-twoaw25bz00080-p-1041145775)
[2026-01-09T09:46:05.974Z] [INFO]       -> Adding new variant to queue: siyah (https://www.trendyol-milla.com/trendyolmilla/bordo-citcitli-fitted-vucuda-oturan-fitilli-esnek-orme-bluz-twoaw25bz00080-p-835571624)
[2026-01-09T09:46:06.982Z] [INFO] [Page 1] [76/437] Fetching details for: Siyah Çıtçıtlı Fitted/Vücuda Oturan Fitilli Esnek ...
[2026-01-09T09:46:07.035Z] [INFO] Fetching details for: https://www.trendyol-milla.com/trendyolmilla/siyah...
[2026-01-09T09:46:21.090Z] [INFO]    🎨 Found 6 color variants.
[2026-01-09T09:46:21.090Z] [INFO]       -> Adding new variant to queue: acik-kahverengi (https://www.trendyol-milla.com/trendyolmilla/gri-melanj-citcitli-fitted-vucuda-oturan-fitilli-esnek-orme-bluz-twoaw25bz00080-p-945837923)
[2026-01-09T09:46:21.091Z] [INFO]       -> Adding new variant to queue: siyah (https://www.trendyol-milla.com/trendyolmilla/gri-melanj-citcitli-fitted-vucuda-oturan-fitilli-esnek-orme-bluz-twoaw25bz00080-p-835571624)
[2026-01-09T09:46:21.091Z] [INFO]       -> Adding new variant to queue: bordo-001 (https://www.trendyol-milla.com/trendyolmilla/gri-melanj-citcitli-fitted-vucuda-oturan-fitilli-esnek-orme-bluz-twoaw25bz00080-p-986989038)
[2026-01-09T09:46:21.092Z] [INFO]       -> Adding new variant to queue: antrasit (https://www.trendyol-milla.com/trendyolmilla/gri-melanj-citcitli-fitted-vucuda-oturan-fitilli-esnek-orme-bluz-twoaw25bz00080-p-1041146144)
[2026-01-09T09:46:21.092Z] [INFO]       -> Adding new variant to queue: tas (https://www.trendyol-milla.com/trendyolmilla/gri-melanj-citcitli-fitted-vucuda-oturan-fitilli-esnek-orme-bluz-twoaw25bz00080-p-858117990)
[2026-01-09T09:46:21.093Z] [INFO]       -> Adding new variant to queue: lacivert-001 (https://www.trendyol-milla.com/trendyolmilla/gri-melanj-citcitli-fitted-vucuda-oturan-fitilli-esnek-orme-bluz-twoaw25bz00080-p-1041145775)
[2026-01-09T09:46:22.102Z] [INFO] [Page 1] [77/443] Fetching details for: Siyah Çıtçıtlı Fitted/Vücuda Oturan Fitilli Esnek ...
[2026-01-09T09:46:22.162Z] [INFO] Fetching details for: https://www.trendyol-milla.com/trendyolmilla/siyah...
[2026-01-09T09:46:36.165Z] [INFO]    🎨 Found 6 color variants.
[2026-01-09T09:46:36.167Z] [INFO]       -> Adding new variant to queue: gri-melanj (https://www.trendyol-milla.com/trendyolmilla/antrasit-citcitli-fitted-vucuda-oturan-fitilli-esnek-orme-bluz-twoaw25bz00080-p-835571619)
[2026-01-09T09:46:36.168Z] [INFO]       -> Adding new variant to queue: lacivert-001 (https://www.trendyol-milla.com/trendyolmilla/antrasit-citcitli-fitted-vucuda-oturan-fitilli-esnek-orme-bluz-twoaw25bz00080-p-1041145775)
[2026-01-09T09:46:36.168Z] [INFO]       -> Adding new variant to queue: acik-kahverengi (https://www.trendyol-milla.com/trendyolmilla/antrasit-citcitli-fitted-vucuda-oturan-fitilli-esnek-orme-bluz-twoaw25bz00080-p-945837923)
[2026-01-09T09:46:36.169Z] [INFO]       -> Adding new variant to queue: tas (https://www.trendyol-milla.com/trendyolmilla/antrasit-citcitli-fitted-vucuda-oturan-fitilli-esnek-orme-bluz-twoaw25bz00080-p-858117990)
[2026-01-09T09:46:36.170Z] [INFO]       -> Adding new variant to queue: siyah (https://www.trendyol-milla.com/trendyolmilla/antrasit-citcitli-fitted-vucuda-oturan-fitilli-esnek-orme-bluz-twoaw25bz00080-p-835571624)
[2026-01-09T09:46:36.171Z] [INFO]       -> Adding new variant to queue: bordo-001 (https://www.trendyol-milla.com/trendyolmilla/antrasit-citcitli-fitted-vucuda-oturan-fitilli-esnek-orme-bluz-twoaw25bz00080-p-986989038)
[2026-01-09T09:46:37.182Z] [INFO] [Page 1] [78/449] Fetching details for: Siyah Çıtçıtlı Fitted/Vücuda Oturan Fitilli Esnek ...
[2026-01-09T09:46:37.248Z] [INFO] Fetching details for: https://www.trendyol-milla.com/trendyolmilla/siyah...
[2026-01-09T09:46:51.115Z] [INFO]    🎨 Found 6 color variants.
[2026-01-09T09:46:51.116Z] [INFO]       -> Adding new variant to queue: tas (https://www.trendyol-milla.com/trendyolmilla/lacivert-citcitli-fitted-vucuda-oturan-fitilli-esnek-orme-bluz-twoaw25bz00080-p-858117990)
[2026-01-09T09:46:51.117Z] [INFO]       -> Adding new variant to queue: bordo-001 (https://www.trendyol-milla.com/trendyolmilla/lacivert-citcitli-fitted-vucuda-oturan-fitilli-esnek-orme-bluz-twoaw25bz00080-p-986989038)
[2026-01-09T09:46:51.117Z] [INFO]       -> Adding new variant to queue: gri-melanj (https://www.trendyol-milla.com/trendyolmilla/lacivert-citcitli-fitted-vucuda-oturan-fitilli-esnek-orme-bluz-twoaw25bz00080-p-835571619)
[2026-01-09T09:46:51.118Z] [INFO]       -> Adding new variant to queue: siyah (https://www.trendyol-milla.com/trendyolmilla/lacivert-citcitli-fitted-vucuda-oturan-fitilli-esnek-orme-bluz-twoaw25bz00080-p-835571624)
[2026-01-09T09:46:51.118Z] [INFO]       -> Adding new variant to queue: antrasit (https://www.trendyol-milla.com/trendyolmilla/lacivert-citcitli-fitted-vucuda-oturan-fitilli-esnek-orme-bluz-twoaw25bz00080-p-1041146144)
[2026-01-09T09:46:51.118Z] [INFO]       -> Adding new variant to queue: acik-kahverengi (https://www.trendyol-milla.com/trendyolmilla/lacivert-citcitli-fitted-vucuda-oturan-fitilli-esnek-orme-bluz-twoaw25bz00080-p-945837923)
[2026-01-09T09:46:52.119Z] [INFO] [Page 1] [79/455] Fetching details for: Siyah Viskon/Yumuşak Kumaşlı Asimetrik Esnek Örme ...
[2026-01-09T09:46:52.187Z] [INFO] Fetching details for: https://www.trendyol-milla.com/trendyolmilla/siyah...
[2026-01-09T09:47:06.241Z] [INFO]    🎨 Found 1 color variants.
[2026-01-09T09:47:06.242Z] [INFO]       -> Adding new variant to queue: siyah (https://www.trendyol-milla.com/trendyolmilla/bordo-viskon-yumusak-kumasli-asimetrik-esnek-orme-bluz-twoaw25bz00233-p-843318607)
[2026-01-09T09:47:07.257Z] [INFO] [Page 1] [80/456] Fetching details for: Mürdüm Transparan Dik Yaka Esnek Normal Boy Örme B...
[2026-01-09T09:47:07.314Z] [INFO] Fetching details for: https://www.trendyol-milla.com/trendyolmilla/murdu...
[2026-01-09T09:47:21.346Z] [INFO]    🎨 Found 7 color variants.
[2026-01-09T09:47:22.353Z] [INFO] [Page 1] [81/456] Fetching details for: Mürdüm Transparan Dik Yaka Esnek Normal Boy Örme B...
[2026-01-09T09:47:22.422Z] [INFO] Fetching details for: https://www.trendyol-milla.com/trendyolmilla/murdu...
[2026-01-09T09:47:36.451Z] [INFO]    🎨 Found 7 color variants.
[2026-01-09T09:47:37.462Z] [INFO] [Page 1] [82/456] Fetching details for: Mürdüm Transparan Dik Yaka Esnek Normal Boy Örme B...
[2026-01-09T09:47:37.511Z] [INFO] Fetching details for: https://www.trendyol-milla.com/trendyolmilla/murdu...
[2026-01-09T09:47:51.500Z] [INFO]    🎨 Found 7 color variants.
[2026-01-09T09:47:52.505Z] [INFO] [Page 1] [83/456] Fetching details for: Mürdüm Transparan Dik Yaka Esnek Normal Boy Örme B...
[2026-01-09T09:47:52.576Z] [INFO] Fetching details for: https://www.trendyol-milla.com/trendyolmilla/murdu...
[2026-01-09T09:48:06.705Z] [INFO]    🎨 Found 7 color variants.
[2026-01-09T09:48:07.709Z] [INFO] [Page 1] [84/456] Fetching details for: Mürdüm Transparan Dik Yaka Esnek Normal Boy Örme B...
[2026-01-09T09:48:07.766Z] [INFO] Fetching details for: https://www.trendyol-milla.com/trendyolmilla/murdu...
[2026-01-09T09:48:21.747Z] [INFO]    🎨 Found 7 color variants.
[2026-01-09T09:48:22.756Z] [INFO] [Page 1] [85/456] Fetching details for: Mürdüm Transparan Dik Yaka Esnek Normal Boy Örme B...
[2026-01-09T09:48:22.801Z] [INFO] Fetching details for: https://www.trendyol-milla.com/trendyolmilla/murdu...
[2026-01-09T09:48:37.088Z] [INFO]    🎨 Found 7 color variants.
[2026-01-09T09:48:38.098Z] [INFO] [Page 1] [86/456] Fetching details for: Mürdüm Transparan Dik Yaka Esnek Normal Boy Örme B...
[2026-01-09T09:48:38.202Z] [INFO] Fetching details for: https://www.trendyol-milla.com/trendyolmilla/murdu...
[2026-01-09T09:48:52.146Z] [INFO]    🎨 Found 7 color variants.
[2026-01-09T09:48:53.150Z] [INFO] [Page 1] [87/456] Fetching details for: Siyah Fitted/Vücuda oturan Aksesuar Detaylı Asimet...
[2026-01-09T09:48:53.213Z] [INFO] Fetching details for: https://www.trendyol-milla.com/trendyolmilla/siyah...
[2026-01-09T09:49:07.249Z] [INFO]    🎨 Found 5 color variants.
[2026-01-09T09:49:07.250Z] [INFO]       -> Adding new variant to queue: kirmizi-c (https://www.trendyol-milla.com/trendyolmilla/haki-fitted-dusuk-omuzlu-aksesuar-detayli-asimetrik-yaka-esnek-orme-bluz-twoaw26bz00075-p-1053890065)
[2026-01-09T09:49:07.251Z] [INFO]       -> Adding new variant to queue: kahverengi (https://www.trendyol-milla.com/trendyolmilla/haki-fitted-dusuk-omuzlu-aksesuar-detayli-asimetrik-yaka-esnek-orme-bluz-twoaw26bz00075-p-942028680)
[2026-01-09T09:49:07.253Z] [INFO]       -> Adding new variant to queue: gul-kurusu (https://www.trendyol-milla.com/trendyolmilla/haki-fitted-dusuk-omuzlu-aksesuar-detayli-asimetrik-yaka-esnek-orme-bluz-twoaw26bz00075-p-984092526)
[2026-01-09T09:49:07.253Z] [INFO]       -> Adding new variant to queue: siyah (https://www.trendyol-milla.com/trendyolmilla/haki-fitted-dusuk-omuzlu-aksesuar-detayli-asimetrik-yaka-esnek-orme-bluz-twoaw26bz00075-p-942028679)
[2026-01-09T09:49:07.254Z] [INFO]       -> Adding new variant to queue: tas (https://www.trendyol-milla.com/trendyolmilla/haki-fitted-dusuk-omuzlu-aksesuar-detayli-asimetrik-yaka-esnek-orme-bluz-twoaw26bz00075-p-984086324)
[2026-01-09T09:49:08.260Z] [INFO] [Page 1] [88/461] Fetching details for: Siyah Fitted/Vücuda oturan Aksesuar Detaylı Asimet...
[2026-01-09T09:49:08.316Z] [INFO] Fetching details for: https://www.trendyol-milla.com/trendyolmilla/siyah...
[2026-01-09T09:49:22.406Z] [INFO]    🎨 Found 5 color variants.
[2026-01-09T09:49:22.407Z] [INFO]       -> Adding new variant to queue: haki (https://www.trendyol-milla.com/trendyolmilla/tas-fitted-dusuk-omuzlu-aksesuar-detayli-asimetrik-yaka-esnek-orme-bluz-twoaw26bz00075-p-1039280781)
[2026-01-09T09:49:22.409Z] [INFO]       -> Adding new variant to queue: kirmizi-c (https://www.trendyol-milla.com/trendyolmilla/tas-fitted-dusuk-omuzlu-aksesuar-detayli-asimetrik-yaka-esnek-orme-bluz-twoaw26bz00075-p-1053890065)
[2026-01-09T09:49:22.410Z] [INFO]       -> Adding new variant to queue: gul-kurusu (https://www.trendyol-milla.com/trendyolmilla/tas-fitted-dusuk-omuzlu-aksesuar-detayli-asimetrik-yaka-esnek-orme-bluz-twoaw26bz00075-p-984092526)
[2026-01-09T09:49:22.411Z] [INFO]       -> Adding new variant to queue: siyah (https://www.trendyol-milla.com/trendyolmilla/tas-fitted-dusuk-omuzlu-aksesuar-detayli-asimetrik-yaka-esnek-orme-bluz-twoaw26bz00075-p-942028679)
[2026-01-09T09:49:22.412Z] [INFO]       -> Adding new variant to queue: kahverengi (https://www.trendyol-milla.com/trendyolmilla/tas-fitted-dusuk-omuzlu-aksesuar-detayli-asimetrik-yaka-esnek-orme-bluz-twoaw26bz00075-p-942028680)
[2026-01-09T09:49:23.428Z] [INFO] [Page 1] [89/466] Fetching details for: Siyah Fitted/Vücuda oturan Aksesuar Detaylı Asimet...
[2026-01-09T09:49:23.485Z] [INFO] Fetching details for: https://www.trendyol-milla.com/trendyolmilla/siyah...
[2026-01-09T09:49:38.201Z] [INFO]    🎨 Found 5 color variants.
[2026-01-09T09:49:38.202Z] [INFO]       -> Adding new variant to queue: tas (https://www.trendyol-milla.com/trendyolmilla/kahverengi-fitted-vucuda-oturan-aksesuar-detayli-asimetrik-yaka-esnek-orme-bluz-twoaw26bz00075-p-984086324)
[2026-01-09T09:49:38.204Z] [INFO]       -> Adding new variant to queue: haki (https://www.trendyol-milla.com/trendyolmilla/kahverengi-fitted-vucuda-oturan-aksesuar-detayli-asimetrik-yaka-esnek-orme-bluz-twoaw26bz00075-p-1039280781)
[2026-01-09T09:49:38.205Z] [INFO]       -> Adding new variant to queue: kirmizi-c (https://www.trendyol-milla.com/trendyolmilla/kahverengi-fitted-vucuda-oturan-aksesuar-detayli-asimetrik-yaka-esnek-orme-bluz-twoaw26bz00075-p-1053890065)
[2026-01-09T09:49:38.206Z] [INFO]       -> Adding new variant to queue: siyah (https://www.trendyol-milla.com/trendyolmilla/kahverengi-fitted-vucuda-oturan-aksesuar-detayli-asimetrik-yaka-esnek-orme-bluz-twoaw26bz00075-p-942028679)
[2026-01-09T09:49:38.208Z] [INFO]       -> Adding new variant to queue: gul-kurusu (https://www.trendyol-milla.com/trendyolmilla/kahverengi-fitted-vucuda-oturan-aksesuar-detayli-asimetrik-yaka-esnek-orme-bluz-twoaw26bz00075-p-984092526)
[2026-01-09T09:49:39.213Z] [INFO] [Page 1] [90/471] Fetching details for: Siyah Fitted/Vücuda oturan Aksesuar Detaylı Asimet...
[2026-01-09T09:49:39.282Z] [INFO] Fetching details for: https://www.trendyol-milla.com/trendyolmilla/siyah...
[2026-01-09T09:49:53.295Z] [INFO]    🎨 Found 5 color variants.
[2026-01-09T09:49:53.296Z] [INFO]       -> Adding new variant to queue: tas (https://www.trendyol-milla.com/trendyolmilla/kirmizi-fitted-vucuda-oturan-aksesuar-detayli-asimetrik-yaka-esnek-orme-bluz-twoaw26bz00075-p-984086324)
[2026-01-09T09:49:53.297Z] [INFO]       -> Adding new variant to queue: kahverengi (https://www.trendyol-milla.com/trendyolmilla/kirmizi-fitted-vucuda-oturan-aksesuar-detayli-asimetrik-yaka-esnek-orme-bluz-twoaw26bz00075-p-942028680)
[2026-01-09T09:49:53.298Z] [INFO]       -> Adding new variant to queue: haki (https://www.trendyol-milla.com/trendyolmilla/kirmizi-fitted-vucuda-oturan-aksesuar-detayli-asimetrik-yaka-esnek-orme-bluz-twoaw26bz00075-p-1039280781)
[2026-01-09T09:49:53.299Z] [INFO]       -> Adding new variant to queue: gul-kurusu (https://www.trendyol-milla.com/trendyolmilla/kirmizi-fitted-vucuda-oturan-aksesuar-detayli-asimetrik-yaka-esnek-orme-bluz-twoaw26bz00075-p-984092526)
[2026-01-09T09:49:53.299Z] [INFO]       -> Adding new variant to queue: siyah (https://www.trendyol-milla.com/trendyolmilla/kirmizi-fitted-vucuda-oturan-aksesuar-detayli-asimetrik-yaka-esnek-orme-bluz-twoaw26bz00075-p-942028679)
[2026-01-09T09:49:54.309Z] [INFO] [Page 1] [91/476] Fetching details for: Siyah Fitted/Vücuda oturan Aksesuar Detaylı Asimet...
[2026-01-09T09:49:54.381Z] [INFO] Fetching details for: https://www.trendyol-milla.com/trendyolmilla/siyah...
[2026-01-09T09:50:08.278Z] [INFO]    🎨 Found 5 color variants.
[2026-01-09T09:50:08.279Z] [INFO]       -> Adding new variant to queue: kahverengi (https://www.trendyol-milla.com/trendyolmilla/gul-kurusu-fitted-dusuk-omuzlu-aksesuar-detayli-asimetrik-yaka-esnek-orme-bluz-twoaw26bz00075-p-942028680)
[2026-01-09T09:50:08.279Z] [INFO]       -> Adding new variant to queue: tas (https://www.trendyol-milla.com/trendyolmilla/gul-kurusu-fitted-dusuk-omuzlu-aksesuar-detayli-asimetrik-yaka-esnek-orme-bluz-twoaw26bz00075-p-984086324)
[2026-01-09T09:50:08.280Z] [INFO]       -> Adding new variant to queue: haki (https://www.trendyol-milla.com/trendyolmilla/gul-kurusu-fitted-dusuk-omuzlu-aksesuar-detayli-asimetrik-yaka-esnek-orme-bluz-twoaw26bz00075-p-1039280781)
[2026-01-09T09:50:08.280Z] [INFO]       -> Adding new variant to queue: kirmizi-c (https://www.trendyol-milla.com/trendyolmilla/gul-kurusu-fitted-dusuk-omuzlu-aksesuar-detayli-asimetrik-yaka-esnek-orme-bluz-twoaw26bz00075-p-1053890065)
[2026-01-09T09:50:08.281Z] [INFO]       -> Adding new variant to queue: siyah (https://www.trendyol-milla.com/trendyolmilla/gul-kurusu-fitted-dusuk-omuzlu-aksesuar-detayli-asimetrik-yaka-esnek-orme-bluz-twoaw26bz00075-p-942028679)
[2026-01-09T09:50:09.294Z] [INFO] [Page 1] [92/481] Fetching details for: Bordo Transparan Triko Görünümlü Kumaş Regular Boy...
[2026-01-09T09:50:09.354Z] [INFO] Fetching details for: https://www.trendyol-milla.com/trendyolmilla/bordo...
[2026-01-09T09:50:23.564Z] [INFO]    🎨 Found 4 color variants.
[2026-01-09T09:50:23.565Z] [INFO]       -> Adding new variant to queue: bordo (https://www.trendyol-milla.com/trendyolmilla/koyu-kahverengi-transparan-triko-gorunumlu-kumas-regular-boy-bisiklet-yaka-orme-bluz-twoaw24bz00094-p-838631710)
[2026-01-09T09:50:23.566Z] [INFO]       -> Adding new variant to queue: siyah (https://www.trendyol-milla.com/trendyolmilla/koyu-kahverengi-transparan-triko-gorunumlu-kumas-regular-boy-bisiklet-yaka-orme-bluz-twoaw24bz00094-p-698497296)
[2026-01-09T09:50:23.567Z] [INFO]       -> Adding new variant to queue: haki (https://www.trendyol-milla.com/trendyolmilla/koyu-kahverengi-transparan-triko-gorunumlu-kumas-regular-boy-bisiklet-yaka-orme-bluz-twoaw24bz00094-p-945484512)
[2026-01-09T09:50:23.567Z] [INFO]       -> Adding new variant to queue: ekru (https://www.trendyol-milla.com/trendyolmilla/koyu-kahverengi-transparan-triko-gorunumlu-kumas-regular-boy-bisiklet-yaka-orme-bluz-twoaw24bz00094-p-698497295)
[2026-01-09T09:50:24.578Z] [INFO] [Page 1] [93/485] Fetching details for: Bordo Transparan Triko Görünümlü Kumaş Regular Boy...
[2026-01-09T09:50:24.644Z] [INFO] Fetching details for: https://www.trendyol-milla.com/trendyolmilla/bordo...
[2026-01-09T09:50:38.694Z] [INFO]    🎨 Found 4 color variants.
[2026-01-09T09:50:38.695Z] [INFO]       -> Adding new variant to queue: ekru (https://www.trendyol-milla.com/trendyolmilla/siyah-transparan-triko-gorunumlu-kumas-regular-boy-bisiklet-yaka-orme-bluz-twoaw24bz00094-p-698497295)
[2026-01-09T09:50:38.696Z] [INFO]       -> Adding new variant to queue: koyu-kahverengi (https://www.trendyol-milla.com/trendyolmilla/siyah-transparan-triko-gorunumlu-kumas-regular-boy-bisiklet-yaka-orme-bluz-twoaw24bz00094-p-859132905)
[2026-01-09T09:50:38.696Z] [INFO]       -> Adding new variant to queue: bordo (https://www.trendyol-milla.com/trendyolmilla/siyah-transparan-triko-gorunumlu-kumas-regular-boy-bisiklet-yaka-orme-bluz-twoaw24bz00094-p-838631710)
[2026-01-09T09:50:38.697Z] [INFO]       -> Adding new variant to queue: haki (https://www.trendyol-milla.com/trendyolmilla/siyah-transparan-triko-gorunumlu-kumas-regular-boy-bisiklet-yaka-orme-bluz-twoaw24bz00094-p-945484512)
[2026-01-09T09:50:39.705Z] [INFO] [Page 1] [94/489] Fetching details for: Bordo Transparan Triko Görünümlü Kumaş Regular Boy...
[2026-01-09T09:50:39.770Z] [INFO] Fetching details for: https://www.trendyol-milla.com/trendyolmilla/bordo...
[2026-01-09T09:50:53.842Z] [INFO]    🎨 Found 4 color variants.
[2026-01-09T09:50:53.843Z] [INFO]       -> Adding new variant to queue: ekru (https://www.trendyol-milla.com/trendyolmilla/haki-transparan-triko-gorunumlu-kumas-regular-boy-bisiklet-yaka-orme-bluz-twoaw24bz00094-p-698497295)
[2026-01-09T09:50:53.843Z] [INFO]       -> Adding new variant to queue: koyu-kahverengi (https://www.trendyol-milla.com/trendyolmilla/haki-transparan-triko-gorunumlu-kumas-regular-boy-bisiklet-yaka-orme-bluz-twoaw24bz00094-p-859132905)
[2026-01-09T09:50:53.844Z] [INFO]       -> Adding new variant to queue: siyah (https://www.trendyol-milla.com/trendyolmilla/haki-transparan-triko-gorunumlu-kumas-regular-boy-bisiklet-yaka-orme-bluz-twoaw24bz00094-p-698497296)
[2026-01-09T09:50:53.844Z] [INFO]       -> Adding new variant to queue: bordo (https://www.trendyol-milla.com/trendyolmilla/haki-transparan-triko-gorunumlu-kumas-regular-boy-bisiklet-yaka-orme-bluz-twoaw24bz00094-p-838631710)
[2026-01-09T09:50:54.852Z] [INFO] [Page 1] [95/493] Fetching details for: Bordo Transparan Triko Görünümlü Kumaş Regular Boy...
[2026-01-09T09:50:54.917Z] [INFO] Fetching details for: https://www.trendyol-milla.com/trendyolmilla/bordo...
[2026-01-09T09:51:08.814Z] [INFO]    🎨 Found 4 color variants.
[2026-01-09T09:51:08.814Z] [INFO]       -> Adding new variant to queue: haki (https://www.trendyol-milla.com/trendyolmilla/ekru-transparan-triko-gorunumlu-kumas-regular-boy-bisiklet-yaka-orme-bluz-twoaw24bz00094-p-945484512)
[2026-01-09T09:51:08.815Z] [INFO]       -> Adding new variant to queue: siyah (https://www.trendyol-milla.com/trendyolmilla/ekru-transparan-triko-gorunumlu-kumas-regular-boy-bisiklet-yaka-orme-bluz-twoaw24bz00094-p-698497296)
[2026-01-09T09:51:08.815Z] [INFO]       -> Adding new variant to queue: koyu-kahverengi (https://www.trendyol-milla.com/trendyolmilla/ekru-transparan-triko-gorunumlu-kumas-regular-boy-bisiklet-yaka-orme-bluz-twoaw24bz00094-p-859132905)
[2026-01-09T09:51:08.816Z] [INFO]       -> Adding new variant to queue: bordo (https://www.trendyol-milla.com/trendyolmilla/ekru-transparan-triko-gorunumlu-kumas-regular-boy-bisiklet-yaka-orme-bluz-twoaw24bz00094-p-838631710)
[2026-01-09T09:51:09.823Z] [INFO] [Page 1] [96/497] Fetching details for: Siyah Dantel Detaylı Kare Yaka Örme Party Bluz TPR...
[2026-01-09T09:51:09.888Z] [INFO] Fetching details for: https://www.trendyol-milla.com/trendyolmilla/siyah...
[2026-01-09T09:51:24.068Z] [INFO]    🎨 Found 1 color variants.
[2026-01-09T09:51:24.069Z] [INFO]       -> Adding new variant to queue: siyah (https://www.trendyol-milla.com/trendyolmilla/koyu-kahverengi-dantel-detayli-kare-yaka-orme-party-bluz-tpraw26bz00045-p-979591005)
[2026-01-09T09:51:25.078Z] [INFO] [Page 1] [97/498] Fetching details for: Haki Örme Bluz TWOAW25BZ00109 - bordo...
[2026-01-09T09:51:25.140Z] [INFO] Fetching details for: https://www.trendyol-milla.com/trendyolmilla/haki-...
[2026-01-09T09:51:39.282Z] [INFO]    🎨 Found 7 color variants.
[2026-01-09T09:51:39.284Z] [INFO]       -> Adding new variant to queue: tas (https://www.trendyol-milla.com/trendyolmilla/bordo-kayik-yaka-drapeli-vucuda-oturan-esnek-orme-bluz-twoaw25bz00109-p-858483707)
[2026-01-09T09:51:39.285Z] [INFO]       -> Adding new variant to queue: indigo (https://www.trendyol-milla.com/trendyolmilla/bordo-kayik-yaka-drapeli-vucuda-oturan-esnek-orme-bluz-twoaw25bz00109-p-837720770)
[2026-01-09T09:51:39.286Z] [INFO]       -> Adding new variant to queue: yag-yesil (https://www.trendyol-milla.com/trendyolmilla/bordo-kayik-yaka-drapeli-vucuda-oturan-esnek-orme-bluz-twoaw25bz00109-p-945437976)
[2026-01-09T09:51:39.287Z] [INFO]       -> Adding new variant to queue: haki (https://www.trendyol-milla.com/trendyolmilla/bordo-kayik-yaka-drapeli-vucuda-oturan-esnek-orme-bluz-twoaw25bz00109-p-995535686)
[2026-01-09T09:51:39.288Z] [INFO]       -> Adding new variant to queue: zumrut-yesili (https://www.trendyol-milla.com/trendyolmilla/bordo-kayik-yaka-drapeli-vucuda-oturan-esnek-orme-bluz-twoaw25bz00109-p-858483706)
[2026-01-09T09:51:39.289Z] [INFO]       -> Adding new variant to queue: kahverengi (https://www.trendyol-milla.com/trendyolmilla/bordo-kayik-yaka-drapeli-vucuda-oturan-esnek-orme-bluz-twoaw25bz00109-p-945437951)
[2026-01-09T09:51:39.290Z] [INFO]       -> Adding new variant to queue: siyah (https://www.trendyol-milla.com/trendyolmilla/bordo-kayik-yaka-drapeli-vucuda-oturan-esnek-orme-bluz-twoaw25bz00109-p-837720773)
[2026-01-09T09:51:40.291Z] [INFO] [Page 1] [98/505] Fetching details for: Haki Örme Bluz TWOAW25BZ00109 - kahverengi...
[2026-01-09T09:51:40.367Z] [INFO] Fetching details for: https://www.trendyol-milla.com/trendyolmilla/haki-...
[2026-01-09T09:51:54.709Z] [INFO]    🎨 Found 7 color variants.
[2026-01-09T09:51:54.711Z] [INFO]       -> Adding new variant to queue: siyah (https://www.trendyol-milla.com/trendyolmilla/kahverengi-kayik-yaka-drapeli-vucuda-oturan-esnek-orme-bluz-twoaw25bz00109-p-837720773)
[2026-01-09T09:51:54.712Z] [INFO]       -> Adding new variant to queue: bordo (https://www.trendyol-milla.com/trendyolmilla/kahverengi-kayik-yaka-drapeli-vucuda-oturan-esnek-orme-bluz-twoaw25bz00109-p-837720772)
[2026-01-09T09:51:54.713Z] [INFO]       -> Adding new variant to queue: indigo (https://www.trendyol-milla.com/trendyolmilla/kahverengi-kayik-yaka-drapeli-vucuda-oturan-esnek-orme-bluz-twoaw25bz00109-p-837720770)
[2026-01-09T09:51:54.714Z] [INFO]       -> Adding new variant to queue: yag-yesil (https://www.trendyol-milla.com/trendyolmilla/kahverengi-kayik-yaka-drapeli-vucuda-oturan-esnek-orme-bluz-twoaw25bz00109-p-945437976)
[2026-01-09T09:51:54.715Z] [INFO]       -> Adding new variant to queue: tas (https://www.trendyol-milla.com/trendyolmilla/kahverengi-kayik-yaka-drapeli-vucuda-oturan-esnek-orme-bluz-twoaw25bz00109-p-858483707)
[2026-01-09T09:51:54.715Z] [INFO]       -> Adding new variant to queue: haki (https://www.trendyol-milla.com/trendyolmilla/kahverengi-kayik-yaka-drapeli-vucuda-oturan-esnek-orme-bluz-twoaw25bz00109-p-995535686)
[2026-01-09T09:51:54.716Z] [INFO]       -> Adding new variant to queue: zumrut-yesili (https://www.trendyol-milla.com/trendyolmilla/kahverengi-kayik-yaka-drapeli-vucuda-oturan-esnek-orme-bluz-twoaw25bz00109-p-858483706)
[2026-01-09T09:51:55.732Z] [INFO] [Page 1] [99/512] Fetching details for: Haki Örme Bluz TWOAW25BZ00109 - siyah...
[2026-01-09T09:51:55.794Z] [INFO] Fetching details for: https://www.trendyol-milla.com/trendyolmilla/haki-...
[2026-01-09T09:52:09.879Z] [INFO]    🎨 Found 7 color variants.
[2026-01-09T09:52:09.880Z] [INFO]       -> Adding new variant to queue: bordo (https://www.trendyol-milla.com/trendyolmilla/siyah-kayik-yaka-drapeli-vucuda-oturan-esnek-orme-bluz-twoaw25bz00109-p-837720772)
[2026-01-09T09:52:09.881Z] [INFO]       -> Adding new variant to queue: kahverengi (https://www.trendyol-milla.com/trendyolmilla/siyah-kayik-yaka-drapeli-vucuda-oturan-esnek-orme-bluz-twoaw25bz00109-p-945437951)
[2026-01-09T09:52:09.882Z] [INFO]       -> Adding new variant to queue: indigo (https://www.trendyol-milla.com/trendyolmilla/siyah-kayik-yaka-drapeli-vucuda-oturan-esnek-orme-bluz-twoaw25bz00109-p-837720770)
[2026-01-09T09:52:09.883Z] [INFO]       -> Adding new variant to queue: yag-yesil (https://www.trendyol-milla.com/trendyolmilla/siyah-kayik-yaka-drapeli-vucuda-oturan-esnek-orme-bluz-twoaw25bz00109-p-945437976)
[2026-01-09T09:52:09.884Z] [INFO]       -> Adding new variant to queue: tas (https://www.trendyol-milla.com/trendyolmilla/siyah-kayik-yaka-drapeli-vucuda-oturan-esnek-orme-bluz-twoaw25bz00109-p-858483707)
[2026-01-09T09:52:09.885Z] [INFO]       -> Adding new variant to queue: haki (https://www.trendyol-milla.com/trendyolmilla/siyah-kayik-yaka-drapeli-vucuda-oturan-esnek-orme-bluz-twoaw25bz00109-p-995535686)
[2026-01-09T09:52:09.886Z] [INFO]       -> Adding new variant to queue: zumrut-yesili (https://www.trendyol-milla.com/trendyolmilla/siyah-kayik-yaka-drapeli-vucuda-oturan-esnek-orme-bluz-twoaw25bz00109-p-858483706)
[2026-01-09T09:52:10.901Z] [INFO] [Page 1] [100/519] Fetching details for: Haki Örme Bluz TWOAW25BZ00109 - yag-yesil...
[2026-01-09T09:52:10.967Z] [INFO] Fetching details for: https://www.trendyol-milla.com/trendyolmilla/haki-...
[2026-01-09T09:52:25.717Z] [INFO]    🎨 Found 7 color variants.
[2026-01-09T09:52:25.719Z] [INFO]       -> Adding new variant to queue: kahverengi (https://www.trendyol-milla.com/trendyolmilla/yag-yesili-kayik-yaka-drapeli-vucuda-oturan-esnek-orme-bluz-twoaw25bz00109-p-945437951)
[2026-01-09T09:52:25.720Z] [INFO]       -> Adding new variant to queue: indigo (https://www.trendyol-milla.com/trendyolmilla/yag-yesili-kayik-yaka-drapeli-vucuda-oturan-esnek-orme-bluz-twoaw25bz00109-p-837720770)
[2026-01-09T09:52:25.721Z] [INFO]       -> Adding new variant to queue: tas (https://www.trendyol-milla.com/trendyolmilla/yag-yesili-kayik-yaka-drapeli-vucuda-oturan-esnek-orme-bluz-twoaw25bz00109-p-858483707)
[2026-01-09T09:52:25.722Z] [INFO]       -> Adding new variant to queue: zumrut-yesili (https://www.trendyol-milla.com/trendyolmilla/yag-yesili-kayik-yaka-drapeli-vucuda-oturan-esnek-orme-bluz-twoaw25bz00109-p-858483706)
[2026-01-09T09:52:25.722Z] [INFO]       -> Adding new variant to queue: haki (https://www.trendyol-milla.com/trendyolmilla/yag-yesili-kayik-yaka-drapeli-vucuda-oturan-esnek-orme-bluz-twoaw25bz00109-p-995535686)
[2026-01-09T09:52:25.723Z] [INFO]       -> Adding new variant to queue: siyah (https://www.trendyol-milla.com/trendyolmilla/yag-yesili-kayik-yaka-drapeli-vucuda-oturan-esnek-orme-bluz-twoaw25bz00109-p-837720773)
[2026-01-09T09:52:25.724Z] [INFO]       -> Adding new variant to queue: bordo (https://www.trendyol-milla.com/trendyolmilla/yag-yesili-kayik-yaka-drapeli-vucuda-oturan-esnek-orme-bluz-twoaw25bz00109-p-837720772)
[2026-01-09T09:52:26.729Z] [INFO] [Page 1] [101/526] Fetching details for: Haki Örme Bluz TWOAW25BZ00109 - tas...
[2026-01-09T09:52:26.805Z] [INFO] Fetching details for: https://www.trendyol-milla.com/trendyolmilla/haki-...
[2026-01-09T09:52:40.976Z] [INFO]    🎨 Found 7 color variants.
[2026-01-09T09:52:40.978Z] [INFO]       -> Adding new variant to queue: siyah (https://www.trendyol-milla.com/trendyolmilla/tas-kayik-yaka-drapeli-vucuda-oturan-esnek-orme-bluz-twoaw25bz00109-p-837720773)
[2026-01-09T09:52:40.979Z] [INFO]       -> Adding new variant to queue: bordo (https://www.trendyol-milla.com/trendyolmilla/tas-kayik-yaka-drapeli-vucuda-oturan-esnek-orme-bluz-twoaw25bz00109-p-837720772)
[2026-01-09T09:52:40.980Z] [INFO]       -> Adding new variant to queue: kahverengi (https://www.trendyol-milla.com/trendyolmilla/tas-kayik-yaka-drapeli-vucuda-oturan-esnek-orme-bluz-twoaw25bz00109-p-945437951)
[2026-01-09T09:52:40.981Z] [INFO]       -> Adding new variant to queue: indigo (https://www.trendyol-milla.com/trendyolmilla/tas-kayik-yaka-drapeli-vucuda-oturan-esnek-orme-bluz-twoaw25bz00109-p-837720770)
[2026-01-09T09:52:40.982Z] [INFO]       -> Adding new variant to queue: yag-yesil (https://www.trendyol-milla.com/trendyolmilla/tas-kayik-yaka-drapeli-vucuda-oturan-esnek-orme-bluz-twoaw25bz00109-p-945437976)
[2026-01-09T09:52:40.983Z] [INFO]       -> Adding new variant to queue: zumrut-yesili (https://www.trendyol-milla.com/trendyolmilla/tas-kayik-yaka-drapeli-vucuda-oturan-esnek-orme-bluz-twoaw25bz00109-p-858483706)
[2026-01-09T09:52:40.986Z] [INFO]       -> Adding new variant to queue: haki (https://www.trendyol-milla.com/trendyolmilla/tas-kayik-yaka-drapeli-vucuda-oturan-esnek-orme-bluz-twoaw25bz00109-p-995535686)
[2026-01-09T09:52:42.002Z] [INFO] [Page 1] [102/533] Fetching details for: Haki Örme Bluz TWOAW25BZ00109 - indigo...
[2026-01-09T09:52:42.069Z] [INFO] Fetching details for: https://www.trendyol-milla.com/trendyolmilla/haki-...
[2026-01-09T09:52:56.443Z] [INFO]    🎨 Found 7 color variants.
[2026-01-09T09:52:56.444Z] [INFO]       -> Adding new variant to queue: kahverengi (https://www.trendyol-milla.com/trendyolmilla/indigo-kayik-yaka-drapeli-vucuda-oturan-esnek-orme-bluz-twoaw25bz00109-p-945437951)
[2026-01-09T09:52:56.445Z] [INFO]       -> Adding new variant to queue: yag-yesil (https://www.trendyol-milla.com/trendyolmilla/indigo-kayik-yaka-drapeli-vucuda-oturan-esnek-orme-bluz-twoaw25bz00109-p-945437976)
[2026-01-09T09:52:56.446Z] [INFO]       -> Adding new variant to queue: tas (https://www.trendyol-milla.com/trendyolmilla/indigo-kayik-yaka-drapeli-vucuda-oturan-esnek-orme-bluz-twoaw25bz00109-p-858483707)
[2026-01-09T09:52:56.447Z] [INFO]       -> Adding new variant to queue: haki (https://www.trendyol-milla.com/trendyolmilla/indigo-kayik-yaka-drapeli-vucuda-oturan-esnek-orme-bluz-twoaw25bz00109-p-995535686)
[2026-01-09T09:52:56.448Z] [INFO]       -> Adding new variant to queue: zumrut-yesili (https://www.trendyol-milla.com/trendyolmilla/indigo-kayik-yaka-drapeli-vucuda-oturan-esnek-orme-bluz-twoaw25bz00109-p-858483706)
[2026-01-09T09:52:56.449Z] [INFO]       -> Adding new variant to queue: bordo (https://www.trendyol-milla.com/trendyolmilla/indigo-kayik-yaka-drapeli-vucuda-oturan-esnek-orme-bluz-twoaw25bz00109-p-837720772)
[2026-01-09T09:52:56.451Z] [INFO]       -> Adding new variant to queue: siyah (https://www.trendyol-milla.com/trendyolmilla/indigo-kayik-yaka-drapeli-vucuda-oturan-esnek-orme-bluz-twoaw25bz00109-p-837720773)
[2026-01-09T09:52:57.468Z] [INFO] [Page 1] [103/540] Fetching details for: Haki Örme Bluz TWOAW25BZ00109 - zumrut-yesili...
[2026-01-09T09:52:57.530Z] [INFO] Fetching details for: https://www.trendyol-milla.com/trendyolmilla/haki-...
[2026-01-09T09:53:11.630Z] [INFO]    🎨 Found 7 color variants.
[2026-01-09T09:53:11.631Z] [INFO]       -> Adding new variant to queue: indigo (https://www.trendyol-milla.com/trendyolmilla/zumrut-yesili-kayik-yaka-drapeli-vucuda-oturan-esnek-orme-bluz-twoaw25bz00109-p-837720770)
[2026-01-09T09:53:11.632Z] [INFO]       -> Adding new variant to queue: tas (https://www.trendyol-milla.com/trendyolmilla/zumrut-yesili-kayik-yaka-drapeli-vucuda-oturan-esnek-orme-bluz-twoaw25bz00109-p-858483707)
[2026-01-09T09:53:11.633Z] [INFO]       -> Adding new variant to queue: haki (https://www.trendyol-milla.com/trendyolmilla/zumrut-yesili-kayik-yaka-drapeli-vucuda-oturan-esnek-orme-bluz-twoaw25bz00109-p-995535686)
[2026-01-09T09:53:11.634Z] [INFO]       -> Adding new variant to queue: siyah (https://www.trendyol-milla.com/trendyolmilla/zumrut-yesili-kayik-yaka-drapeli-vucuda-oturan-esnek-orme-bluz-twoaw25bz00109-p-837720773)
[2026-01-09T09:53:11.635Z] [INFO]       -> Adding new variant to queue: bordo (https://www.trendyol-milla.com/trendyolmilla/zumrut-yesili-kayik-yaka-drapeli-vucuda-oturan-esnek-orme-bluz-twoaw25bz00109-p-837720772)
[2026-01-09T09:53:11.636Z] [INFO]       -> Adding new variant to queue: kahverengi (https://www.trendyol-milla.com/trendyolmilla/zumrut-yesili-kayik-yaka-drapeli-vucuda-oturan-esnek-orme-bluz-twoaw25bz00109-p-945437951)
[2026-01-09T09:53:11.637Z] [INFO]       -> Adding new variant to queue: yag-yesil (https://www.trendyol-milla.com/trendyolmilla/zumrut-yesili-kayik-yaka-drapeli-vucuda-oturan-esnek-orme-bluz-twoaw25bz00109-p-945437976)
[2026-01-09T09:53:12.643Z] [INFO] [Page 1] [104/547] Fetching details for: Kahverengi Modallı More Sustainable Kayık Yaka Rel...
[2026-01-09T09:53:12.715Z] [INFO] Fetching details for: https://www.trendyol-milla.com/trendyolmilla/kahve...
[2026-01-09T09:53:27.044Z] [INFO]    🎨 Found 4 color variants.
[2026-01-09T09:53:27.045Z] [INFO]       -> Adding new variant to queue: yesil (https://www.trendyol-milla.com/trendyolmilla/more-sustainable-indigo-modalli-kayik-yaka-relaxed-rahat-kesim-orme-bluz-twoaw25bz00282-p-982055815)
[2026-01-09T09:53:27.046Z] [INFO]       -> Adding new variant to queue: murdum (https://www.trendyol-milla.com/trendyolmilla/more-sustainable-indigo-modalli-kayik-yaka-relaxed-rahat-kesim-orme-bluz-twoaw25bz00282-p-953621102)
[2026-01-09T09:53:27.047Z] [INFO]       -> Adding new variant to queue: kahverengi (https://www.trendyol-milla.com/trendyolmilla/more-sustainable-indigo-modalli-kayik-yaka-relaxed-rahat-kesim-orme-bluz-twoaw25bz00282-p-1019686256)
[2026-01-09T09:53:27.048Z] [INFO]       -> Adding new variant to queue: antrasit (https://www.trendyol-milla.com/trendyolmilla/more-sustainable-indigo-modalli-kayik-yaka-relaxed-rahat-kesim-orme-bluz-twoaw25bz00282-p-854145214)
[2026-01-09T09:53:28.051Z] [INFO] [Page 1] [105/551] Fetching details for: Kahverengi Modallı More Sustainable Kayık Yaka Rel...
[2026-01-09T09:53:28.124Z] [INFO] Fetching details for: https://www.trendyol-milla.com/trendyolmilla/kahve...
[2026-01-09T09:53:42.419Z] [INFO]    🎨 Found 4 color variants.
[2026-01-09T09:53:42.421Z] [INFO]       -> Adding new variant to queue: yesil (https://www.trendyol-milla.com/trendyolmilla/antrasit-modalli-more-sustainable-kayik-yaka-relaxed-rahat-kesim-orme-bluz-twoaw25bz00282-p-982055815)
[2026-01-09T09:53:42.422Z] [INFO]       -> Adding new variant to queue: kahverengi (https://www.trendyol-milla.com/trendyolmilla/antrasit-modalli-more-sustainable-kayik-yaka-relaxed-rahat-kesim-orme-bluz-twoaw25bz00282-p-1019686256)
[2026-01-09T09:53:42.423Z] [INFO]       -> Adding new variant to queue: murdum (https://www.trendyol-milla.com/trendyolmilla/antrasit-modalli-more-sustainable-kayik-yaka-relaxed-rahat-kesim-orme-bluz-twoaw25bz00282-p-953621102)
[2026-01-09T09:53:42.424Z] [INFO]       -> Adding new variant to queue: indigo (https://www.trendyol-milla.com/trendyolmilla/antrasit-modalli-more-sustainable-kayik-yaka-relaxed-rahat-kesim-orme-bluz-twoaw25bz00282-p-854145204)
[2026-01-09T09:53:43.433Z] [INFO] [Page 1] [106/555] Fetching details for: Kahverengi Modallı More Sustainable Kayık Yaka Rel...
[2026-01-09T09:53:43.508Z] [INFO] Fetching details for: https://www.trendyol-milla.com/trendyolmilla/kahve...
[2026-01-09T09:53:58.387Z] [INFO]    🎨 Found 4 color variants.
[2026-01-09T09:53:58.388Z] [INFO]       -> Adding new variant to queue: antrasit (https://www.trendyol-milla.com/trendyolmilla/more-sustainable-murdum-modalli-kayik-yaka-relaxed-rahat-kesim-orme-bluz-twoaw25bz00282-p-854145214)
[2026-01-09T09:53:58.389Z] [INFO]       -> Adding new variant to queue: yesil (https://www.trendyol-milla.com/trendyolmilla/more-sustainable-murdum-modalli-kayik-yaka-relaxed-rahat-kesim-orme-bluz-twoaw25bz00282-p-982055815)
[2026-01-09T09:53:58.390Z] [INFO]       -> Adding new variant to queue: kahverengi (https://www.trendyol-milla.com/trendyolmilla/more-sustainable-murdum-modalli-kayik-yaka-relaxed-rahat-kesim-orme-bluz-twoaw25bz00282-p-1019686256)
[2026-01-09T09:53:58.391Z] [INFO]       -> Adding new variant to queue: indigo (https://www.trendyol-milla.com/trendyolmilla/more-sustainable-murdum-modalli-kayik-yaka-relaxed-rahat-kesim-orme-bluz-twoaw25bz00282-p-854145204)
[2026-01-09T09:53:59.406Z] [INFO] [Page 1] [107/559] Fetching details for: Kahverengi Modallı More Sustainable Kayık Yaka Rel...
[2026-01-09T09:53:59.462Z] [INFO] Fetching details for: https://www.trendyol-milla.com/trendyolmilla/kahve...
[2026-01-09T09:54:13.484Z] [INFO]    🎨 Found 4 color variants.
[2026-01-09T09:54:13.486Z] [INFO]       -> Adding new variant to queue: indigo (https://www.trendyol-milla.com/trendyolmilla/more-sustainable-yesil-modalli-kayik-yaka-relaxed-rahat-kesim-orme-bluz-twoaw25bz00282-p-854145204)
[2026-01-09T09:54:13.487Z] [INFO]       -> Adding new variant to queue: antrasit (https://www.trendyol-milla.com/trendyolmilla/more-sustainable-yesil-modalli-kayik-yaka-relaxed-rahat-kesim-orme-bluz-twoaw25bz00282-p-854145214)
[2026-01-09T09:54:13.488Z] [INFO]       -> Adding new variant to queue: kahverengi (https://www.trendyol-milla.com/trendyolmilla/more-sustainable-yesil-modalli-kayik-yaka-relaxed-rahat-kesim-orme-bluz-twoaw25bz00282-p-1019686256)
[2026-01-09T09:54:13.489Z] [INFO]       -> Adding new variant to queue: murdum (https://www.trendyol-milla.com/trendyolmilla/more-sustainable-yesil-modalli-kayik-yaka-relaxed-rahat-kesim-orme-bluz-twoaw25bz00282-p-953621102)
[2026-01-09T09:54:14.492Z] [INFO] [Page 1] [108/563] Fetching details for: Siyah Düz Premium Yumuşak Kumaşlı Fitted/Vücuda Ot...
[2026-01-09T09:54:14.600Z] [INFO] Fetching details for: https://www.trendyol-milla.com/trendyolmilla/siyah...
[2026-01-09T09:54:28.936Z] [INFO]    🎨 Found 12 color variants.
[2026-01-09T09:54:29.952Z] [INFO] [Page 1] [109/563] Fetching details for: Siyah Düz Premium Yumuşak Kumaşlı Fitted/Vücuda Ot...
[2026-01-09T09:54:30.025Z] [INFO] Fetching details for: https://www.trendyol-milla.com/trendyolmilla/siyah...
[2026-01-09T09:54:44.469Z] [INFO]    🎨 Found 12 color variants.
[2026-01-09T09:54:45.476Z] [INFO] [Page 1] [110/563] Fetching details for: Siyah Düz Premium Yumuşak Kumaşlı Fitted/Vücuda Ot...
[2026-01-09T09:54:45.550Z] [INFO] Fetching details for: https://www.trendyol-milla.com/trendyolmilla/siyah...
[2026-01-09T09:54:59.875Z] [INFO]    🎨 Found 12 color variants.
[2026-01-09T09:55:00.881Z] [INFO] [Page 1] [111/563] Fetching details for: Siyah Düz Premium Yumuşak Kumaşlı Fitted/Vücuda Ot...
[2026-01-09T09:55:00.948Z] [INFO] Fetching details for: https://www.trendyol-milla.com/trendyolmilla/siyah...
[2026-01-09T09:55:15.512Z] [INFO]    🎨 Found 12 color variants.
[2026-01-09T09:55:16.513Z] [INFO] [Page 1] [112/563] Fetching details for: Siyah Düz Premium Yumuşak Kumaşlı Fitted/Vücuda Ot...
[2026-01-09T09:55:16.586Z] [INFO] Fetching details for: https://www.trendyol-milla.com/trendyolmilla/siyah...
[2026-01-09T09:55:31.209Z] [INFO]    🎨 Found 12 color variants.
[2026-01-09T09:55:32.218Z] [INFO] [Page 1] [113/563] Fetching details for: Siyah Düz Premium Yumuşak Kumaşlı Fitted/Vücuda Ot...
[2026-01-09T09:55:32.309Z] [INFO] Fetching details for: https://www.trendyol-milla.com/trendyolmilla/siyah...
[2026-01-09T09:55:46.970Z] [INFO]    🎨 Found 12 color variants.
[2026-01-09T09:55:47.982Z] [INFO] [Page 1] [114/563] Fetching details for: Siyah Düz Premium Yumuşak Kumaşlı Fitted/Vücuda Ot...
[2026-01-09T09:55:48.061Z] [INFO] Fetching details for: https://www.trendyol-milla.com/trendyolmilla/siyah...
[2026-01-09T09:56:02.923Z] [INFO]    🎨 Found 12 color variants.
[2026-01-09T09:56:03.931Z] [INFO] [Page 1] [115/563] Fetching details for: Siyah Düz Premium Yumuşak Kumaşlı Fitted/Vücuda Ot...
[2026-01-09T09:56:04.004Z] [INFO] Fetching details for: https://www.trendyol-milla.com/trendyolmilla/siyah...
[2026-01-09T09:56:18.691Z] [INFO]    🎨 Found 12 color variants.
[2026-01-09T09:56:19.693Z] [INFO] [Page 1] [116/563] Fetching details for: Siyah Düz Premium Yumuşak Kumaşlı Fitted/Vücuda Ot...
[2026-01-09T09:56:19.772Z] [INFO] Fetching details for: https://www.trendyol-milla.com/trendyolmilla/siyah...
[2026-01-09T09:56:34.477Z] [INFO]    🎨 Found 12 color variants.
[2026-01-09T09:56:35.488Z] [INFO] [Page 1] [117/563] Fetching details for: Siyah Düz Premium Yumuşak Kumaşlı Fitted/Vücuda Ot...
[2026-01-09T09:56:35.648Z] [INFO] Fetching details for: https://www.trendyol-milla.com/trendyolmilla/siyah...
[2026-01-09T09:56:50.211Z] [INFO]    🎨 Found 12 color variants.
[2026-01-09T09:56:51.224Z] [INFO] [Page 1] [118/563] Fetching details for: Siyah Düz Premium Yumuşak Kumaşlı Fitted/Vücuda Ot...
[2026-01-09T09:56:51.307Z] [INFO] Fetching details for: https://www.trendyol-milla.com/trendyolmilla/siyah...
[2026-01-09T09:57:06.158Z] [INFO]    🎨 Found 12 color variants.
[2026-01-09T09:57:07.163Z] [INFO] [Page 1] [119/563] Fetching details for: Siyah Düz Premium Yumuşak Kumaşlı Fitted/Vücuda Ot...
[2026-01-09T09:57:07.250Z] [INFO] Fetching details for: https://www.trendyol-milla.com/trendyolmilla/siyah...
[2026-01-09T09:57:21.869Z] [INFO]    🎨 Found 12 color variants.
[2026-01-09T09:57:22.879Z] [INFO] [Page 1] [120/563] Fetching details for: Siyah Düz Premium Yumuşak Kumaşlı Fitted/Vücuda Ot...
[2026-01-09T09:57:22.948Z] [INFO] Fetching details for: https://www.trendyol-milla.com/trendyolmilla/kirmi...
[2026-01-09T09:57:37.402Z] [INFO]    🎨 Found 12 color variants.
[2026-01-09T09:57:38.408Z] [INFO] [Page 1] [121/563] Fetching details for: Siyah Düz Premium Yumuşak Kumaşlı Fitted/Vücuda Ot...
[2026-01-09T09:57:38.490Z] [INFO] Fetching details for: https://www.trendyol-milla.com/trendyolmilla/kirmi...
[2026-01-09T09:57:53.935Z] [INFO]    🎨 Found 12 color variants.
[2026-01-09T09:57:54.938Z] [INFO] [Page 1] [122/563] Fetching details for: Siyah Düz Premium Yumuşak Kumaşlı Fitted/Vücuda Ot...
[2026-01-09T09:57:55.025Z] [INFO] Fetching details for: https://www.trendyol-milla.com/trendyolmilla/kirmi...
[2026-01-09T09:58:09.284Z] [INFO]    🎨 Found 12 color variants.
[2026-01-09T09:58:10.286Z] [INFO] [Page 1] [123/563] Fetching details for: Siyah Düz Premium Yumuşak Kumaşlı Fitted/Vücuda Ot...
[2026-01-09T09:58:10.380Z] [INFO] Fetching details for: https://www.trendyol-milla.com/trendyolmilla/kirmi...
[2026-01-09T09:58:24.577Z] [INFO]    🎨 Found 12 color variants.
[2026-01-09T09:58:25.591Z] [INFO] [Page 1] [124/563] Fetching details for: Siyah Düz Premium Yumuşak Kumaşlı Fitted/Vücuda Ot...
[2026-01-09T09:58:25.676Z] [INFO] Fetching details for: https://www.trendyol-milla.com/trendyolmilla/kirmi...
[2026-01-09T09:58:39.829Z] [INFO]    🎨 Found 12 color variants.
[2026-01-09T09:58:40.841Z] [INFO] [Page 1] [125/563] Fetching details for: Siyah Düz Premium Yumuşak Kumaşlı Fitted/Vücuda Ot...
[2026-01-09T09:58:40.930Z] [INFO] Fetching details for: https://www.trendyol-milla.com/trendyolmilla/kirmi...
[2026-01-09T09:58:55.030Z] [INFO]    🎨 Found 12 color variants.
[2026-01-09T09:58:56.041Z] [INFO] [Page 1] [126/563] Fetching details for: Siyah Düz Premium Yumuşak Kumaşlı Fitted/Vücuda Ot...
[2026-01-09T09:58:56.129Z] [INFO] Fetching details for: https://www.trendyol-milla.com/trendyolmilla/kirmi...
[2026-01-09T09:59:10.388Z] [INFO]    🎨 Found 12 color variants.
[2026-01-09T09:59:11.392Z] [INFO] [Page 1] [127/563] Fetching details for: Siyah Düz Premium Yumuşak Kumaşlı Fitted/Vücuda Ot...
[2026-01-09T09:59:11.482Z] [INFO] Fetching details for: https://www.trendyol-milla.com/trendyolmilla/kirmi...
[2026-01-09T09:59:25.712Z] [INFO]    🎨 Found 12 color variants.
[2026-01-09T09:59:26.728Z] [INFO] [Page 1] [128/563] Fetching details for: Siyah Düz Premium Yumuşak Kumaşlı Fitted/Vücuda Ot...
[2026-01-09T09:59:26.808Z] [INFO] Fetching details for: https://www.trendyol-milla.com/trendyolmilla/kirmi...
[2026-01-09T09:59:40.926Z] [INFO]    🎨 Found 12 color variants.
[2026-01-09T09:59:41.937Z] [INFO] [Page 1] [129/563] Fetching details for: Siyah Düz Premium Yumuşak Kumaşlı Fitted/Vücuda Ot...
[2026-01-09T09:59:42.019Z] [INFO] Fetching details for: https://www.trendyol-milla.com/trendyolmilla/kirmi...
[2026-01-09T09:59:56.326Z] [INFO]    🎨 Found 12 color variants.
[2026-01-09T09:59:57.334Z] [INFO] [Page 1] [130/563] Fetching details for: Siyah Düz Premium Yumuşak Kumaşlı Fitted/Vücuda Ot...
[2026-01-09T09:59:57.426Z] [INFO] Fetching details for: https://www.trendyol-milla.com/trendyolmilla/kirmi...
[2026-01-09T10:00:12.166Z] [INFO]    🎨 Found 12 color variants.
[2026-01-09T10:00:13.169Z] [INFO] [Page 1] [131/563] Fetching details for: Siyah Düz Premium Yumuşak Kumaşlı Fitted/Vücuda Ot...
[2026-01-09T10:00:13.257Z] [INFO] Fetching details for: https://www.trendyol-milla.com/trendyolmilla/kirmi...
[2026-01-09T10:00:27.537Z] [INFO]    🎨 Found 12 color variants.
[2026-01-09T10:00:28.542Z] [INFO] [Page 1] [132/563] Fetching details for: Siyah Düz Premium Yumuşak Kumaşlı Fitted/Vücuda Ot...
[2026-01-09T10:00:28.706Z] [INFO] Fetching details for: https://www.trendyol-milla.com/trendyolmilla/ekru-...
[2026-01-09T10:00:43.145Z] [INFO]    🎨 Found 12 color variants.
[2026-01-09T10:00:44.161Z] [INFO] [Page 1] [133/563] Fetching details for: Siyah Düz Premium Yumuşak Kumaşlı Fitted/Vücuda Ot...
[2026-01-09T10:00:44.250Z] [INFO] Fetching details for: https://www.trendyol-milla.com/trendyolmilla/ekru-...
[2026-01-09T10:00:58.632Z] [INFO]    🎨 Found 12 color variants.
[2026-01-09T10:00:59.649Z] [INFO] [Page 1] [134/563] Fetching details for: Siyah Düz Premium Yumuşak Kumaşlı Fitted/Vücuda Ot...
[2026-01-09T10:00:59.740Z] [INFO] Fetching details for: https://www.trendyol-milla.com/trendyolmilla/ekru-...
[2026-01-09T10:01:13.839Z] [INFO]    🎨 Found 12 color variants.
[2026-01-09T10:01:14.850Z] [INFO] [Page 1] [135/563] Fetching details for: Siyah Düz Premium Yumuşak Kumaşlı Fitted/Vücuda Ot...
[2026-01-09T10:01:14.943Z] [INFO] Fetching details for: https://www.trendyol-milla.com/trendyolmilla/ekru-...
[2026-01-09T10:01:28.988Z] [INFO]    🎨 Found 12 color variants.
[2026-01-09T10:01:29.993Z] [INFO] [Page 1] [136/563] Fetching details for: Siyah Düz Premium Yumuşak Kumaşlı Fitted/Vücuda Ot...
[2026-01-09T10:01:30.084Z] [INFO] Fetching details for: https://www.trendyol-milla.com/trendyolmilla/ekru-...
[2026-01-09T10:01:44.588Z] [INFO]    🎨 Found 12 color variants.
[2026-01-09T10:01:45.610Z] [INFO] [Page 1] [137/563] Fetching details for: Siyah Düz Premium Yumuşak Kumaşlı Fitted/Vücuda Ot...
[2026-01-09T10:01:45.698Z] [INFO] Fetching details for: https://www.trendyol-milla.com/trendyolmilla/ekru-...
[2026-01-09T10:02:00.116Z] [INFO]    🎨 Found 12 color variants.
[2026-01-09T10:02:01.122Z] [INFO] [Page 1] [138/563] Fetching details for: Siyah Düz Premium Yumuşak Kumaşlı Fitted/Vücuda Ot...
[2026-01-09T10:02:01.280Z] [INFO] Fetching details for: https://www.trendyol-milla.com/trendyolmilla/ekru-...
[2026-01-09T10:02:15.594Z] [INFO]    🎨 Found 12 color variants.
[2026-01-09T10:02:16.606Z] [INFO] [Page 1] [139/563] Fetching details for: Siyah Düz Premium Yumuşak Kumaşlı Fitted/Vücuda Ot...
[2026-01-09T10:02:16.683Z] [INFO] Fetching details for: https://www.trendyol-milla.com/trendyolmilla/ekru-...
[2026-01-09T10:02:31.357Z] [INFO]    🎨 Found 12 color variants.
[2026-01-09T10:02:32.365Z] [INFO] [Page 1] [140/563] Fetching details for: Siyah Düz Premium Yumuşak Kumaşlı Fitted/Vücuda Ot...
[2026-01-09T10:02:32.453Z] [INFO] Fetching details for: https://www.trendyol-milla.com/trendyolmilla/ekru-...
[2026-01-09T10:02:46.510Z] [INFO]    🎨 Found 12 color variants.
[2026-01-09T10:02:47.524Z] [INFO] [Page 1] [141/563] Fetching details for: Siyah Düz Premium Yumuşak Kumaşlı Fitted/Vücuda Ot...
[2026-01-09T10:02:47.613Z] [INFO] Fetching details for: https://www.trendyol-milla.com/trendyolmilla/ekru-...
[2026-01-09T10:03:01.976Z] [INFO]    🎨 Found 12 color variants.
[2026-01-09T10:03:02.987Z] [INFO] [Page 1] [142/563] Fetching details for: Siyah Düz Premium Yumuşak Kumaşlı Fitted/Vücuda Ot...
[2026-01-09T10:03:03.074Z] [INFO] Fetching details for: https://www.trendyol-milla.com/trendyolmilla/ekru-...
[2026-01-09T10:03:17.137Z] [INFO]    🎨 Found 12 color variants.
[2026-01-09T10:03:18.146Z] [INFO] [Page 1] [143/563] Fetching details for: Siyah Düz Premium Yumuşak Kumaşlı Fitted/Vücuda Ot...
[2026-01-09T10:03:18.215Z] [INFO] Fetching details for: https://www.trendyol-milla.com/trendyolmilla/ekru-...
[2026-01-09T10:03:33.795Z] [INFO]    🎨 Found 12 color variants.
[2026-01-09T10:03:34.808Z] [INFO] [Page 1] [144/563] Fetching details for: Siyah Düz Premium Yumuşak Kumaşlı Fitted/Vücuda Ot...
[2026-01-09T10:03:34.893Z] [INFO] Fetching details for: https://www.trendyol-milla.com/trendyolmilla/haki-...
[2026-01-09T10:03:49.827Z] [INFO]    🎨 Found 12 color variants.
[2026-01-09T10:03:50.837Z] [INFO] [Page 1] [145/563] Fetching details for: Siyah Düz Premium Yumuşak Kumaşlı Fitted/Vücuda Ot...
[2026-01-09T10:03:50.918Z] [INFO] Fetching details for: https://www.trendyol-milla.com/trendyolmilla/haki-...
[2026-01-09T10:04:05.394Z] [INFO]    🎨 Found 12 color variants.
[2026-01-09T10:04:06.397Z] [INFO] [Page 1] [146/563] Fetching details for: Siyah Düz Premium Yumuşak Kumaşlı Fitted/Vücuda Ot...
[2026-01-09T10:04:06.483Z] [INFO] Fetching details for: https://www.trendyol-milla.com/trendyolmilla/haki-...
[2026-01-09T10:04:21.855Z] [INFO]    🎨 Found 12 color variants.
[2026-01-09T10:04:22.868Z] [INFO] [Page 1] [147/563] Fetching details for: Siyah Düz Premium Yumuşak Kumaşlı Fitted/Vücuda Ot...
[2026-01-09T10:04:22.937Z] [INFO] Fetching details for: https://www.trendyol-milla.com/trendyolmilla/haki-...
[2026-01-09T10:04:38.320Z] [INFO]    🎨 Found 12 color variants.
[2026-01-09T10:04:39.324Z] [INFO] [Page 1] [148/563] Fetching details for: Siyah Düz Premium Yumuşak Kumaşlı Fitted/Vücuda Ot...
[2026-01-09T10:04:39.384Z] [INFO] Fetching details for: https://www.trendyol-milla.com/trendyolmilla/haki-...
[2026-01-09T10:04:53.679Z] [INFO]    🎨 Found 12 color variants.
[2026-01-09T10:04:54.690Z] [INFO] [Page 1] [149/563] Fetching details for: Siyah Düz Premium Yumuşak Kumaşlı Fitted/Vücuda Ot...
[2026-01-09T10:04:54.763Z] [INFO] Fetching details for: https://www.trendyol-milla.com/trendyolmilla/haki-...
[2026-01-09T10:05:09.115Z] [INFO]    🎨 Found 12 color variants.
[2026-01-09T10:05:10.119Z] [INFO] [Page 1] [150/563] Fetching details for: Siyah Düz Premium Yumuşak Kumaşlı Fitted/Vücuda Ot...
[2026-01-09T10:05:10.188Z] [INFO] Fetching details for: https://www.trendyol-milla.com/trendyolmilla/haki-...
[2026-01-09T10:05:24.187Z] [INFO]    🎨 Found 12 color variants.
[2026-01-09T10:05:25.199Z] [INFO] [Page 1] [151/563] Fetching details for: Siyah Düz Premium Yumuşak Kumaşlı Fitted/Vücuda Ot...
[2026-01-09T10:05:25.271Z] [INFO] Fetching details for: https://www.trendyol-milla.com/trendyolmilla/haki-...
[2026-01-09T10:05:39.765Z] [INFO]    🎨 Found 12 color variants.
[2026-01-09T10:05:40.769Z] [INFO] [Page 1] [152/563] Fetching details for: Siyah Düz Premium Yumuşak Kumaşlı Fitted/Vücuda Ot...
[2026-01-09T10:05:40.843Z] [INFO] Fetching details for: https://www.trendyol-milla.com/trendyolmilla/haki-...
[2026-01-09T10:05:56.165Z] [INFO]    🎨 Found 12 color variants.
[2026-01-09T10:05:57.170Z] [INFO] [Page 1] [153/563] Fetching details for: Siyah Düz Premium Yumuşak Kumaşlı Fitted/Vücuda Ot...
[2026-01-09T10:05:57.244Z] [INFO] Fetching details for: https://www.trendyol-milla.com/trendyolmilla/haki-...
[2026-01-09T10:06:11.768Z] [INFO]    🎨 Found 12 color variants.
[2026-01-09T10:06:12.779Z] [INFO] [Page 1] [154/563] Fetching details for: Siyah Düz Premium Yumuşak Kumaşlı Fitted/Vücuda Ot...
[2026-01-09T10:06:12.842Z] [INFO] Fetching details for: https://www.trendyol-milla.com/trendyolmilla/haki-...
[2026-01-09T10:06:26.934Z] [INFO]    🎨 Found 12 color variants.
[2026-01-09T10:06:27.952Z] [INFO] [Page 1] [155/563] Fetching details for: Siyah Düz Premium Yumuşak Kumaşlı Fitted/Vücuda Ot...
[2026-01-09T10:06:28.016Z] [INFO] Fetching details for: https://www.trendyol-milla.com/trendyolmilla/haki-...
[2026-01-09T10:06:44.419Z] [INFO]    🎨 Found 12 color variants.
[2026-01-09T10:06:45.422Z] [INFO] [Page 1] [156/563] Fetching details for: Siyah Düz Premium Yumuşak Kumaşlı Fitted/Vücuda Ot...
[2026-01-09T10:06:45.496Z] [INFO] Fetching details for: https://www.trendyol-milla.com/trendyolmilla/laciv...
[2026-01-09T10:06:59.812Z] [INFO]    🎨 Found 12 color variants.
[2026-01-09T10:07:00.820Z] [INFO] [Page 1] [157/563] Fetching details for: Siyah Düz Premium Yumuşak Kumaşlı Fitted/Vücuda Ot...
[2026-01-09T10:07:00.889Z] [INFO] Fetching details for: https://www.trendyol-milla.com/trendyolmilla/laciv...
[2026-01-09T10:07:15.456Z] [INFO]    🎨 Found 12 color variants.
[2026-01-09T10:07:16.467Z] [INFO] [Page 1] [158/563] Fetching details for: Siyah Düz Premium Yumuşak Kumaşlı Fitted/Vücuda Ot...
[2026-01-09T10:07:16.526Z] [INFO] Fetching details for: https://www.trendyol-milla.com/trendyolmilla/laciv...
[2026-01-09T10:07:32.351Z] [INFO]    🎨 Found 12 color variants.
[2026-01-09T10:07:33.361Z] [INFO] [Page 1] [159/563] Fetching details for: Siyah Düz Premium Yumuşak Kumaşlı Fitted/Vücuda Ot...
[2026-01-09T10:07:33.431Z] [INFO] Fetching details for: https://www.trendyol-milla.com/trendyolmilla/laciv...
[2026-01-09T10:07:49.475Z] [INFO]    🎨 Found 12 color variants.
[2026-01-09T10:07:50.478Z] [INFO] [Page 1] [160/563] Fetching details for: Siyah Düz Premium Yumuşak Kumaşlı Fitted/Vücuda Ot...
[2026-01-09T10:07:50.547Z] [INFO] Fetching details for: https://www.trendyol-milla.com/trendyolmilla/laciv...
[2026-01-09T10:08:04.675Z] [INFO]    🎨 Found 12 color variants.
[2026-01-09T10:08:05.687Z] [INFO] [Page 1] [161/563] Fetching details for: Siyah Düz Premium Yumuşak Kumaşlı Fitted/Vücuda Ot...
[2026-01-09T10:08:05.754Z] [INFO] Fetching details for: https://www.trendyol-milla.com/trendyolmilla/laciv...
[2026-01-09T10:08:20.825Z] [INFO]    🎨 Found 12 color variants.
[2026-01-09T10:08:21.843Z] [INFO] [Page 1] [162/563] Fetching details for: Siyah Düz Premium Yumuşak Kumaşlı Fitted/Vücuda Ot...
[2026-01-09T10:08:21.917Z] [INFO] Fetching details for: https://www.trendyol-milla.com/trendyolmilla/laciv...
[2026-01-09T10:08:36.470Z] [INFO]    🎨 Found 12 color variants.
[2026-01-09T10:08:37.476Z] [INFO] [Page 1] [163/563] Fetching details for: Siyah Düz Premium Yumuşak Kumaşlı Fitted/Vücuda Ot...
[2026-01-09T10:08:37.540Z] [INFO] Fetching details for: https://www.trendyol-milla.com/trendyolmilla/laciv...
[2026-01-09T10:08:53.909Z] [INFO]    🎨 Found 12 color variants.
[2026-01-09T10:08:54.922Z] [INFO] [Page 1] [164/563] Fetching details for: Siyah Düz Premium Yumuşak Kumaşlı Fitted/Vücuda Ot...
[2026-01-09T10:08:54.992Z] [INFO] Fetching details for: https://www.trendyol-milla.com/trendyolmilla/laciv...
[2026-01-09T10:09:10.114Z] [INFO]    🎨 Found 12 color variants.
[2026-01-09T10:09:11.117Z] [INFO] [Page 1] [165/563] Fetching details for: Siyah Düz Premium Yumuşak Kumaşlı Fitted/Vücuda Ot...
[2026-01-09T10:09:11.191Z] [INFO] Fetching details for: https://www.trendyol-milla.com/trendyolmilla/laciv...
[2026-01-09T10:09:25.859Z] [INFO]    🎨 Found 12 color variants.
[2026-01-09T10:09:26.873Z] [INFO] [Page 1] [166/563] Fetching details for: Siyah Düz Premium Yumuşak Kumaşlı Fitted/Vücuda Ot...
[2026-01-09T10:09:26.956Z] [INFO] Fetching details for: https://www.trendyol-milla.com/trendyolmilla/laciv...
[2026-01-09T10:09:41.715Z] [INFO]    🎨 Found 12 color variants.
[2026-01-09T10:09:42.720Z] [INFO] [Page 1] [167/563] Fetching details for: Siyah Düz Premium Yumuşak Kumaşlı Fitted/Vücuda Ot...
[2026-01-09T10:09:42.796Z] [INFO] Fetching details for: https://www.trendyol-milla.com/trendyolmilla/laciv...
[2026-01-09T10:09:58.336Z] [INFO]    🎨 Found 12 color variants.
[2026-01-09T10:09:59.341Z] [INFO] [Page 1] [168/563] Fetching details for: Siyah Düz Premium Yumuşak Kumaşlı Fitted/Vücuda Ot...
[2026-01-09T10:09:59.421Z] [INFO] Fetching details for: https://www.trendyol-milla.com/trendyolmilla/tas-0...
[2026-01-09T10:10:13.919Z] [INFO]    🎨 Found 12 color variants.
[2026-01-09T10:10:14.935Z] [INFO] [Page 1] [169/563] Fetching details for: Siyah Düz Premium Yumuşak Kumaşlı Fitted/Vücuda Ot...
[2026-01-09T10:10:15.021Z] [INFO] Fetching details for: https://www.trendyol-milla.com/trendyolmilla/tas-0...
[2026-01-09T10:10:29.508Z] [INFO]    🎨 Found 12 color variants.
[2026-01-09T10:10:30.523Z] [INFO] [Page 1] [170/563] Fetching details for: Siyah Düz Premium Yumuşak Kumaşlı Fitted/Vücuda Ot...
[2026-01-09T10:10:30.600Z] [INFO] Fetching details for: https://www.trendyol-milla.com/trendyolmilla/tas-0...
[2026-01-09T10:10:45.831Z] [INFO]    🎨 Found 12 color variants.
[2026-01-09T10:10:46.833Z] [INFO] [Page 1] [171/563] Fetching details for: Siyah Düz Premium Yumuşak Kumaşlı Fitted/Vücuda Ot...
[2026-01-09T10:10:46.917Z] [INFO] Fetching details for: https://www.trendyol-milla.com/trendyolmilla/tas-0...
[2026-01-09T10:11:01.782Z] [INFO]    🎨 Found 12 color variants.
[2026-01-09T10:11:02.785Z] [INFO] [Page 1] [172/563] Fetching details for: Siyah Düz Premium Yumuşak Kumaşlı Fitted/Vücuda Ot...
[2026-01-09T10:11:02.926Z] [INFO] Fetching details for: https://www.trendyol-milla.com/trendyolmilla/tas-0...
[2026-01-09T10:11:18.915Z] [INFO]    🎨 Found 12 color variants.
[2026-01-09T10:11:19.930Z] [INFO] [Page 1] [173/563] Fetching details for: Siyah Düz Premium Yumuşak Kumaşlı Fitted/Vücuda Ot...
[2026-01-09T10:11:20.013Z] [INFO] Fetching details for: https://www.trendyol-milla.com/trendyolmilla/tas-0...
[2026-01-09T10:11:34.398Z] [INFO]    🎨 Found 12 color variants.
[2026-01-09T10:11:35.404Z] [INFO] [Page 1] [174/563] Fetching details for: Siyah Düz Premium Yumuşak Kumaşlı Fitted/Vücuda Ot...
[2026-01-09T10:11:35.491Z] [INFO] Fetching details for: https://www.trendyol-milla.com/trendyolmilla/tas-0...
[2026-01-09T10:11:50.850Z] [INFO]    🎨 Found 12 color variants.
[2026-01-09T10:11:51.859Z] [INFO] [Page 1] [175/563] Fetching details for: Siyah Düz Premium Yumuşak Kumaşlı Fitted/Vücuda Ot...
[2026-01-09T10:11:51.944Z] [INFO] Fetching details for: https://www.trendyol-milla.com/trendyolmilla/tas-0...
[2026-01-09T10:12:06.238Z] [INFO]    🎨 Found 12 color variants.
[2026-01-09T10:12:07.240Z] [INFO] [Page 1] [176/563] Fetching details for: Siyah Düz Premium Yumuşak Kumaşlı Fitted/Vücuda Ot...
[2026-01-09T10:12:07.320Z] [INFO] Fetching details for: https://www.trendyol-milla.com/trendyolmilla/tas-0...
[2026-01-09T10:12:21.402Z] [INFO]    🎨 Found 12 color variants.
[2026-01-09T10:12:22.405Z] [INFO] [Page 1] [177/563] Fetching details for: Siyah Düz Premium Yumuşak Kumaşlı Fitted/Vücuda Ot...
[2026-01-09T10:12:22.493Z] [INFO] Fetching details for: https://www.trendyol-milla.com/trendyolmilla/tas-0...
[2026-01-09T10:12:36.698Z] [INFO]    🎨 Found 12 color variants.
[2026-01-09T10:12:37.713Z] [INFO] [Page 1] [178/563] Fetching details for: Siyah Düz Premium Yumuşak Kumaşlı Fitted/Vücuda Ot...
[2026-01-09T10:12:37.798Z] [INFO] Fetching details for: https://www.trendyol-milla.com/trendyolmilla/tas-0...
[2026-01-09T10:12:51.858Z] [INFO]    🎨 Found 12 color variants.
[2026-01-09T10:12:52.873Z] [INFO] [Page 1] [179/563] Fetching details for: Siyah Düz Premium Yumuşak Kumaşlı Fitted/Vücuda Ot...
[2026-01-09T10:12:52.954Z] [INFO] Fetching details for: https://www.trendyol-milla.com/trendyolmilla/tas-0...
[2026-01-09T10:13:07.126Z] [INFO]    🎨 Found 12 color variants.
[2026-01-09T10:13:08.130Z] [INFO] [Page 1] [180/563] Fetching details for: Siyah Düz Premium Yumuşak Kumaşlı Fitted/Vücuda Ot...
[2026-01-09T10:13:08.221Z] [INFO] Fetching details for: https://www.trendyol-milla.com/trendyolmilla/gul-k...
[2026-01-09T10:13:22.465Z] [INFO]    🎨 Found 12 color variants.
[2026-01-09T10:13:23.480Z] [INFO] [Page 1] [181/563] Fetching details for: Siyah Düz Premium Yumuşak Kumaşlı Fitted/Vücuda Ot...
[2026-01-09T10:13:23.567Z] [INFO] Fetching details for: https://www.trendyol-milla.com/trendyolmilla/gul-k...
[2026-01-09T10:13:38.094Z] [INFO]    🎨 Found 12 color variants.
[2026-01-09T10:13:39.098Z] [INFO] [Page 1] [182/563] Fetching details for: Siyah Düz Premium Yumuşak Kumaşlı Fitted/Vücuda Ot...
[2026-01-09T10:13:39.181Z] [INFO] Fetching details for: https://www.trendyol-milla.com/trendyolmilla/gul-k...
[2026-01-09T10:13:53.911Z] [INFO]    🎨 Found 12 color variants.
[2026-01-09T10:13:54.917Z] [INFO] [Page 1] [183/563] Fetching details for: Siyah Düz Premium Yumuşak Kumaşlı Fitted/Vücuda Ot...
[2026-01-09T10:13:55.000Z] [INFO] Fetching details for: https://www.trendyol-milla.com/trendyolmilla/gul-k...
[2026-01-09T10:14:09.276Z] [INFO]    🎨 Found 12 color variants.
[2026-01-09T10:14:10.291Z] [INFO] [Page 1] [184/563] Fetching details for: Siyah Düz Premium Yumuşak Kumaşlı Fitted/Vücuda Ot...
[2026-01-09T10:14:10.381Z] [INFO] Fetching details for: https://www.trendyol-milla.com/trendyolmilla/gul-k...
[2026-01-09T10:14:25.314Z] [INFO]    🎨 Found 12 color variants.
[2026-01-09T10:14:26.332Z] [INFO] [Page 1] [185/563] Fetching details for: Siyah Düz Premium Yumuşak Kumaşlı Fitted/Vücuda Ot...
[2026-01-09T10:14:26.399Z] [INFO] Fetching details for: https://www.trendyol-milla.com/trendyolmilla/gul-k...
[2026-01-09T10:14:41.090Z] [INFO]    🎨 Found 12 color variants.
[2026-01-09T10:14:42.094Z] [INFO] [Page 1] [186/563] Fetching details for: Siyah Düz Premium Yumuşak Kumaşlı Fitted/Vücuda Ot...
[2026-01-09T10:14:42.180Z] [INFO] Fetching details for: https://www.trendyol-milla.com/trendyolmilla/gul-k...
[2026-01-09T10:14:56.656Z] [INFO]    🎨 Found 12 color variants.
[2026-01-09T10:14:57.663Z] [INFO] [Page 1] [187/563] Fetching details for: Siyah Düz Premium Yumuşak Kumaşlı Fitted/Vücuda Ot...
[2026-01-09T10:14:57.757Z] [INFO] Fetching details for: https://www.trendyol-milla.com/trendyolmilla/gul-k...
[2026-01-09T10:15:12.305Z] [INFO]    🎨 Found 12 color variants.
[2026-01-09T10:15:13.311Z] [INFO] [Page 1] [188/563] Fetching details for: Siyah Düz Premium Yumuşak Kumaşlı Fitted/Vücuda Ot...
[2026-01-09T10:15:13.403Z] [INFO] Fetching details for: https://www.trendyol-milla.com/trendyolmilla/gul-k...
[2026-01-09T10:15:27.937Z] [INFO]    🎨 Found 12 color variants.
[2026-01-09T10:15:28.952Z] [INFO] [Page 1] [189/563] Fetching details for: Siyah Düz Premium Yumuşak Kumaşlı Fitted/Vücuda Ot...
[2026-01-09T10:15:29.046Z] [INFO] Fetching details for: https://www.trendyol-milla.com/trendyolmilla/gul-k...
[2026-01-09T10:15:43.202Z] [INFO]    🎨 Found 12 color variants.
[2026-01-09T10:15:44.217Z] [INFO] [Page 1] [190/563] Fetching details for: Siyah Düz Premium Yumuşak Kumaşlı Fitted/Vücuda Ot...
[2026-01-09T10:15:44.304Z] [INFO] Fetching details for: https://www.trendyol-milla.com/trendyolmilla/gul-k...
[2026-01-09T10:15:58.799Z] [INFO]    🎨 Found 12 color variants.
[2026-01-09T10:15:59.812Z] [INFO] [Page 1] [191/563] Fetching details for: Siyah Düz Premium Yumuşak Kumaşlı Fitted/Vücuda Ot...
[2026-01-09T10:15:59.904Z] [INFO] Fetching details for: https://www.trendyol-milla.com/trendyolmilla/gul-k...
[2026-01-09T10:16:14.278Z] [INFO]    🎨 Found 12 color variants.
[2026-01-09T10:16:15.285Z] [INFO] [Page 1] [192/563] Fetching details for: Siyah Düz Premium Yumuşak Kumaşlı Fitted/Vücuda Ot...
[2026-01-09T10:16:15.389Z] [INFO] Fetching details for: https://www.trendyol-milla.com/trendyolmilla/kahve...
[2026-01-09T10:16:29.651Z] [INFO]    🎨 Found 12 color variants.
[2026-01-09T10:16:30.654Z] [INFO] [Page 1] [193/563] Fetching details for: Siyah Düz Premium Yumuşak Kumaşlı Fitted/Vücuda Ot...
[2026-01-09T10:16:30.739Z] [INFO] Fetching details for: https://www.trendyol-milla.com/trendyolmilla/kahve...
[2026-01-09T10:16:45.179Z] [INFO]    🎨 Found 12 color variants.
[2026-01-09T10:16:46.187Z] [INFO] [Page 1] [194/563] Fetching details for: Siyah Düz Premium Yumuşak Kumaşlı Fitted/Vücuda Ot...
[2026-01-09T10:16:46.269Z] [INFO] Fetching details for: https://www.trendyol-milla.com/trendyolmilla/kahve...
[2026-01-09T10:17:00.546Z] [INFO]    🎨 Found 12 color variants.
[2026-01-09T10:17:01.552Z] [INFO] [Page 1] [195/563] Fetching details for: Siyah Düz Premium Yumuşak Kumaşlı Fitted/Vücuda Ot...
[2026-01-09T10:17:01.637Z] [INFO] Fetching details for: https://www.trendyol-milla.com/trendyolmilla/kahve...
[2026-01-09T10:17:16.387Z] [INFO]    🎨 Found 12 color variants.
[2026-01-09T10:17:17.390Z] [INFO] [Page 1] [196/563] Fetching details for: Siyah Düz Premium Yumuşak Kumaşlı Fitted/Vücuda Ot...
[2026-01-09T10:17:17.475Z] [INFO] Fetching details for: https://www.trendyol-milla.com/trendyolmilla/kahve...
[2026-01-09T10:17:31.720Z] [INFO]    🎨 Found 12 color variants.
[2026-01-09T10:17:32.732Z] [INFO] [Page 1] [197/563] Fetching details for: Siyah Düz Premium Yumuşak Kumaşlı Fitted/Vücuda Ot...
[2026-01-09T10:17:32.817Z] [INFO] Fetching details for: https://www.trendyol-milla.com/trendyolmilla/kahve...
[2026-01-09T10:17:47.792Z] [INFO]    🎨 Found 12 color variants.
[2026-01-09T10:17:48.801Z] [INFO] [Page 1] [198/563] Fetching details for: Siyah Düz Premium Yumuşak Kumaşlı Fitted/Vücuda Ot...
[2026-01-09T10:17:48.881Z] [INFO] Fetching details for: https://www.trendyol-milla.com/trendyolmilla/kahve...
[2026-01-09T10:18:03.975Z] [INFO]    🎨 Found 12 color variants.
[2026-01-09T10:18:04.979Z] [INFO] [Page 1] [199/563] Fetching details for: Siyah Düz Premium Yumuşak Kumaşlı Fitted/Vücuda Ot...
[2026-01-09T10:18:05.068Z] [INFO] Fetching details for: https://www.trendyol-milla.com/trendyolmilla/kahve...
[2026-01-09T10:18:19.391Z] [INFO]    🎨 Found 12 color variants.
[2026-01-09T10:18:20.405Z] [INFO] [Page 1] [200/563] Fetching details for: Siyah Düz Premium Yumuşak Kumaşlı Fitted/Vücuda Ot...
[2026-01-09T10:18:20.492Z] [INFO] Fetching details for: https://www.trendyol-milla.com/trendyolmilla/kahve...
[2026-01-09T10:18:34.630Z] [INFO]    🎨 Found 12 color variants.
[2026-01-09T10:18:35.635Z] [INFO] [Page 1] [201/563] Fetching details for: Siyah Düz Premium Yumuşak Kumaşlı Fitted/Vücuda Ot...
[2026-01-09T10:18:35.725Z] [INFO] Fetching details for: https://www.trendyol-milla.com/trendyolmilla/kahve...
[2026-01-09T10:18:49.808Z] [INFO]    🎨 Found 12 color variants.
[2026-01-09T10:18:50.812Z] [INFO] [Page 1] [202/563] Fetching details for: Siyah Düz Premium Yumuşak Kumaşlı Fitted/Vücuda Ot...
[2026-01-09T10:18:50.897Z] [INFO] Fetching details for: https://www.trendyol-milla.com/trendyolmilla/kahve...
[2026-01-09T10:19:05.307Z] [INFO]    🎨 Found 12 color variants.
[2026-01-09T10:19:06.311Z] [INFO] [Page 1] [203/563] Fetching details for: Siyah Düz Premium Yumuşak Kumaşlı Fitted/Vücuda Ot...
[2026-01-09T10:19:06.397Z] [INFO] Fetching details for: https://www.trendyol-milla.com/trendyolmilla/kahve...
[2026-01-09T10:19:20.475Z] [INFO]    🎨 Found 12 color variants.
[2026-01-09T10:19:21.478Z] [INFO] [Page 1] [204/563] Fetching details for: Siyah Düz Premium Yumuşak Kumaşlı Fitted/Vücuda Ot...
[2026-01-09T10:19:21.642Z] [INFO] Fetching details for: https://www.trendyol-milla.com/trendyolmilla/acik-...
[2026-01-09T10:19:38.493Z] [INFO]    🎨 Found 12 color variants.
[2026-01-09T10:19:39.510Z] [INFO] [Page 1] [205/563] Fetching details for: Siyah Düz Premium Yumuşak Kumaşlı Fitted/Vücuda Ot...
[2026-01-09T10:19:39.598Z] [INFO] Fetching details for: https://www.trendyol-milla.com/trendyolmilla/acik-...
[2026-01-09T10:19:53.719Z] [INFO]    🎨 Found 12 color variants.
[2026-01-09T10:19:54.722Z] [INFO] [Page 1] [206/563] Fetching details for: Siyah Düz Premium Yumuşak Kumaşlı Fitted/Vücuda Ot...
[2026-01-09T10:19:54.812Z] [INFO] Fetching details for: https://www.trendyol-milla.com/trendyolmilla/acik-...
[2026-01-09T10:20:08.884Z] [INFO]    🎨 Found 12 color variants.
[2026-01-09T10:20:09.891Z] [INFO] [Page 1] [207/563] Fetching details for: Siyah Düz Premium Yumuşak Kumaşlı Fitted/Vücuda Ot...
[2026-01-09T10:20:09.977Z] [INFO] Fetching details for: https://www.trendyol-milla.com/trendyolmilla/acik-...
[2026-01-09T10:20:24.186Z] [INFO]    🎨 Found 12 color variants.
[2026-01-09T10:20:25.202Z] [INFO] [Page 1] [208/563] Fetching details for: Siyah Düz Premium Yumuşak Kumaşlı Fitted/Vücuda Ot...
[2026-01-09T10:20:25.285Z] [INFO] Fetching details for: https://www.trendyol-milla.com/trendyolmilla/acik-...
[2026-01-09T10:20:39.467Z] [INFO]    🎨 Found 12 color variants.
[2026-01-09T10:20:40.476Z] [INFO] [Page 1] [209/563] Fetching details for: Siyah Düz Premium Yumuşak Kumaşlı Fitted/Vücuda Ot...
[2026-01-09T10:20:40.556Z] [INFO] Fetching details for: https://www.trendyol-milla.com/trendyolmilla/acik-...
[2026-01-09T10:20:54.682Z] [INFO]    🎨 Found 12 color variants.
[2026-01-09T10:20:55.685Z] [INFO] [Page 1] [210/563] Fetching details for: Siyah Düz Premium Yumuşak Kumaşlı Fitted/Vücuda Ot...
[2026-01-09T10:20:55.767Z] [INFO] Fetching details for: https://www.trendyol-milla.com/trendyolmilla/acik-...
[2026-01-09T10:21:10.022Z] [INFO]    🎨 Found 12 color variants.
[2026-01-09T10:21:11.026Z] [INFO] [Page 1] [211/563] Fetching details for: Siyah Düz Premium Yumuşak Kumaşlı Fitted/Vücuda Ot...
[2026-01-09T10:21:11.188Z] [INFO] Fetching details for: https://www.trendyol-milla.com/trendyolmilla/acik-...
[2026-01-09T10:21:25.342Z] [INFO]    🎨 Found 12 color variants.
[2026-01-09T10:21:26.344Z] [INFO] [Page 1] [212/563] Fetching details for: Siyah Düz Premium Yumuşak Kumaşlı Fitted/Vücuda Ot...
[2026-01-09T10:21:26.430Z] [INFO] Fetching details for: https://www.trendyol-milla.com/trendyolmilla/acik-...
[2026-01-09T10:21:40.702Z] [INFO]    🎨 Found 12 color variants.
[2026-01-09T10:21:41.706Z] [INFO] [Page 1] [213/563] Fetching details for: Siyah Düz Premium Yumuşak Kumaşlı Fitted/Vücuda Ot...
[2026-01-09T10:21:41.788Z] [INFO] Fetching details for: https://www.trendyol-milla.com/trendyolmilla/acik-...
[2026-01-09T10:21:56.470Z] [INFO]    🎨 Found 12 color variants.
[2026-01-09T10:21:57.479Z] [INFO] [Page 1] [214/563] Fetching details for: Siyah Düz Premium Yumuşak Kumaşlı Fitted/Vücuda Ot...
[2026-01-09T10:21:57.570Z] [INFO] Fetching details for: https://www.trendyol-milla.com/trendyolmilla/acik-...
[2026-01-09T10:22:11.423Z] [INFO]    🎨 Found 12 color variants.
[2026-01-09T10:22:12.430Z] [INFO] [Page 1] [215/563] Fetching details for: Siyah Düz Premium Yumuşak Kumaşlı Fitted/Vücuda Ot...
[2026-01-09T10:22:12.503Z] [INFO] Fetching details for: https://www.trendyol-milla.com/trendyolmilla/acik-...
[2026-01-09T10:22:26.455Z] [INFO]    🎨 Found 12 color variants.
[2026-01-09T10:22:27.457Z] [INFO] [Page 1] [216/563] Fetching details for: Siyah Düz Premium Yumuşak Kumaşlı Fitted/Vücuda Ot...
[2026-01-09T10:22:27.545Z] [INFO] Fetching details for: https://www.trendyol-milla.com/trendyolmilla/murdu...
[2026-01-09T10:22:41.702Z] [INFO]    🎨 Found 12 color variants.
[2026-01-09T10:22:42.709Z] [INFO] [Page 1] [217/563] Fetching details for: Siyah Düz Premium Yumuşak Kumaşlı Fitted/Vücuda Ot...
[2026-01-09T10:22:42.794Z] [INFO] Fetching details for: https://www.trendyol-milla.com/trendyolmilla/murdu...
[2026-01-09T10:22:56.760Z] [INFO]    🎨 Found 12 color variants.
[2026-01-09T10:22:57.776Z] [INFO] [Page 1] [218/563] Fetching details for: Siyah Düz Premium Yumuşak Kumaşlı Fitted/Vücuda Ot...
[2026-01-09T10:22:57.862Z] [INFO] Fetching details for: https://www.trendyol-milla.com/trendyolmilla/murdu...
[2026-01-09T10:23:11.735Z] [INFO]    🎨 Found 12 color variants.
[2026-01-09T10:23:12.750Z] [INFO] [Page 1] [219/563] Fetching details for: Siyah Düz Premium Yumuşak Kumaşlı Fitted/Vücuda Ot...
[2026-01-09T10:23:12.839Z] [INFO] Fetching details for: https://www.trendyol-milla.com/trendyolmilla/murdu...
[2026-01-09T10:23:26.808Z] [INFO]    🎨 Found 12 color variants.
[2026-01-09T10:23:27.811Z] [INFO] [Page 1] [220/563] Fetching details for: Siyah Düz Premium Yumuşak Kumaşlı Fitted/Vücuda Ot...
[2026-01-09T10:23:27.897Z] [INFO] Fetching details for: https://www.trendyol-milla.com/trendyolmilla/murdu...
[2026-01-09T10:23:42.003Z] [INFO]    🎨 Found 12 color variants.
[2026-01-09T10:23:43.015Z] [INFO] [Page 1] [221/563] Fetching details for: Siyah Düz Premium Yumuşak Kumaşlı Fitted/Vücuda Ot...
[2026-01-09T10:23:43.102Z] [INFO] Fetching details for: https://www.trendyol-milla.com/trendyolmilla/murdu...
[2026-01-09T10:23:57.094Z] [INFO]    🎨 Found 12 color variants.
[2026-01-09T10:23:58.097Z] [INFO] [Page 1] [222/563] Fetching details for: Siyah Düz Premium Yumuşak Kumaşlı Fitted/Vücuda Ot...
[2026-01-09T10:23:58.180Z] [INFO] Fetching details for: https://www.trendyol-milla.com/trendyolmilla/murdu...
[2026-01-09T10:24:12.073Z] [INFO]    🎨 Found 12 color variants.
[2026-01-09T10:24:13.084Z] [INFO] [Page 1] [223/563] Fetching details for: Siyah Düz Premium Yumuşak Kumaşlı Fitted/Vücuda Ot...
[2026-01-09T10:24:13.170Z] [INFO] Fetching details for: https://www.trendyol-milla.com/trendyolmilla/murdu...
[2026-01-09T10:24:27.221Z] [INFO]    🎨 Found 12 color variants.
[2026-01-09T10:24:28.237Z] [INFO] [Page 1] [224/563] Fetching details for: Siyah Düz Premium Yumuşak Kumaşlı Fitted/Vücuda Ot...
[2026-01-09T10:24:28.332Z] [INFO] Fetching details for: https://www.trendyol-milla.com/trendyolmilla/murdu...
[2026-01-09T10:24:42.226Z] [INFO]    🎨 Found 12 color variants.
[2026-01-09T10:24:43.236Z] [INFO] [Page 1] [225/563] Fetching details for: Siyah Düz Premium Yumuşak Kumaşlı Fitted/Vücuda Ot...
[2026-01-09T10:24:43.320Z] [INFO] Fetching details for: https://www.trendyol-milla.com/trendyolmilla/murdu...
[2026-01-09T10:24:57.199Z] [INFO]    🎨 Found 12 color variants.
[2026-01-09T10:24:58.203Z] [INFO] [Page 1] [226/563] Fetching details for: Siyah Düz Premium Yumuşak Kumaşlı Fitted/Vücuda Ot...
[2026-01-09T10:24:58.289Z] [INFO] Fetching details for: https://www.trendyol-milla.com/trendyolmilla/murdu...
[2026-01-09T10:25:12.268Z] [INFO]    🎨 Found 12 color variants.
[2026-01-09T10:25:13.285Z] [INFO] [Page 1] [227/563] Fetching details for: Siyah Düz Premium Yumuşak Kumaşlı Fitted/Vücuda Ot...
[2026-01-09T10:25:13.463Z] [INFO] Fetching details for: https://www.trendyol-milla.com/trendyolmilla/murdu...
[2026-01-09T10:25:27.420Z] [INFO]    🎨 Found 12 color variants.
[2026-01-09T10:25:28.424Z] [INFO] [Page 1] [228/563] Fetching details for: Siyah Düz Premium Yumuşak Kumaşlı Fitted/Vücuda Ot...
[2026-01-09T10:25:28.506Z] [INFO] Fetching details for: https://www.trendyol-milla.com/trendyolmilla/haki-...
[2026-01-09T10:25:42.417Z] [INFO]    🎨 Found 12 color variants.
[2026-01-09T10:25:43.430Z] [INFO] [Page 1] [229/563] Fetching details for: Siyah Düz Premium Yumuşak Kumaşlı Fitted/Vücuda Ot...
[2026-01-09T10:25:43.513Z] [INFO] Fetching details for: https://www.trendyol-milla.com/trendyolmilla/haki-...
[2026-01-09T10:25:57.575Z] [INFO]    🎨 Found 12 color variants.
[2026-01-09T10:25:58.582Z] [INFO] [Page 1] [230/563] Fetching details for: Siyah Düz Premium Yumuşak Kumaşlı Fitted/Vücuda Ot...
[2026-01-09T10:25:58.658Z] [INFO] Fetching details for: https://www.trendyol-milla.com/trendyolmilla/haki-...
[2026-01-09T10:26:12.768Z] [INFO]    🎨 Found 12 color variants.
[2026-01-09T10:26:13.775Z] [INFO] [Page 1] [231/563] Fetching details for: Siyah Düz Premium Yumuşak Kumaşlı Fitted/Vücuda Ot...
[2026-01-09T10:26:13.862Z] [INFO] Fetching details for: https://www.trendyol-milla.com/trendyolmilla/haki-...
[2026-01-09T10:26:27.867Z] [INFO]    🎨 Found 12 color variants.
[2026-01-09T10:26:28.873Z] [INFO] [Page 1] [232/563] Fetching details for: Siyah Düz Premium Yumuşak Kumaşlı Fitted/Vücuda Ot...
[2026-01-09T10:26:28.958Z] [INFO] Fetching details for: https://www.trendyol-milla.com/trendyolmilla/haki-...
[2026-01-09T10:26:42.978Z] [INFO]    🎨 Found 12 color variants.
[2026-01-09T10:26:43.988Z] [INFO] [Page 1] [233/563] Fetching details for: Siyah Düz Premium Yumuşak Kumaşlı Fitted/Vücuda Ot...
[2026-01-09T10:26:44.073Z] [INFO] Fetching details for: https://www.trendyol-milla.com/trendyolmilla/haki-...
[2026-01-09T10:27:03.645Z] [INFO]    🎨 Found 12 color variants.
[2026-01-09T10:27:04.661Z] [INFO] [Page 1] [234/563] Fetching details for: Siyah Düz Premium Yumuşak Kumaşlı Fitted/Vücuda Ot...
[2026-01-09T10:27:04.744Z] [INFO] Fetching details for: https://www.trendyol-milla.com/trendyolmilla/haki-...
[2026-01-09T10:27:20.546Z] [INFO]    🎨 Found 12 color variants.
[2026-01-09T10:27:21.559Z] [INFO] [Page 1] [235/563] Fetching details for: Siyah Düz Premium Yumuşak Kumaşlı Fitted/Vücuda Ot...
[2026-01-09T10:27:21.636Z] [INFO] Fetching details for: https://www.trendyol-milla.com/trendyolmilla/haki-...
[2026-01-09T10:27:36.461Z] [INFO]    🎨 Found 12 color variants.
[2026-01-09T10:27:37.464Z] [INFO] [Page 1] [236/563] Fetching details for: Siyah Düz Premium Yumuşak Kumaşlı Fitted/Vücuda Ot...
[2026-01-09T10:27:37.552Z] [INFO] Fetching details for: https://www.trendyol-milla.com/trendyolmilla/haki-...
[2026-01-09T10:27:52.144Z] [INFO]    🎨 Found 12 color variants.
[2026-01-09T10:27:53.147Z] [INFO] [Page 1] [237/563] Fetching details for: Siyah Düz Premium Yumuşak Kumaşlı Fitted/Vücuda Ot...
[2026-01-09T10:27:53.315Z] [INFO] Fetching details for: https://www.trendyol-milla.com/trendyolmilla/haki-...
[2026-01-09T10:28:07.981Z] [INFO]    🎨 Found 12 color variants.
[2026-01-09T10:28:08.984Z] [INFO] [Page 1] [238/563] Fetching details for: Siyah Düz Premium Yumuşak Kumaşlı Fitted/Vücuda Ot...
[2026-01-09T10:28:09.066Z] [INFO] Fetching details for: https://www.trendyol-milla.com/trendyolmilla/haki-...
[2026-01-09T10:28:24.330Z] [INFO]    🎨 Found 12 color variants.
[2026-01-09T10:28:25.338Z] [INFO] [Page 1] [239/563] Fetching details for: Siyah Düz Premium Yumuşak Kumaşlı Fitted/Vücuda Ot...
[2026-01-09T10:28:25.425Z] [INFO] Fetching details for: https://www.trendyol-milla.com/trendyolmilla/haki-...
[2026-01-09T10:28:39.827Z] [INFO]    🎨 Found 12 color variants.
[2026-01-09T10:28:40.830Z] [INFO] [Page 1] [240/563] Fetching details for: Siyah Düz Premium Yumuşak Kumaşlı Fitted/Vücuda Ot...
[2026-01-09T10:28:40.919Z] [INFO] Fetching details for: https://www.trendyol-milla.com/trendyolmilla/antra...
[2026-01-09T10:28:55.021Z] [INFO]    🎨 Found 12 color variants.
[2026-01-09T10:28:56.023Z] [INFO] [Page 1] [241/563] Fetching details for: Siyah Düz Premium Yumuşak Kumaşlı Fitted/Vücuda Ot...
[2026-01-09T10:28:56.110Z] [INFO] Fetching details for: https://www.trendyol-milla.com/trendyolmilla/antra...
[2026-01-09T10:29:10.088Z] [INFO]    🎨 Found 12 color variants.
[2026-01-09T10:29:11.090Z] [INFO] [Page 1] [242/563] Fetching details for: Siyah Düz Premium Yumuşak Kumaşlı Fitted/Vücuda Ot...
[2026-01-09T10:29:11.174Z] [INFO] Fetching details for: https://www.trendyol-milla.com/trendyolmilla/antra...
[2026-01-09T10:29:25.089Z] [INFO]    🎨 Found 12 color variants.
[2026-01-09T10:29:26.094Z] [INFO] [Page 1] [243/563] Fetching details for: Siyah Düz Premium Yumuşak Kumaşlı Fitted/Vücuda Ot...
[2026-01-09T10:29:26.182Z] [INFO] Fetching details for: https://www.trendyol-milla.com/trendyolmilla/antra...
[2026-01-09T10:29:40.232Z] [INFO]    🎨 Found 12 color variants.
[2026-01-09T10:29:41.234Z] [INFO] [Page 1] [244/563] Fetching details for: Siyah Düz Premium Yumuşak Kumaşlı Fitted/Vücuda Ot...
[2026-01-09T10:29:41.324Z] [INFO] Fetching details for: https://www.trendyol-milla.com/trendyolmilla/antra...
[2026-01-09T10:29:55.393Z] [INFO]    🎨 Found 12 color variants.
[2026-01-09T10:29:56.395Z] [INFO] [Page 1] [245/563] Fetching details for: Siyah Düz Premium Yumuşak Kumaşlı Fitted/Vücuda Ot...
[2026-01-09T10:29:56.486Z] [INFO] Fetching details for: https://www.trendyol-milla.com/trendyolmilla/antra...
[2026-01-09T10:30:10.551Z] [INFO]    🎨 Found 12 color variants.
[2026-01-09T10:30:11.562Z] [INFO] [Page 1] [246/563] Fetching details for: Siyah Düz Premium Yumuşak Kumaşlı Fitted/Vücuda Ot...
[2026-01-09T10:30:11.652Z] [INFO] Fetching details for: https://www.trendyol-milla.com/trendyolmilla/antra...
[2026-01-09T10:30:25.618Z] [INFO]    🎨 Found 12 color variants.
[2026-01-09T10:30:26.623Z] [INFO] [Page 1] [247/563] Fetching details for: Siyah Düz Premium Yumuşak Kumaşlı Fitted/Vücuda Ot...
[2026-01-09T10:30:26.706Z] [INFO] Fetching details for: https://www.trendyol-milla.com/trendyolmilla/antra...
[2026-01-09T10:30:40.804Z] [INFO]    🎨 Found 12 color variants.
[2026-01-09T10:30:41.816Z] [INFO] [Page 1] [248/563] Fetching details for: Siyah Düz Premium Yumuşak Kumaşlı Fitted/Vücuda Ot...
[2026-01-09T10:30:41.900Z] [INFO] Fetching details for: https://www.trendyol-milla.com/trendyolmilla/antra...
[2026-01-09T10:30:56.033Z] [INFO]    🎨 Found 12 color variants.
[2026-01-09T10:30:57.035Z] [INFO] [Page 1] [249/563] Fetching details for: Siyah Düz Premium Yumuşak Kumaşlı Fitted/Vücuda Ot...
[2026-01-09T10:30:57.119Z] [INFO] Fetching details for: https://www.trendyol-milla.com/trendyolmilla/antra...
[2026-01-09T10:31:11.107Z] [INFO]    🎨 Found 12 color variants.
[2026-01-09T10:31:12.123Z] [INFO] [Page 1] [250/563] Fetching details for: Siyah Düz Premium Yumuşak Kumaşlı Fitted/Vücuda Ot...
[2026-01-09T10:31:12.304Z] [INFO] Fetching details for: https://www.trendyol-milla.com/trendyolmilla/antra...
[2026-01-09T10:31:26.241Z] [INFO]    🎨 Found 12 color variants.
[2026-01-09T10:31:27.246Z] [INFO] [Page 1] [251/563] Fetching details for: Siyah Düz Premium Yumuşak Kumaşlı Fitted/Vücuda Ot...
[2026-01-09T10:31:27.333Z] [INFO] Fetching details for: https://www.trendyol-milla.com/trendyolmilla/antra...
[2026-01-09T10:31:41.566Z] [INFO]    🎨 Found 12 color variants.
[2026-01-09T10:31:42.572Z] [INFO] [Page 1] [252/563] Fetching details for: Siyah Fitted/Vücuda Oturan Asimetrik yaka Detaylı ...
[2026-01-09T10:31:42.660Z] [INFO] Fetching details for: https://www.trendyol-milla.com/trendyolmilla/yag-y...
[2026-01-09T10:31:56.628Z] [INFO]    🎨 Found 4 color variants.
[2026-01-09T10:31:57.641Z] [INFO] [Page 1] [253/563] Fetching details for: Siyah Fitted/Vücuda Oturan Asimetrik yaka Detaylı ...
[2026-01-09T10:31:57.727Z] [INFO] Fetching details for: https://www.trendyol-milla.com/trendyolmilla/yag-y...
[2026-01-09T10:32:11.696Z] [INFO]    🎨 Found 4 color variants.
[2026-01-09T10:32:12.700Z] [INFO] [Page 1] [254/563] Fetching details for: Siyah Fitted/Vücuda Oturan Asimetrik yaka Detaylı ...
[2026-01-09T10:32:12.785Z] [INFO] Fetching details for: https://www.trendyol-milla.com/trendyolmilla/yag-y...
[2026-01-09T10:32:27.135Z] [INFO]    🎨 Found 4 color variants.
[2026-01-09T10:32:28.146Z] [INFO] [Page 1] [255/563] Fetching details for: Siyah Fitted/Vücuda Oturan Asimetrik yaka Detaylı ...
[2026-01-09T10:32:28.233Z] [INFO] Fetching details for: https://www.trendyol-milla.com/trendyolmilla/yag-y...
[2026-01-09T10:32:42.208Z] [INFO]    🎨 Found 4 color variants.
[2026-01-09T10:32:43.216Z] [INFO] [Page 1] [256/563] Fetching details for: Siyah Fitted/Vücuda Oturan Asimetrik yaka Detaylı ...
[2026-01-09T10:32:43.305Z] [INFO] Fetching details for: https://www.trendyol-milla.com/trendyolmilla/bordo...
[2026-01-09T10:32:57.217Z] [INFO]    🎨 Found 4 color variants.
[2026-01-09T10:32:58.229Z] [INFO] [Page 1] [257/563] Fetching details for: Siyah Fitted/Vücuda Oturan Asimetrik yaka Detaylı ...
[2026-01-09T10:32:58.321Z] [INFO] Fetching details for: https://www.trendyol-milla.com/trendyolmilla/bordo...
[2026-01-09T10:33:12.289Z] [INFO]    🎨 Found 4 color variants.
[2026-01-09T10:33:13.293Z] [INFO] [Page 1] [258/563] Fetching details for: Siyah Fitted/Vücuda Oturan Asimetrik yaka Detaylı ...
[2026-01-09T10:33:13.386Z] [INFO] Fetching details for: https://www.trendyol-milla.com/trendyolmilla/bordo...
[2026-01-09T10:33:27.582Z] [INFO]    🎨 Found 4 color variants.
[2026-01-09T10:33:28.597Z] [INFO] [Page 1] [259/563] Fetching details for: Siyah Fitted/Vücuda Oturan Asimetrik yaka Detaylı ...
[2026-01-09T10:33:28.679Z] [INFO] Fetching details for: https://www.trendyol-milla.com/trendyolmilla/bordo...
[2026-01-09T10:33:42.913Z] [INFO]    🎨 Found 4 color variants.
[2026-01-09T10:33:43.918Z] [INFO] [Page 1] [260/563] Fetching details for: Siyah Fitted/Vücuda Oturan Asimetrik yaka Detaylı ...
[2026-01-09T10:33:44.005Z] [INFO] Fetching details for: https://www.trendyol-milla.com/trendyolmilla/tas-f...
[2026-01-09T10:33:57.947Z] [INFO]    🎨 Found 4 color variants.
[2026-01-09T10:33:58.950Z] [INFO] [Page 1] [261/563] Fetching details for: Siyah Fitted/Vücuda Oturan Asimetrik yaka Detaylı ...
[2026-01-09T10:33:59.041Z] [INFO] Fetching details for: https://www.trendyol-milla.com/trendyolmilla/tas-f...
[2026-01-09T10:34:13.008Z] [INFO]    🎨 Found 4 color variants.
[2026-01-09T10:34:14.021Z] [INFO] [Page 1] [262/563] Fetching details for: Siyah Fitted/Vücuda Oturan Asimetrik yaka Detaylı ...
[2026-01-09T10:34:14.107Z] [INFO] Fetching details for: https://www.trendyol-milla.com/trendyolmilla/tas-f...
[2026-01-09T10:34:27.994Z] [INFO]    🎨 Found 4 color variants.
[2026-01-09T10:34:29.006Z] [INFO] [Page 1] [263/563] Fetching details for: Siyah Fitted/Vücuda Oturan Asimetrik yaka Detaylı ...
[2026-01-09T10:34:29.089Z] [INFO] Fetching details for: https://www.trendyol-milla.com/trendyolmilla/tas-f...
[2026-01-09T10:34:42.974Z] [INFO]    🎨 Found 4 color variants.
[2026-01-09T10:34:43.979Z] [INFO] [Page 1] [264/563] Fetching details for: Siyah Fitted/Vücuda Oturan Asimetrik yaka Detaylı ...
[2026-01-09T10:34:44.068Z] [INFO] Fetching details for: https://www.trendyol-milla.com/trendyolmilla/kahve...
[2026-01-09T10:34:57.932Z] [INFO]    🎨 Found 4 color variants.
[2026-01-09T10:34:58.945Z] [INFO] [Page 1] [265/563] Fetching details for: Siyah Fitted/Vücuda Oturan Asimetrik yaka Detaylı ...
[2026-01-09T10:34:59.027Z] [INFO] Fetching details for: https://www.trendyol-milla.com/trendyolmilla/kahve...
[2026-01-09T10:35:12.974Z] [INFO]    🎨 Found 4 color variants.
[2026-01-09T10:35:13.977Z] [INFO] [Page 1] [266/563] Fetching details for: Siyah Fitted/Vücuda Oturan Asimetrik yaka Detaylı ...
[2026-01-09T10:35:14.066Z] [INFO] Fetching details for: https://www.trendyol-milla.com/trendyolmilla/kahve...
[2026-01-09T10:35:28.173Z] [INFO]    🎨 Found 4 color variants.
[2026-01-09T10:35:29.177Z] [INFO] [Page 1] [267/563] Fetching details for: Siyah Fitted/Vücuda Oturan Asimetrik yaka Detaylı ...
[2026-01-09T10:35:29.263Z] [INFO] Fetching details for: https://www.trendyol-milla.com/trendyolmilla/kahve...
[2026-01-09T10:35:44.651Z] [INFO]    🎨 Found 4 color variants.
[2026-01-09T10:35:45.659Z] [INFO] [Page 1] [268/563] Fetching details for: Gri İspanyol Kol Büzgü Detaylı Regular/Normal Kalı...
[2026-01-09T10:35:45.752Z] [INFO] Fetching details for: https://www.trendyol-milla.com/trendyolmilla/siyah...
[2026-01-09T10:36:01.094Z] [INFO]    🎨 Found 1 color variants.
[2026-01-09T10:36:02.103Z] [INFO] [Page 1] [269/563] Fetching details for: Kahverengi Kolsuz Kuşaklı Dokuma Bluz TWOAW26BZ000...
[2026-01-09T10:36:02.190Z] [INFO] Fetching details for: https://www.trendyol-milla.com/trendyolmilla/beyaz...
[2026-01-09T10:36:16.390Z] [INFO]    🎨 Found 2 color variants.
[2026-01-09T10:36:17.395Z] [INFO] [Page 1] [270/563] Fetching details for: Kahverengi Kolsuz Kuşaklı Dokuma Bluz TWOAW26BZ000...
[2026-01-09T10:36:17.477Z] [INFO] Fetching details for: https://www.trendyol-milla.com/trendyolmilla/beyaz...
[2026-01-09T10:36:31.649Z] [INFO]    🎨 Found 2 color variants.
[2026-01-09T10:36:32.666Z] [INFO] [Page 1] [271/563] Fetching details for: Kahverengi Kolsuz Kuşaklı Dokuma Bluz TWOAW26BZ000...
[2026-01-09T10:36:32.753Z] [INFO] Fetching details for: https://www.trendyol-milla.com/trendyolmilla/siyah...
[2026-01-09T10:36:46.818Z] [INFO]    🎨 Found 2 color variants.
[2026-01-09T10:36:47.829Z] [INFO] [Page 1] [272/563] Fetching details for: Kahverengi Kolsuz Kuşaklı Dokuma Bluz TWOAW26BZ000...
[2026-01-09T10:36:47.918Z] [INFO] Fetching details for: https://www.trendyol-milla.com/trendyolmilla/siyah...
[2026-01-09T10:37:02.148Z] [INFO]    🎨 Found 2 color variants.
[2026-01-09T10:37:03.152Z] [INFO] [Page 1] [273/563] Fetching details for: Taş Pamuklu Esnek Kayık Yaka Fitted/Vücuda Oturan ...
[2026-01-09T10:37:03.245Z] [INFO] Fetching details for: https://www.trendyol-milla.com/trendyolmilla/siyah...
[2026-01-09T10:37:17.788Z] [INFO]    🎨 Found 6 color variants.
[2026-01-09T10:37:18.802Z] [INFO] [Page 1] [274/563] Fetching details for: Taş Pamuklu Esnek Kayık Yaka Fitted/Vücuda Oturan ...
[2026-01-09T10:37:18.889Z] [INFO] Fetching details for: https://www.trendyol-milla.com/trendyolmilla/siyah...
[2026-01-09T10:37:33.470Z] [INFO]    🎨 Found 6 color variants.
[2026-01-09T10:37:34.475Z] [INFO] [Page 1] [275/563] Fetching details for: Taş Pamuklu Esnek Kayık Yaka Fitted/Vücuda Oturan ...
[2026-01-09T10:37:34.567Z] [INFO] Fetching details for: https://www.trendyol-milla.com/trendyolmilla/siyah...
[2026-01-09T10:37:50.477Z] [INFO]    🎨 Found 6 color variants.
[2026-01-09T10:37:51.482Z] [INFO] [Page 1] [276/563] Fetching details for: Taş Pamuklu Esnek Kayık Yaka Fitted/Vücuda Oturan ...
[2026-01-09T10:37:51.569Z] [INFO] Fetching details for: https://www.trendyol-milla.com/trendyolmilla/siyah...
[2026-01-09T10:38:05.980Z] [INFO]    🎨 Found 6 color variants.
[2026-01-09T10:38:06.989Z] [INFO] [Page 1] [277/563] Fetching details for: Taş Pamuklu Esnek Kayık Yaka Fitted/Vücuda Oturan ...
[2026-01-09T10:38:07.084Z] [INFO] Fetching details for: https://www.trendyol-milla.com/trendyolmilla/siyah...
[2026-01-09T10:38:21.497Z] [INFO]    🎨 Found 6 color variants.
[2026-01-09T10:38:22.500Z] [INFO] [Page 1] [278/563] Fetching details for: Taş Pamuklu Esnek Kayık Yaka Fitted/Vücuda Oturan ...
[2026-01-09T10:38:22.590Z] [INFO] Fetching details for: https://www.trendyol-milla.com/trendyolmilla/siyah...
[2026-01-09T10:38:36.882Z] [INFO]    🎨 Found 6 color variants.
[2026-01-09T10:38:37.885Z] [INFO] [Page 1] [279/563] Fetching details for: Taş Pamuklu Esnek Kayık Yaka Fitted/Vücuda Oturan ...
[2026-01-09T10:38:37.966Z] [INFO] Fetching details for: https://www.trendyol-milla.com/trendyolmilla/kirmi...
[2026-01-09T10:38:53.712Z] [INFO]    🎨 Found 6 color variants.
[2026-01-09T10:38:54.728Z] [INFO] [Page 1] [280/563] Fetching details for: Taş Pamuklu Esnek Kayık Yaka Fitted/Vücuda Oturan ...
[2026-01-09T10:38:54.818Z] [INFO] Fetching details for: https://www.trendyol-milla.com/trendyolmilla/kirmi...
[2026-01-09T10:39:09.318Z] [INFO]    🎨 Found 6 color variants.
[2026-01-09T10:39:10.324Z] [INFO] [Page 1] [281/563] Fetching details for: Taş Pamuklu Esnek Kayık Yaka Fitted/Vücuda Oturan ...
[2026-01-09T10:39:10.416Z] [INFO] Fetching details for: https://www.trendyol-milla.com/trendyolmilla/kirmi...
[2026-01-09T10:39:24.682Z] [INFO]    🎨 Found 6 color variants.
[2026-01-09T10:39:25.690Z] [INFO] [Page 1] [282/563] Fetching details for: Taş Pamuklu Esnek Kayık Yaka Fitted/Vücuda Oturan ...
[2026-01-09T10:39:25.769Z] [INFO] Fetching details for: https://www.trendyol-milla.com/trendyolmilla/kirmi...
[2026-01-09T10:39:41.064Z] [INFO]    🎨 Found 6 color variants.
[2026-01-09T10:39:42.073Z] [INFO] [Page 1] [283/563] Fetching details for: Taş Pamuklu Esnek Kayık Yaka Fitted/Vücuda Oturan ...
[2026-01-09T10:39:42.159Z] [INFO] Fetching details for: https://www.trendyol-milla.com/trendyolmilla/kirmi...
[2026-01-09T10:39:56.610Z] [INFO]    🎨 Found 6 color variants.
[2026-01-09T10:39:57.616Z] [INFO] [Page 1] [284/563] Fetching details for: Taş Pamuklu Esnek Kayık Yaka Fitted/Vücuda Oturan ...
[2026-01-09T10:39:57.707Z] [INFO] Fetching details for: https://www.trendyol-milla.com/trendyolmilla/kirmi...
[2026-01-09T10:40:11.908Z] [INFO]    🎨 Found 6 color variants.
[2026-01-09T10:40:12.918Z] [INFO] [Page 1] [285/563] Fetching details for: Taş Pamuklu Esnek Kayık Yaka Fitted/Vücuda Oturan ...
[2026-01-09T10:40:13.003Z] [INFO] Fetching details for: https://www.trendyol-milla.com/trendyolmilla/kahve...
[2026-01-09T10:40:28.846Z] [INFO]    🎨 Found 6 color variants.
[2026-01-09T10:40:29.854Z] [INFO] [Page 1] [286/563] Fetching details for: Taş Pamuklu Esnek Kayık Yaka Fitted/Vücuda Oturan ...
[2026-01-09T10:40:29.946Z] [INFO] Fetching details for: https://www.trendyol-milla.com/trendyolmilla/kahve...
[2026-01-09T10:40:44.050Z] [INFO]    🎨 Found 6 color variants.
[2026-01-09T10:40:45.055Z] [INFO] [Page 1] [287/563] Fetching details for: Taş Pamuklu Esnek Kayık Yaka Fitted/Vücuda Oturan ...
[2026-01-09T10:40:45.142Z] [INFO] Fetching details for: https://www.trendyol-milla.com/trendyolmilla/kahve...
[2026-01-09T10:41:00.733Z] [INFO]    🎨 Found 6 color variants.
[2026-01-09T10:41:01.742Z] [INFO] [Page 1] [288/563] Fetching details for: Taş Pamuklu Esnek Kayık Yaka Fitted/Vücuda Oturan ...
[2026-01-09T10:41:01.831Z] [INFO] Fetching details for: https://www.trendyol-milla.com/trendyolmilla/kahve...
[2026-01-09T10:41:17.356Z] [INFO]    🎨 Found 6 color variants.
[2026-01-09T10:41:18.359Z] [INFO] [Page 1] [289/563] Fetching details for: Taş Pamuklu Esnek Kayık Yaka Fitted/Vücuda Oturan ...
[2026-01-09T10:41:18.446Z] [INFO] Fetching details for: https://www.trendyol-milla.com/trendyolmilla/kahve...
[2026-01-09T10:41:33.486Z] [INFO]    🎨 Found 6 color variants.
[2026-01-09T10:41:34.498Z] [INFO] [Page 1] [290/563] Fetching details for: Taş Pamuklu Esnek Kayık Yaka Fitted/Vücuda Oturan ...
[2026-01-09T10:41:34.583Z] [INFO] Fetching details for: https://www.trendyol-milla.com/trendyolmilla/kahve...
[2026-01-09T10:41:48.997Z] [INFO]    🎨 Found 6 color variants.
[2026-01-09T10:41:50.000Z] [INFO] [Page 1] [291/563] Fetching details for: Taş Pamuklu Esnek Kayık Yaka Fitted/Vücuda Oturan ...
[2026-01-09T10:41:50.076Z] [INFO] Fetching details for: https://www.trendyol-milla.com/trendyolmilla/saks-...
[2026-01-09T10:42:06.048Z] [INFO]    🎨 Found 6 color variants.
[2026-01-09T10:42:07.055Z] [INFO] [Page 1] [292/563] Fetching details for: Taş Pamuklu Esnek Kayık Yaka Fitted/Vücuda Oturan ...
[2026-01-09T10:42:07.142Z] [INFO] Fetching details for: https://www.trendyol-milla.com/trendyolmilla/saks-...
[2026-01-09T10:42:22.813Z] [INFO]    🎨 Found 6 color variants.
[2026-01-09T10:42:23.823Z] [INFO] [Page 1] [293/563] Fetching details for: Taş Pamuklu Esnek Kayık Yaka Fitted/Vücuda Oturan ...
[2026-01-09T10:42:23.908Z] [INFO] Fetching details for: https://www.trendyol-milla.com/trendyolmilla/saks-...
[2026-01-09T10:42:38.113Z] [INFO]    🎨 Found 6 color variants.
[2026-01-09T10:42:39.123Z] [INFO] [Page 1] [294/563] Fetching details for: Taş Pamuklu Esnek Kayık Yaka Fitted/Vücuda Oturan ...
[2026-01-09T10:42:39.210Z] [INFO] Fetching details for: https://www.trendyol-milla.com/trendyolmilla/saks-...
[2026-01-09T10:42:53.689Z] [INFO]    🎨 Found 6 color variants.
[2026-01-09T10:42:54.697Z] [INFO] [Page 1] [295/563] Fetching details for: Taş Pamuklu Esnek Kayık Yaka Fitted/Vücuda Oturan ...
[2026-01-09T10:42:54.782Z] [INFO] Fetching details for: https://www.trendyol-milla.com/trendyolmilla/saks-...
[2026-01-09T10:43:10.188Z] [INFO]    🎨 Found 6 color variants.
[2026-01-09T10:43:11.202Z] [INFO] [Page 1] [296/563] Fetching details for: Taş Pamuklu Esnek Kayık Yaka Fitted/Vücuda Oturan ...
[2026-01-09T10:43:11.288Z] [INFO] Fetching details for: https://www.trendyol-milla.com/trendyolmilla/saks-...
[2026-01-09T10:43:25.651Z] [INFO]    🎨 Found 6 color variants.
[2026-01-09T10:43:26.662Z] [INFO] [Page 1] [297/563] Fetching details for: Taş Pamuklu Esnek Kayık Yaka Fitted/Vücuda Oturan ...
[2026-01-09T10:43:26.743Z] [INFO] Fetching details for: https://www.trendyol-milla.com/trendyolmilla/zumru...
[2026-01-09T10:43:42.141Z] [INFO]    🎨 Found 6 color variants.
[2026-01-09T10:43:43.152Z] [INFO] [Page 1] [298/563] Fetching details for: Taş Pamuklu Esnek Kayık Yaka Fitted/Vücuda Oturan ...
[2026-01-09T10:43:43.244Z] [INFO] Fetching details for: https://www.trendyol-milla.com/trendyolmilla/zumru...
[2026-01-09T10:43:57.535Z] [INFO]    🎨 Found 6 color variants.
[2026-01-09T10:43:58.547Z] [INFO] [Page 1] [299/563] Fetching details for: Taş Pamuklu Esnek Kayık Yaka Fitted/Vücuda Oturan ...
[2026-01-09T10:43:58.633Z] [INFO] Fetching details for: https://www.trendyol-milla.com/trendyolmilla/zumru...
[2026-01-09T10:44:13.196Z] [INFO]    🎨 Found 6 color variants.
[2026-01-09T10:44:14.210Z] [INFO] [Page 1] [300/563] Fetching details for: Taş Pamuklu Esnek Kayık Yaka Fitted/Vücuda Oturan ...
[2026-01-09T10:44:14.385Z] [INFO] Fetching details for: https://www.trendyol-milla.com/trendyolmilla/zumru...
[2026-01-09T10:44:28.755Z] [INFO]    🎨 Found 6 color variants.
[2026-01-09T10:44:29.758Z] [INFO] [Page 1] [301/563] Fetching details for: Taş Pamuklu Esnek Kayık Yaka Fitted/Vücuda Oturan ...
[2026-01-09T10:44:29.846Z] [INFO] Fetching details for: https://www.trendyol-milla.com/trendyolmilla/zumru...
[2026-01-09T10:44:44.130Z] [INFO]    🎨 Found 6 color variants.
[2026-01-09T10:44:45.139Z] [INFO] [Page 1] [302/563] Fetching details for: Taş Pamuklu Esnek Kayık Yaka Fitted/Vücuda Oturan ...
[2026-01-09T10:44:45.228Z] [INFO] Fetching details for: https://www.trendyol-milla.com/trendyolmilla/zumru...
[2026-01-09T10:45:00.628Z] [INFO]    🎨 Found 6 color variants.
[2026-01-09T10:45:01.641Z] [INFO] [Page 1] [303/563] Fetching details for: Taş Pamuklu Esnek Kayık Yaka Fitted/Vücuda Oturan ...
[2026-01-09T10:45:01.720Z] [INFO] Fetching details for: https://www.trendyol-milla.com/trendyolmilla/bordo...
[2026-01-09T10:45:18.292Z] [INFO]    🎨 Found 6 color variants.
[2026-01-09T10:45:19.301Z] [INFO] [Page 1] [304/563] Fetching details for: Taş Pamuklu Esnek Kayık Yaka Fitted/Vücuda Oturan ...
[2026-01-09T10:45:19.391Z] [INFO] Fetching details for: https://www.trendyol-milla.com/trendyolmilla/bordo...
[2026-01-09T10:45:34.675Z] [INFO]    🎨 Found 6 color variants.
[2026-01-09T10:45:35.683Z] [INFO] [Page 1] [305/563] Fetching details for: Taş Pamuklu Esnek Kayık Yaka Fitted/Vücuda Oturan ...
[2026-01-09T10:45:35.770Z] [INFO] Fetching details for: https://www.trendyol-milla.com/trendyolmilla/bordo...
[2026-01-09T10:45:50.334Z] [INFO]    🎨 Found 6 color variants.
[2026-01-09T10:45:51.337Z] [INFO] [Page 1] [306/563] Fetching details for: Taş Pamuklu Esnek Kayık Yaka Fitted/Vücuda Oturan ...
[2026-01-09T10:45:51.426Z] [INFO] Fetching details for: https://www.trendyol-milla.com/trendyolmilla/bordo...
[2026-01-09T10:46:06.118Z] [INFO]    🎨 Found 6 color variants.
[2026-01-09T10:46:07.133Z] [INFO] [Page 1] [307/563] Fetching details for: Taş Pamuklu Esnek Kayık Yaka Fitted/Vücuda Oturan ...
[2026-01-09T10:46:07.218Z] [INFO] Fetching details for: https://www.trendyol-milla.com/trendyolmilla/bordo...
[2026-01-09T10:46:22.759Z] [INFO]    🎨 Found 6 color variants.
[2026-01-09T10:46:23.762Z] [INFO] [Page 1] [308/563] Fetching details for: Taş Pamuklu Esnek Kayık Yaka Fitted/Vücuda Oturan ...
[2026-01-09T10:46:23.847Z] [INFO] Fetching details for: https://www.trendyol-milla.com/trendyolmilla/bordo...
[2026-01-09T10:46:38.068Z] [INFO]    🎨 Found 6 color variants.
[2026-01-09T10:46:39.069Z] [INFO] [Page 1] [309/563] Fetching details for: Ekru Viskon/Yumuşak Kumaşlı Fitted Büzgü/Drape Det...
[2026-01-09T10:46:39.150Z] [INFO] Fetching details for: https://www.trendyol-milla.com/trendyolmilla/antra...
[2026-01-09T10:46:53.705Z] [INFO]    🎨 Found 7 color variants.
[2026-01-09T10:46:54.717Z] [INFO] [Page 1] [310/563] Fetching details for: Ekru Viskon/Yumuşak Kumaşlı Fitted Büzgü/Drape Det...
[2026-01-09T10:46:54.803Z] [INFO] Fetching details for: https://www.trendyol-milla.com/trendyolmilla/antra...
[2026-01-09T10:47:09.068Z] [INFO]    🎨 Found 7 color variants.
[2026-01-09T10:47:10.076Z] [INFO] [Page 1] [311/563] Fetching details for: Ekru Viskon/Yumuşak Kumaşlı Fitted Büzgü/Drape Det...
[2026-01-09T10:47:10.159Z] [INFO] Fetching details for: https://www.trendyol-milla.com/trendyolmilla/antra...
[2026-01-09T10:47:24.536Z] [INFO]    🎨 Found 7 color variants.
[2026-01-09T10:47:25.547Z] [INFO] [Page 1] [312/563] Fetching details for: Ekru Viskon/Yumuşak Kumaşlı Fitted Büzgü/Drape Det...
[2026-01-09T10:47:25.637Z] [INFO] Fetching details for: https://www.trendyol-milla.com/trendyolmilla/antra...
[2026-01-09T10:47:40.356Z] [INFO]    🎨 Found 7 color variants.
[2026-01-09T10:47:41.371Z] [INFO] [Page 1] [313/563] Fetching details for: Ekru Viskon/Yumuşak Kumaşlı Fitted Büzgü/Drape Det...
[2026-01-09T10:47:41.459Z] [INFO] Fetching details for: https://www.trendyol-milla.com/trendyolmilla/antra...
[2026-01-09T10:47:56.412Z] [INFO]    🎨 Found 7 color variants.
[2026-01-09T10:47:57.427Z] [INFO] [Page 1] [314/563] Fetching details for: Ekru Viskon/Yumuşak Kumaşlı Fitted Büzgü/Drape Det...
[2026-01-09T10:47:57.511Z] [INFO] Fetching details for: https://www.trendyol-milla.com/trendyolmilla/antra...
[2026-01-09T10:48:11.852Z] [INFO]    🎨 Found 7 color variants.
[2026-01-09T10:48:12.862Z] [INFO] [Page 1] [315/563] Fetching details for: Ekru Viskon/Yumuşak Kumaşlı Fitted Büzgü/Drape Det...
[2026-01-09T10:48:12.947Z] [INFO] Fetching details for: https://www.trendyol-milla.com/trendyolmilla/antra...
[2026-01-09T10:48:28.396Z] [INFO]    🎨 Found 7 color variants.
[2026-01-09T10:48:29.412Z] [INFO] [Page 1] [316/563] Fetching details for: Ekru Viskon/Yumuşak Kumaşlı Fitted Büzgü/Drape Det...
[2026-01-09T10:48:29.495Z] [INFO] Fetching details for: https://www.trendyol-milla.com/trendyolmilla/saks-...
[2026-01-09T10:48:44.978Z] [INFO]    🎨 Found 7 color variants.
[2026-01-09T10:48:45.982Z] [INFO] [Page 1] [317/563] Fetching details for: Ekru Viskon/Yumuşak Kumaşlı Fitted Büzgü/Drape Det...
[2026-01-09T10:48:46.130Z] [INFO] Fetching details for: https://www.trendyol-milla.com/trendyolmilla/saks-...
[2026-01-09T10:49:00.395Z] [INFO]    🎨 Found 7 color variants.
[2026-01-09T10:49:01.412Z] [INFO] [Page 1] [318/563] Fetching details for: Ekru Viskon/Yumuşak Kumaşlı Fitted Büzgü/Drape Det...
[2026-01-09T10:49:01.499Z] [INFO] Fetching details for: https://www.trendyol-milla.com/trendyolmilla/saks-...
[2026-01-09T10:49:16.960Z] [INFO]    🎨 Found 7 color variants.
[2026-01-09T10:49:17.966Z] [INFO] [Page 1] [319/563] Fetching details for: Ekru Viskon/Yumuşak Kumaşlı Fitted Büzgü/Drape Det...
[2026-01-09T10:49:18.052Z] [INFO] Fetching details for: https://www.trendyol-milla.com/trendyolmilla/saks-...
[2026-01-09T10:49:33.663Z] [INFO]    🎨 Found 7 color variants.
[2026-01-09T10:49:34.679Z] [INFO] [Page 1] [320/563] Fetching details for: Ekru Viskon/Yumuşak Kumaşlı Fitted Büzgü/Drape Det...
[2026-01-09T10:49:34.767Z] [INFO] Fetching details for: https://www.trendyol-milla.com/trendyolmilla/saks-...
[2026-01-09T10:49:49.110Z] [INFO]    🎨 Found 7 color variants.
[2026-01-09T10:49:50.124Z] [INFO] [Page 1] [321/563] Fetching details for: Ekru Viskon/Yumuşak Kumaşlı Fitted Büzgü/Drape Det...
[2026-01-09T10:49:50.209Z] [INFO] Fetching details for: https://www.trendyol-milla.com/trendyolmilla/saks-...
[2026-01-09T10:50:05.708Z] [INFO]    🎨 Found 7 color variants.
[2026-01-09T10:50:06.716Z] [INFO] [Page 1] [322/563] Fetching details for: Ekru Viskon/Yumuşak Kumaşlı Fitted Büzgü/Drape Det...
[2026-01-09T10:50:06.805Z] [INFO] Fetching details for: https://www.trendyol-milla.com/trendyolmilla/saks-...
[2026-01-09T10:50:21.377Z] [INFO]    🎨 Found 7 color variants.
[2026-01-09T10:50:22.383Z] [INFO] [Page 1] [323/563] Fetching details for: Ekru Viskon/Yumuşak Kumaşlı Fitted Büzgü/Drape Det...
[2026-01-09T10:50:22.470Z] [INFO] Fetching details for: https://www.trendyol-milla.com/trendyolmilla/kirmi...
[2026-01-09T10:50:36.955Z] [INFO]    🎨 Found 7 color variants.
[2026-01-09T10:50:37.963Z] [INFO] [Page 1] [324/563] Fetching details for: Ekru Viskon/Yumuşak Kumaşlı Fitted Büzgü/Drape Det...
[2026-01-09T10:50:38.052Z] [INFO] Fetching details for: https://www.trendyol-milla.com/trendyolmilla/kirmi...
[2026-01-09T10:50:52.372Z] [INFO]    🎨 Found 7 color variants.
[2026-01-09T10:50:53.377Z] [INFO] [Page 1] [325/563] Fetching details for: Ekru Viskon/Yumuşak Kumaşlı Fitted Büzgü/Drape Det...
[2026-01-09T10:50:53.456Z] [INFO] Fetching details for: https://www.trendyol-milla.com/trendyolmilla/kirmi...
[2026-01-09T10:51:08.284Z] [INFO]    🎨 Found 7 color variants.
[2026-01-09T10:51:09.293Z] [INFO] [Page 1] [326/563] Fetching details for: Ekru Viskon/Yumuşak Kumaşlı Fitted Büzgü/Drape Det...
[2026-01-09T10:51:09.376Z] [INFO] Fetching details for: https://www.trendyol-milla.com/trendyolmilla/kirmi...
[2026-01-09T10:51:24.663Z] [INFO]    🎨 Found 7 color variants.
[2026-01-09T10:51:25.672Z] [INFO] [Page 1] [327/563] Fetching details for: Ekru Viskon/Yumuşak Kumaşlı Fitted Büzgü/Drape Det...
[2026-01-09T10:51:25.756Z] [INFO] Fetching details for: https://www.trendyol-milla.com/trendyolmilla/kirmi...
[2026-01-09T10:51:40.207Z] [INFO]    🎨 Found 7 color variants.
[2026-01-09T10:51:41.212Z] [INFO] [Page 1] [328/563] Fetching details for: Ekru Viskon/Yumuşak Kumaşlı Fitted Büzgü/Drape Det...
[2026-01-09T10:51:41.299Z] [INFO] Fetching details for: https://www.trendyol-milla.com/trendyolmilla/kirmi...
[2026-01-09T10:51:55.462Z] [INFO]    🎨 Found 7 color variants.
[2026-01-09T10:51:56.469Z] [INFO] [Page 1] [329/563] Fetching details for: Ekru Viskon/Yumuşak Kumaşlı Fitted Büzgü/Drape Det...
[2026-01-09T10:51:56.555Z] [INFO] Fetching details for: https://www.trendyol-milla.com/trendyolmilla/kirmi...
[2026-01-09T10:52:11.312Z] [INFO]    🎨 Found 7 color variants.
[2026-01-09T10:52:12.316Z] [INFO] [Page 1] [330/563] Fetching details for: Ekru Viskon/Yumuşak Kumaşlı Fitted Büzgü/Drape Det...
[2026-01-09T10:52:12.404Z] [INFO] Fetching details for: https://www.trendyol-milla.com/trendyolmilla/siyah...
[2026-01-09T10:52:26.864Z] [INFO]    🎨 Found 7 color variants.
[2026-01-09T10:52:27.878Z] [INFO] [Page 1] [331/563] Fetching details for: Ekru Viskon/Yumuşak Kumaşlı Fitted Büzgü/Drape Det...
[2026-01-09T10:52:27.959Z] [INFO] Fetching details for: https://www.trendyol-milla.com/trendyolmilla/siyah...
[2026-01-09T10:52:42.285Z] [INFO]    🎨 Found 7 color variants.
[2026-01-09T10:52:43.301Z] [INFO] [Page 1] [332/563] Fetching details for: Ekru Viskon/Yumuşak Kumaşlı Fitted Büzgü/Drape Det...
[2026-01-09T10:52:43.388Z] [INFO] Fetching details for: https://www.trendyol-milla.com/trendyolmilla/siyah...
[2026-01-09T10:52:58.131Z] [INFO]    🎨 Found 7 color variants.
[2026-01-09T10:52:59.140Z] [INFO] [Page 1] [333/563] Fetching details for: Ekru Viskon/Yumuşak Kumaşlı Fitted Büzgü/Drape Det...
[2026-01-09T10:52:59.222Z] [INFO] Fetching details for: https://www.trendyol-milla.com/trendyolmilla/siyah...
[2026-01-09T10:53:13.984Z] [INFO]    🎨 Found 7 color variants.
[2026-01-09T10:53:14.993Z] [INFO] [Page 1] [334/563] Fetching details for: Ekru Viskon/Yumuşak Kumaşlı Fitted Büzgü/Drape Det...
[2026-01-09T10:53:15.079Z] [INFO] Fetching details for: https://www.trendyol-milla.com/trendyolmilla/siyah...
[2026-01-09T10:53:29.077Z] [INFO]    🎨 Found 7 color variants.
[2026-01-09T10:53:30.082Z] [INFO] [Page 1] [335/563] Fetching details for: Ekru Viskon/Yumuşak Kumaşlı Fitted Büzgü/Drape Det...
[2026-01-09T10:53:30.163Z] [INFO] Fetching details for: https://www.trendyol-milla.com/trendyolmilla/siyah...
[2026-01-09T10:53:45.710Z] [INFO]    🎨 Found 7 color variants.
[2026-01-09T10:53:46.713Z] [INFO] [Page 1] [336/563] Fetching details for: Ekru Viskon/Yumuşak Kumaşlı Fitted Büzgü/Drape Det...
[2026-01-09T10:53:46.804Z] [INFO] Fetching details for: https://www.trendyol-milla.com/trendyolmilla/siyah...
[2026-01-09T10:54:01.101Z] [INFO]    🎨 Found 7 color variants.
[2026-01-09T10:54:02.109Z] [INFO] [Page 1] [337/563] Fetching details for: Ekru Viskon/Yumuşak Kumaşlı Fitted Büzgü/Drape Det...
[2026-01-09T10:54:02.192Z] [INFO] Fetching details for: https://www.trendyol-milla.com/trendyolmilla/yag-y...
[2026-01-09T10:54:16.990Z] [INFO]    🎨 Found 7 color variants.
[2026-01-09T10:54:17.995Z] [INFO] [Page 1] [338/563] Fetching details for: Ekru Viskon/Yumuşak Kumaşlı Fitted Büzgü/Drape Det...
[2026-01-09T10:54:18.074Z] [INFO] Fetching details for: https://www.trendyol-milla.com/trendyolmilla/yag-y...
[2026-01-09T10:54:32.392Z] [INFO]    🎨 Found 7 color variants.
[2026-01-09T10:54:33.405Z] [INFO] [Page 1] [339/563] Fetching details for: Ekru Viskon/Yumuşak Kumaşlı Fitted Büzgü/Drape Det...
[2026-01-09T10:54:33.490Z] [INFO] Fetching details for: https://www.trendyol-milla.com/trendyolmilla/yag-y...
[2026-01-09T10:54:48.365Z] [INFO]    🎨 Found 7 color variants.
[2026-01-09T10:54:49.373Z] [INFO] [Page 1] [340/563] Fetching details for: Ekru Viskon/Yumuşak Kumaşlı Fitted Büzgü/Drape Det...
[2026-01-09T10:54:49.458Z] [INFO] Fetching details for: https://www.trendyol-milla.com/trendyolmilla/yag-y...
[2026-01-09T10:55:03.676Z] [INFO]    🎨 Found 7 color variants.
[2026-01-09T10:55:04.687Z] [INFO] [Page 1] [341/563] Fetching details for: Ekru Viskon/Yumuşak Kumaşlı Fitted Büzgü/Drape Det...
[2026-01-09T10:55:04.775Z] [INFO] Fetching details for: https://www.trendyol-milla.com/trendyolmilla/yag-y...
[2026-01-09T10:55:20.111Z] [INFO]    🎨 Found 7 color variants.
[2026-01-09T10:55:21.117Z] [INFO] [Page 1] [342/563] Fetching details for: Ekru Viskon/Yumuşak Kumaşlı Fitted Büzgü/Drape Det...
[2026-01-09T10:55:21.209Z] [INFO] Fetching details for: https://www.trendyol-milla.com/trendyolmilla/yag-y...
[2026-01-09T10:55:36.603Z] [INFO]    🎨 Found 7 color variants.
[2026-01-09T10:55:37.606Z] [INFO] [Page 1] [343/563] Fetching details for: Ekru Viskon/Yumuşak Kumaşlı Fitted Büzgü/Drape Det...
[2026-01-09T10:55:37.781Z] [INFO] Fetching details for: https://www.trendyol-milla.com/trendyolmilla/yag-y...
[2026-01-09T10:55:51.955Z] [INFO]    🎨 Found 7 color variants.
[2026-01-09T10:55:52.959Z] [INFO] [Page 1] [344/563] Fetching details for: Ekru Viskon/Yumuşak Kumaşlı Fitted Büzgü/Drape Det...
[2026-01-09T10:55:53.049Z] [INFO] Fetching details for: https://www.trendyol-milla.com/trendyolmilla/laciv...
[2026-01-09T10:56:08.003Z] [INFO]    🎨 Found 7 color variants.
[2026-01-09T10:56:09.021Z] [INFO] [Page 1] [345/563] Fetching details for: Ekru Viskon/Yumuşak Kumaşlı Fitted Büzgü/Drape Det...
[2026-01-09T10:56:09.106Z] [INFO] Fetching details for: https://www.trendyol-milla.com/trendyolmilla/laciv...
[2026-01-09T10:56:23.251Z] [INFO]    🎨 Found 7 color variants.
[2026-01-09T10:56:24.264Z] [INFO] [Page 1] [346/563] Fetching details for: Ekru Viskon/Yumuşak Kumaşlı Fitted Büzgü/Drape Det...
[2026-01-09T10:56:24.335Z] [INFO] Fetching details for: https://www.trendyol-milla.com/trendyolmilla/laciv...
[2026-01-09T10:56:39.537Z] [INFO]    🎨 Found 7 color variants.
[2026-01-09T10:56:40.553Z] [INFO] [Page 1] [347/563] Fetching details for: Ekru Viskon/Yumuşak Kumaşlı Fitted Büzgü/Drape Det...
[2026-01-09T10:56:40.644Z] [INFO] Fetching details for: https://www.trendyol-milla.com/trendyolmilla/laciv...
[2026-01-09T10:56:55.816Z] [INFO]    🎨 Found 7 color variants.
[2026-01-09T10:56:56.820Z] [INFO] [Page 1] [348/563] Fetching details for: Ekru Viskon/Yumuşak Kumaşlı Fitted Büzgü/Drape Det...
[2026-01-09T10:56:56.910Z] [INFO] Fetching details for: https://www.trendyol-milla.com/trendyolmilla/laciv...
[2026-01-09T10:57:12.467Z] [INFO]    🎨 Found 7 color variants.
[2026-01-09T10:57:13.475Z] [INFO] [Page 1] [349/563] Fetching details for: Ekru Viskon/Yumuşak Kumaşlı Fitted Büzgü/Drape Det...
[2026-01-09T10:57:13.559Z] [INFO] Fetching details for: https://www.trendyol-milla.com/trendyolmilla/laciv...
[2026-01-09T10:57:27.951Z] [INFO]    🎨 Found 7 color variants.
[2026-01-09T10:57:28.965Z] [INFO] [Page 1] [350/563] Fetching details for: Ekru Viskon/Yumuşak Kumaşlı Fitted Büzgü/Drape Det...
[2026-01-09T10:57:29.057Z] [INFO] Fetching details for: https://www.trendyol-milla.com/trendyolmilla/laciv...
[2026-01-09T10:57:44.480Z] [INFO]    🎨 Found 7 color variants.
[2026-01-09T10:57:45.495Z] [INFO] [Page 1] [351/563] Fetching details for: Ekru Viskon/Yumuşak Kumaşlı Fitted Büzgü/Drape Det...
[2026-01-09T10:57:45.577Z] [INFO] Fetching details for: https://www.trendyol-milla.com/trendyolmilla/kahve...
[2026-01-09T10:58:00.250Z] [INFO]    🎨 Found 7 color variants.
[2026-01-09T10:58:01.259Z] [INFO] [Page 1] [352/563] Fetching details for: Ekru Viskon/Yumuşak Kumaşlı Fitted Büzgü/Drape Det...
[2026-01-09T10:58:01.350Z] [INFO] Fetching details for: https://www.trendyol-milla.com/trendyolmilla/kahve...
[2026-01-09T10:58:15.650Z] [INFO]    🎨 Found 7 color variants.
[2026-01-09T10:58:16.661Z] [INFO] [Page 1] [353/563] Fetching details for: Ekru Viskon/Yumuşak Kumaşlı Fitted Büzgü/Drape Det...
[2026-01-09T10:58:16.752Z] [INFO] Fetching details for: https://www.trendyol-milla.com/trendyolmilla/kahve...
[2026-01-09T10:58:31.010Z] [INFO]    🎨 Found 7 color variants.
[2026-01-09T10:58:32.019Z] [INFO] [Page 1] [354/563] Fetching details for: Ekru Viskon/Yumuşak Kumaşlı Fitted Büzgü/Drape Det...
[2026-01-09T10:58:32.106Z] [INFO] Fetching details for: https://www.trendyol-milla.com/trendyolmilla/kahve...
[2026-01-09T10:58:46.607Z] [INFO]    🎨 Found 7 color variants.
[2026-01-09T10:58:47.609Z] [INFO] [Page 1] [355/563] Fetching details for: Ekru Viskon/Yumuşak Kumaşlı Fitted Büzgü/Drape Det...
[2026-01-09T10:58:47.700Z] [INFO] Fetching details for: https://www.trendyol-milla.com/trendyolmilla/kahve...
[2026-01-09T10:59:03.107Z] [INFO]    🎨 Found 7 color variants.
[2026-01-09T10:59:04.119Z] [INFO] [Page 1] [356/563] Fetching details for: Ekru Viskon/Yumuşak Kumaşlı Fitted Büzgü/Drape Det...
[2026-01-09T10:59:04.204Z] [INFO] Fetching details for: https://www.trendyol-milla.com/trendyolmilla/kahve...
[2026-01-09T10:59:18.557Z] [INFO]    🎨 Found 7 color variants.
[2026-01-09T10:59:19.562Z] [INFO] [Page 1] [357/563] Fetching details for: Ekru Viskon/Yumuşak Kumaşlı Fitted Büzgü/Drape Det...
[2026-01-09T10:59:19.654Z] [INFO] Fetching details for: https://www.trendyol-milla.com/trendyolmilla/kahve...
[2026-01-09T10:59:34.015Z] [INFO]    🎨 Found 7 color variants.
[2026-01-09T10:59:35.028Z] [INFO] [Page 1] [358/563] Fetching details for: Ekru Dantelli Bağlamalı V Yaka Dokuma Bluz TWOAW26...
[2026-01-09T10:59:35.109Z] [INFO] Fetching details for: https://www.trendyol-milla.com/trendyolmilla/siyah...
[2026-01-09T10:59:49.508Z] [INFO]    🎨 Found 1 color variants.
[2026-01-09T10:59:50.512Z] [INFO] [Page 1] [359/563] Fetching details for: Haki Soyut Çiçekli Anvelop Fitted/Vücuda Oturan Tü...
[2026-01-09T10:59:50.586Z] [INFO] Fetching details for: https://www.trendyol-milla.com/trendyolmilla/bordo...
[2026-01-09T11:00:05.764Z] [INFO]    🎨 Found 2 color variants.
[2026-01-09T11:00:06.771Z] [INFO] [Page 1] [360/563] Fetching details for: Haki Soyut Çiçekli Anvelop Fitted/Vücuda Oturan Tü...
[2026-01-09T11:00:06.852Z] [INFO] Fetching details for: https://www.trendyol-milla.com/trendyolmilla/bordo...
[2026-01-09T11:00:22.904Z] [INFO]    🎨 Found 2 color variants.
[2026-01-09T11:00:23.914Z] [INFO] [Page 1] [361/563] Fetching details for: Haki Soyut Çiçekli Anvelop Fitted/Vücuda Oturan Tü...
[2026-01-09T11:00:24.094Z] [INFO] Fetching details for: https://www.trendyol-milla.com/trendyolmilla/teen-...
[2026-01-09T11:00:39.762Z] [INFO]    🎨 Found 2 color variants.
[2026-01-09T11:00:40.774Z] [INFO] [Page 1] [362/563] Fetching details for: Haki Soyut Çiçekli Anvelop Fitted/Vücuda Oturan Tü...
[2026-01-09T11:00:40.857Z] [INFO] Fetching details for: https://www.trendyol-milla.com/trendyolmilla/teen-...
[2026-01-09T11:00:55.485Z] [INFO]    🎨 Found 2 color variants.
[2026-01-09T11:00:56.491Z] [INFO] [Page 1] [363/563] Fetching details for: Siyah  Transparan Dik Yaka Esnek Normal Boy Örme B...
[2026-01-09T11:00:56.572Z] [INFO] Fetching details for: https://www.trendyol-milla.com/trendyolmilla/ekru-...
[2026-01-09T11:01:10.968Z] [INFO]    🎨 Found 7 color variants.
[2026-01-09T11:01:11.982Z] [INFO] [Page 1] [364/563] Fetching details for: Siyah  Transparan Dik Yaka Esnek Normal Boy Örme B...
[2026-01-09T11:01:12.067Z] [INFO] Fetching details for: https://www.trendyol-milla.com/trendyolmilla/ekru-...
[2026-01-09T11:01:27.354Z] [INFO]    🎨 Found 7 color variants.
[2026-01-09T11:01:28.358Z] [INFO] [Page 1] [365/563] Fetching details for: Siyah  Transparan Dik Yaka Esnek Normal Boy Örme B...
[2026-01-09T11:01:28.446Z] [INFO] Fetching details for: https://www.trendyol-milla.com/trendyolmilla/ekru-...
[2026-01-09T11:01:44.195Z] [ERROR] Failed to fetch details for https://www.trendyol-milla.com/trendyolmilla/ekru-transparan-dik-yaka-esnek-normal-boy-orme-bluz-twoaw26bz00266-p-1044004471: Protocol error (Target.closeTarget): Target closed 
[2026-01-09T11:01:44.198Z] [ERROR] Failed to fetch details for https://www.trendyol-milla.com/trendyolmilla/ekru-transparan-dik-yaka-esnek-normal-boy-orme-bluz-twoaw26bz00266-p-1044004471: Connection closed.
[2026-01-09T11:01:45.201Z] [INFO] [Page 1] [366/563] Fetching details for: Siyah  Transparan Dik Yaka Esnek Normal Boy Örme B...
[2026-01-09T11:01:45.205Z] [ERROR] Failed to fetch details for https://www.trendyol-milla.com/trendyolmilla/ekru-transparan-dik-yaka-esnek-normal-boy-orme-bluz-twoaw26bz00266-p-976797048: Connection closed. 
[2026-01-09T11:01:46.216Z] [INFO] [Page 1] [367/563] Fetching details for: Siyah  Transparan Dik Yaka Esnek Normal Boy Örme B...
[2026-01-09T11:01:46.218Z] [ERROR] Failed to fetch details for https://www.trendyol-milla.com/trendyolmilla/ekru-transparan-dik-yaka-esnek-normal-boy-orme-bluz-twoaw26bz00266-p-989505324: Connection closed. 
[2026-01-09T11:01:47.232Z] [INFO] [Page 1] [368/563] Fetching details for: Siyah  Transparan Dik Yaka Esnek Normal Boy Örme B...
[2026-01-09T11:01:47.233Z] [ERROR] Failed to fetch details for https://www.trendyol-milla.com/trendyolmilla/ekru-transparan-dik-yaka-esnek-normal-boy-orme-bluz-twoaw26bz00266-p-1055286491: Connection closed. 
[2026-01-09T12:08:34.830Z] [INFO] [Page 1] [369/563] Fetching details for: Siyah  Transparan Dik Yaka Esnek Normal Boy Örme B...
[2026-01-09T12:08:35.031Z] [ERROR] Failed to fetch details for https://www.trendyol-milla.com/trendyolmilla/ekru-transparan-dik-yaka-esnek-normal-boy-orme-bluz-twoaw26bz00266-p-1025944415: Connection closed. 
[2026-01-09T12:08:36.045Z] [INFO] [Page 1] [370/563] Fetching details for: Siyah  Transparan Dik Yaka Esnek Normal Boy Örme B...
[2026-01-09T12:08:36.145Z] [ERROR] Failed to fetch details for https://www.trendyol-milla.com/trendyolmilla/mor-transparan-dik-yaka-esnek-normal-boy-orme-bluz-twoaw26bz00266-p-989505324: Connection closed. 
[2026-01-09T12:08:37.272Z] [INFO] [Page 1] [371/563] Fetching details for: Siyah  Transparan Dik Yaka Esnek Normal Boy Örme B...
[2026-01-09T12:08:37.318Z] [ERROR] Failed to fetch details for https://www.trendyol-milla.com/trendyolmilla/mor-transparan-dik-yaka-esnek-normal-boy-orme-bluz-twoaw26bz00266-p-1060161182: Connection closed. 
[2026-01-09T12:08:38.425Z] [INFO] [Page 1] [372/563] Fetching details for: Siyah  Transparan Dik Yaka Esnek Normal Boy Örme B...
[2026-01-09T12:08:38.548Z] [ERROR] Failed to fetch details for https://www.trendyol-milla.com/trendyolmilla/mor-transparan-dik-yaka-esnek-normal-boy-orme-bluz-twoaw26bz00266-p-1044004471: Connection closed. 
[2026-01-09T12:08:39.622Z] [INFO] [Page 1] [373/563] Fetching details for: Siyah  Transparan Dik Yaka Esnek Normal Boy Örme B...
[2026-01-09T12:08:39.640Z] [ERROR] Failed to fetch details for https://www.trendyol-milla.com/trendyolmilla/mor-transparan-dik-yaka-esnek-normal-boy-orme-bluz-twoaw26bz00266-p-1055286491: Connection closed. 
[2026-01-09T12:08:40.665Z] [INFO] [Page 1] [374/563] Fetching details for: Siyah  Transparan Dik Yaka Esnek Normal Boy Örme B...
[2026-01-09T12:08:40.667Z] [ERROR] Failed to fetch details for https://www.trendyol-milla.com/trendyolmilla/mor-transparan-dik-yaka-esnek-normal-boy-orme-bluz-twoaw26bz00266-p-976797048: Connection closed. 
[2026-01-09T12:08:41.673Z] [INFO] [Page 1] [375/563] Fetching details for: Siyah  Transparan Dik Yaka Esnek Normal Boy Örme B...
[2026-01-09T12:08:41.675Z] [ERROR] Failed to fetch details for https://www.trendyol-milla.com/trendyolmilla/mor-transparan-dik-yaka-esnek-normal-boy-orme-bluz-twoaw26bz00266-p-976797047: Connection closed. 
[2026-01-09T12:08:42.682Z] [INFO] [Page 1] [376/563] Fetching details for: Siyah  Transparan Dik Yaka Esnek Normal Boy Örme B...
[2026-01-09T12:08:42.684Z] [ERROR] Failed to fetch details for https://www.trendyol-milla.com/trendyolmilla/mor-transparan-dik-yaka-esnek-normal-boy-orme-bluz-twoaw26bz00266-p-1025944415: Connection closed. 
[2026-01-09T12:08:43.687Z] [INFO] [Page 1] [377/563] Fetching details for: Siyah  Transparan Dik Yaka Esnek Normal Boy Örme B...
[2026-01-09T12:08:43.688Z] [ERROR] Failed to fetch details for https://www.trendyol-milla.com/trendyolmilla/gri-melanj-transparan-dik-yaka-esnek-normal-boy-orme-bluz-twoaw26bz00266-p-976797047: Connection closed. 
[2026-01-09T12:08:44.698Z] [INFO] [Page 1] [378/563] Fetching details for: Siyah  Transparan Dik Yaka Esnek Normal Boy Örme B...
[2026-01-09T12:08:44.710Z] [ERROR] Failed to fetch details for https://www.trendyol-milla.com/trendyolmilla/gri-melanj-transparan-dik-yaka-esnek-normal-boy-orme-bluz-twoaw26bz00266-p-1060161182: Connection closed. 
[2026-01-09T12:08:45.717Z] [INFO] [Page 1] [379/563] Fetching details for: Siyah  Transparan Dik Yaka Esnek Normal Boy Örme B...
[2026-01-09T12:08:45.720Z] [ERROR] Failed to fetch details for https://www.trendyol-milla.com/trendyolmilla/gri-melanj-transparan-dik-yaka-esnek-normal-boy-orme-bluz-twoaw26bz00266-p-976797048: Connection closed. 
[2026-01-09T12:08:46.730Z] [INFO] [Page 1] [380/563] Fetching details for: Siyah  Transparan Dik Yaka Esnek Normal Boy Örme B...
[2026-01-09T12:08:46.731Z] [ERROR] Failed to fetch details for https://www.trendyol-milla.com/trendyolmilla/gri-melanj-transparan-dik-yaka-esnek-normal-boy-orme-bluz-twoaw26bz00266-p-1055286491: Connection closed. 
[2026-01-09T12:08:47.732Z] [INFO] [Page 1] [381/563] Fetching details for: Siyah  Transparan Dik Yaka Esnek Normal Boy Örme B...
[2026-01-09T12:08:47.733Z] [ERROR] Failed to fetch details for https://www.trendyol-milla.com/trendyolmilla/gri-melanj-transparan-dik-yaka-esnek-normal-boy-orme-bluz-twoaw26bz00266-p-989505324: Connection closed. 
[2026-01-09T12:08:48.737Z] [INFO] [Page 1] [382/563] Fetching details for: Siyah  Transparan Dik Yaka Esnek Normal Boy Örme B...
[2026-01-09T12:08:48.738Z] [ERROR] Failed to fetch details for https://www.trendyol-milla.com/trendyolmilla/gri-melanj-transparan-dik-yaka-esnek-normal-boy-orme-bluz-twoaw26bz00266-p-1025944415: Connection closed. 
[2026-01-09T12:08:49.750Z] [INFO] [Page 1] [383/563] Fetching details for: Siyah  Transparan Dik Yaka Esnek Normal Boy Örme B...
[2026-01-09T12:08:49.751Z] [ERROR] Failed to fetch details for https://www.trendyol-milla.com/trendyolmilla/gri-melanj-transparan-dik-yaka-esnek-normal-boy-orme-bluz-twoaw26bz00266-p-1060328325: Connection closed. 
[2026-01-09T12:08:50.759Z] [INFO] [Page 1] [384/563] Fetching details for: Siyah  Transparan Dik Yaka Esnek Normal Boy Örme B...
[2026-01-09T12:08:50.760Z] [ERROR] Failed to fetch details for https://www.trendyol-milla.com/trendyolmilla/zumrut-yesili-transparan-dik-yaka-esnek-normal-boy-orme-bluz-twoaw26bz00266-p-1055286491: Connection closed. 
[2026-01-09T12:08:51.772Z] [INFO] [Page 1] [385/563] Fetching details for: Siyah  Transparan Dik Yaka Esnek Normal Boy Örme B...
[2026-01-09T12:08:51.773Z] [ERROR] Failed to fetch details for https://www.trendyol-milla.com/trendyolmilla/zumrut-yesili-transparan-dik-yaka-esnek-normal-boy-orme-bluz-twoaw26bz00266-p-976797048: Connection closed. 
[2026-01-09T12:08:52.778Z] [INFO] [Page 1] [386/563] Fetching details for: Siyah  Transparan Dik Yaka Esnek Normal Boy Örme B...
[2026-01-09T12:08:52.781Z] [ERROR] Failed to fetch details for https://www.trendyol-milla.com/trendyolmilla/zumrut-yesili-transparan-dik-yaka-esnek-normal-boy-orme-bluz-twoaw26bz00266-p-1025944415: Connection closed. 
[2026-01-09T12:08:53.795Z] [INFO] [Page 1] [387/563] Fetching details for: Siyah  Transparan Dik Yaka Esnek Normal Boy Örme B...
[2026-01-09T12:08:53.796Z] [ERROR] Failed to fetch details for https://www.trendyol-milla.com/trendyolmilla/zumrut-yesili-transparan-dik-yaka-esnek-normal-boy-orme-bluz-twoaw26bz00266-p-1060328325: Connection closed. 
[2026-01-09T12:08:54.801Z] [INFO] [Page 1] [388/563] Fetching details for: Siyah  Transparan Dik Yaka Esnek Normal Boy Örme B...
[2026-01-09T12:08:54.803Z] [ERROR] Failed to fetch details for https://www.trendyol-milla.com/trendyolmilla/zumrut-yesili-transparan-dik-yaka-esnek-normal-boy-orme-bluz-twoaw26bz00266-p-976797047: Connection closed. 
[2026-01-09T12:08:55.816Z] [INFO] [Page 1] [389/563] Fetching details for: Siyah  Transparan Dik Yaka Esnek Normal Boy Örme B...
[2026-01-09T12:08:55.817Z] [ERROR] Failed to fetch details for https://www.trendyol-milla.com/trendyolmilla/zumrut-yesili-transparan-dik-yaka-esnek-normal-boy-orme-bluz-twoaw26bz00266-p-1044004471: Connection closed. 
[2026-01-09T12:08:56.827Z] [INFO] [Page 1] [390/563] Fetching details for: Siyah  Transparan Dik Yaka Esnek Normal Boy Örme B...
[2026-01-09T12:08:56.828Z] [ERROR] Failed to fetch details for https://www.trendyol-milla.com/trendyolmilla/zumrut-yesili-transparan-dik-yaka-esnek-normal-boy-orme-bluz-twoaw26bz00266-p-989505324: Connection closed. 
[2026-01-09T12:08:57.840Z] [INFO] [Page 1] [391/563] Fetching details for: Siyah  Transparan Dik Yaka Esnek Normal Boy Örme B...
[2026-01-09T12:08:57.842Z] [ERROR] Failed to fetch details for https://www.trendyol-milla.com/trendyolmilla/antrasit-transparan-dik-yaka-esnek-normal-boy-orme-bluz-twoaw26bz00266-p-976797048: Connection closed. 
[2026-01-09T12:08:58.854Z] [INFO] [Page 1] [392/563] Fetching details for: Siyah  Transparan Dik Yaka Esnek Normal Boy Örme B...
[2026-01-09T12:08:58.859Z] [ERROR] Failed to fetch details for https://www.trendyol-milla.com/trendyolmilla/antrasit-transparan-dik-yaka-esnek-normal-boy-orme-bluz-twoaw26bz00266-p-1025944415: Connection closed. 
[2026-01-09T12:08:59.864Z] [INFO] [Page 1] [393/563] Fetching details for: Siyah  Transparan Dik Yaka Esnek Normal Boy Örme B...
[2026-01-09T12:08:59.865Z] [ERROR] Failed to fetch details for https://www.trendyol-milla.com/trendyolmilla/antrasit-transparan-dik-yaka-esnek-normal-boy-orme-bluz-twoaw26bz00266-p-1060328325: Connection closed. 
[2026-01-09T12:09:00.876Z] [INFO] [Page 1] [394/563] Fetching details for: Siyah  Transparan Dik Yaka Esnek Normal Boy Örme B...
[2026-01-09T12:09:00.877Z] [ERROR] Failed to fetch details for https://www.trendyol-milla.com/trendyolmilla/antrasit-transparan-dik-yaka-esnek-normal-boy-orme-bluz-twoaw26bz00266-p-976797047: Connection closed. 
[2026-01-09T12:09:01.884Z] [INFO] [Page 1] [395/563] Fetching details for: Siyah  Transparan Dik Yaka Esnek Normal Boy Örme B...
[2026-01-09T12:09:01.885Z] [ERROR] Failed to fetch details for https://www.trendyol-milla.com/trendyolmilla/antrasit-transparan-dik-yaka-esnek-normal-boy-orme-bluz-twoaw26bz00266-p-1060161182: Connection closed. 
[2026-01-09T12:09:02.897Z] [INFO] [Page 1] [396/563] Fetching details for: Siyah  Transparan Dik Yaka Esnek Normal Boy Örme B...
[2026-01-09T12:09:02.899Z] [ERROR] Failed to fetch details for https://www.trendyol-milla.com/trendyolmilla/antrasit-transparan-dik-yaka-esnek-normal-boy-orme-bluz-twoaw26bz00266-p-989505324: Connection closed. 
[2026-01-09T12:09:03.905Z] [INFO] [Page 1] [397/563] Fetching details for: Siyah  Transparan Dik Yaka Esnek Normal Boy Örme B...
[2026-01-09T12:09:03.906Z] [ERROR] Failed to fetch details for https://www.trendyol-milla.com/trendyolmilla/antrasit-transparan-dik-yaka-esnek-normal-boy-orme-bluz-twoaw26bz00266-p-1044004471: Connection closed. 
[2026-01-09T12:09:04.916Z] [INFO] [Page 1] [398/563] Fetching details for: Siyah  Transparan Dik Yaka Esnek Normal Boy Örme B...
[2026-01-09T12:09:04.917Z] [ERROR] Failed to fetch details for https://www.trendyol-milla.com/trendyolmilla/kahverengi-transparan-dik-yaka-esnek-normal-boy-orme-bluz-twoaw26bz00266-p-1060328325: Connection closed. 
[2026-01-09T12:09:05.926Z] [INFO] [Page 1] [399/563] Fetching details for: Siyah  Transparan Dik Yaka Esnek Normal Boy Örme B...
[2026-01-09T12:09:05.927Z] [ERROR] Failed to fetch details for https://www.trendyol-milla.com/trendyolmilla/kahverengi-transparan-dik-yaka-esnek-normal-boy-orme-bluz-twoaw26bz00266-p-1044004471: Connection closed. 
[2026-01-09T12:09:06.941Z] [INFO] [Page 1] [400/563] Fetching details for: Siyah  Transparan Dik Yaka Esnek Normal Boy Örme B...
[2026-01-09T12:09:06.942Z] [ERROR] Failed to fetch details for https://www.trendyol-milla.com/trendyolmilla/kahverengi-transparan-dik-yaka-esnek-normal-boy-orme-bluz-twoaw26bz00266-p-1055286491: Connection closed. 
[2026-01-09T12:09:07.955Z] [INFO] [Page 1] [401/563] Fetching details for: Siyah  Transparan Dik Yaka Esnek Normal Boy Örme B...
[2026-01-09T12:09:07.956Z] [ERROR] Failed to fetch details for https://www.trendyol-milla.com/trendyolmilla/kahverengi-transparan-dik-yaka-esnek-normal-boy-orme-bluz-twoaw26bz00266-p-1060161182: Connection closed. 
[2026-01-09T12:09:08.967Z] [INFO] [Page 1] [402/563] Fetching details for: Siyah  Transparan Dik Yaka Esnek Normal Boy Örme B...
[2026-01-09T12:09:08.969Z] [ERROR] Failed to fetch details for https://www.trendyol-milla.com/trendyolmilla/kahverengi-transparan-dik-yaka-esnek-normal-boy-orme-bluz-twoaw26bz00266-p-976797048: Connection closed. 
[2026-01-09T12:09:09.982Z] [INFO] [Page 1] [403/563] Fetching details for: Siyah  Transparan Dik Yaka Esnek Normal Boy Örme B...
[2026-01-09T12:09:09.984Z] [ERROR] Failed to fetch details for https://www.trendyol-milla.com/trendyolmilla/kahverengi-transparan-dik-yaka-esnek-normal-boy-orme-bluz-twoaw26bz00266-p-1025944415: Connection closed. 
[2026-01-09T12:09:10.987Z] [INFO] [Page 1] [404/563] Fetching details for: Siyah  Transparan Dik Yaka Esnek Normal Boy Örme B...
[2026-01-09T12:09:10.988Z] [ERROR] Failed to fetch details for https://www.trendyol-milla.com/trendyolmilla/kahverengi-transparan-dik-yaka-esnek-normal-boy-orme-bluz-twoaw26bz00266-p-976797047: Connection closed. 
[2026-01-09T12:09:11.997Z] [INFO] [Page 1] [405/563] Fetching details for: Antrasit Regular/Normal Kalıp Yarım Patlı Selanik ...
[2026-01-09T12:09:11.999Z] [ERROR] Failed to fetch details for https://www.trendyol-milla.com/trendyolmilla/bordo-regular-normal-kalip-yarim-patli-selanik-kalin-orme-bluz-twoaw26bz00252-p-974412503: Connection closed. 
[2026-01-09T12:09:13.013Z] [INFO] [Page 1] [406/563] Fetching details for: Kahverengi Büzgülü Kare Yaka Vücuda Oturan Esnek Ö...
[2026-01-09T12:09:13.014Z] [ERROR] Failed to fetch details for https://www.trendyol-milla.com/trendyolmilla/zumrut-yesili-buzgulu-kare-yaka-vucuda-oturan-esnek-orme-bluz-twoss24bz00487-p-807164929: Connection closed. 
[2026-01-09T12:09:14.021Z] [INFO] [Page 1] [407/563] Fetching details for: Kahverengi Büzgülü Kare Yaka Vücuda Oturan Esnek Ö...
[2026-01-09T12:09:14.022Z] [ERROR] Failed to fetch details for https://www.trendyol-milla.com/trendyolmilla/zumrut-yesili-buzgulu-kare-yaka-vucuda-oturan-esnek-orme-bluz-twoss24bz00487-p-888034034: Connection closed. 
[2026-01-09T12:09:15.035Z] [INFO] [Page 1] [408/563] Fetching details for: Kahverengi Büzgülü Kare Yaka Vücuda Oturan Esnek Ö...
[2026-01-09T12:09:15.037Z] [ERROR] Failed to fetch details for https://www.trendyol-milla.com/trendyolmilla/zumrut-yesili-buzgulu-kare-yaka-vucuda-oturan-esnek-orme-bluz-twoss24bz00487-p-864963086: Connection closed. 
[2026-01-09T12:09:16.047Z] [INFO] [Page 1] [409/563] Fetching details for: Kahverengi Büzgülü Kare Yaka Vücuda Oturan Esnek Ö...
[2026-01-09T12:09:16.048Z] [ERROR] Failed to fetch details for https://www.trendyol-milla.com/trendyolmilla/zumrut-yesili-buzgulu-kare-yaka-vucuda-oturan-esnek-orme-bluz-twoss24bz00487-p-822686021: Connection closed. 
[2026-01-09T12:09:17.060Z] [INFO] [Page 1] [410/563] Fetching details for: Kahverengi Büzgülü Kare Yaka Vücuda Oturan Esnek Ö...
[2026-01-09T12:09:17.061Z] [ERROR] Failed to fetch details for https://www.trendyol-milla.com/trendyolmilla/murdum-buzgulu-kare-yaka-vucuda-oturan-esnek-orme-bluz-twoss24bz00487-p-879009622: Connection closed. 
[2026-01-09T12:09:18.071Z] [INFO] [Page 1] [411/563] Fetching details for: Kahverengi Büzgülü Kare Yaka Vücuda Oturan Esnek Ö...
[2026-01-09T12:09:18.073Z] [ERROR] Failed to fetch details for https://www.trendyol-milla.com/trendyolmilla/murdum-buzgulu-kare-yaka-vucuda-oturan-esnek-orme-bluz-twoss24bz00487-p-807164929: Connection closed. 
[2026-01-09T12:09:19.083Z] [INFO] [Page 1] [412/563] Fetching details for: Kahverengi Büzgülü Kare Yaka Vücuda Oturan Esnek Ö...
[2026-01-09T12:09:19.085Z] [ERROR] Failed to fetch details for https://www.trendyol-milla.com/trendyolmilla/murdum-buzgulu-kare-yaka-vucuda-oturan-esnek-orme-bluz-twoss24bz00487-p-864963086: Connection closed. 
[2026-01-09T12:09:20.100Z] [INFO] [Page 1] [413/563] Fetching details for: Kahverengi Büzgülü Kare Yaka Vücuda Oturan Esnek Ö...
[2026-01-09T12:09:20.101Z] [ERROR] Failed to fetch details for https://www.trendyol-milla.com/trendyolmilla/siyah-buzgulu-kare-yaka-vucuda-oturan-esnek-orme-bluz-twoss24bz00487-p-822686021: Connection closed. 
[2026-01-09T12:09:21.111Z] [INFO] [Page 1] [414/563] Fetching details for: Kahverengi Büzgülü Kare Yaka Vücuda Oturan Esnek Ö...
[2026-01-09T12:09:21.113Z] [ERROR] Failed to fetch details for https://www.trendyol-milla.com/trendyolmilla/siyah-buzgulu-kare-yaka-vucuda-oturan-esnek-orme-bluz-twoss24bz00487-p-864963086: Connection closed. 
[2026-01-09T12:09:22.122Z] [INFO] [Page 1] [415/563] Fetching details for: Kahverengi Büzgülü Kare Yaka Vücuda Oturan Esnek Ö...
[2026-01-09T12:09:22.124Z] [ERROR] Failed to fetch details for https://www.trendyol-milla.com/trendyolmilla/siyah-buzgulu-kare-yaka-vucuda-oturan-esnek-orme-bluz-twoss24bz00487-p-879009622: Connection closed. 
[2026-01-09T12:09:23.132Z] [INFO] [Page 1] [416/563] Fetching details for: Siyah Fitted/Vücuda Oturan Reglan Kol Dantel Uzun ...
[2026-01-09T12:09:23.134Z] [ERROR] Failed to fetch details for https://www.trendyol-milla.com/trendyolmilla/ekru-fitted-vucuda-oturan-reglan-kol-dantel-uzun-kollu-esnek-orme-bluz-twoaw26bz00048-p-938109274: Connection closed. 
[2026-01-09T12:09:24.147Z] [INFO] [Page 1] [417/563] Fetching details for: Siyah Fitted/Vücuda Oturan Reglan Kol Dantel Uzun ...
[2026-01-09T12:09:24.148Z] [ERROR] Failed to fetch details for https://www.trendyol-milla.com/trendyolmilla/ekru-fitted-vucuda-oturan-reglan-kol-dantel-uzun-kollu-esnek-orme-bluz-twoaw26bz00048-p-984098913: Connection closed. 
[2026-01-09T12:09:25.160Z] [INFO] [Page 1] [418/563] Fetching details for: Siyah Fitted/Vücuda Oturan Reglan Kol Dantel Uzun ...
[2026-01-09T12:09:25.161Z] [ERROR] Failed to fetch details for https://www.trendyol-milla.com/trendyolmilla/kahverengi-fitted-vucuda-oturan-reglan-kol-dantel-uzun-kollu-esnek-orme-bluz-twoaw26bz00048-p-938109274: Connection closed. 
